,country,year,donations,receipts,net_donations,,
1,Afghanistan,2016,22,0,22,,1147494
2,Afghanistan,2015,20,0,20,,
3,Afghanistan,2014,19,0,19,,
4,Afghanistan,2013,16,0,16,,
5,Afghanistan,2012,12,0,12,,
6,Afghanistan,2011,5,0,5,,
7,Afghanistan,2010,9,0,9,,
8,Afghanistan,2009,8,0,8,,
9,Afghanistan,2008,8,0,8,,
10,Afghanistan,2007,9,0,9,,
11,Afghanistan,2006,6,0,6,,
12,Afghanistan,2005,13,0,13,,
13,Afghanistan,2004,31,0,31,,
14,Afghanistan,2003,49,0,46,,
15,Afghanistan,2002,47,0,44,,
16,Afghanistan,2001,48,0,45,,
17,Afghanistan,2000,58,0,49,,
18,Afghanistan,1999,550,0,92,,
19,Afghanistan,1998,550,0,92,,
20,Afghanistan,1997,550,0,92,,
21,Afghanistan,1996,550,0,92,,
22,Afghanistan,1995,550,0,92,,
23,Afghanistan,1994,550,0,92,,
24,Afghanistan,1993,550,0,92,,
25,Afghanistan,1992,90,0,60,,
26,Afghanistan,1991,100,0,64,,
27,Afghanistan,1990,300,0,82,,
28,Afghanistan,1989,50,0,47,,
29,Afghanistan,1988,50,0,47,,
30,Afghanistan,1987,0,0,0,,
31,Afghanistan,1986,100,0,64,,
32,Afghanistan,1985,0,0,0,,
33,Afghanistan,1984,0,0,0,,
34,Afghanistan,1983,0,0,0,,
35,Afghanistan,1982,0,0,0,,
36,Afghanistan,1981,0,0,0,,
37,Afghanistan,1980,0,0,0,,
38,Afghanistan,1979,0,0,0,,
39,Afghanistan,1978,0,0,0,,
40,Afghanistan,1977,0,0,0,,
41,Afghanistan,1976,0,0,0,,
42,Algeria,2016,1,0,1,,
43,Algeria,2015,0,0,0,,
44,Algeria,2014,0,0,0,,
45,Algeria,2013,0,0,0,,
46,Algeria,2012,0,0,0,,
47,Algeria,2011,2,0,2,,
48,Algeria,2010,4,0,4,,
49,Algeria,2009,4,0,4,,
50,Algeria,2008,4,0,4,,
51,Algeria,2007,4,0,4,,
52,Algeria,2006,5,0,5,,
53,Algeria,2005,11,0,11,,
54,Algeria,2004,21,0,21,,
55,Algeria,2003,27,0,27,,
56,Algeria,2002,36,0,36,,
57,Algeria,2001,38,0,38,,
58,Algeria,2000,46,0,43,,
59,Algeria,1999,76,0,56,,
60,Algeria,1998,54,0,48,,
61,Algeria,1997,0,0,0,,
62,Algeria,1996,0,0,0,,
63,Algeria,1995,0,0,0,,
64,Algeria,1994,0,0,0,,
65,Algeria,1993,0,0,0,,
66,Algeria,1992,0,0,0,,
67,Algeria,1991,0,0,0,,
68,Algeria,1990,0,0,0,,
69,Algeria,1989,0,0,0,,
70,Algeria,1988,0,0,0,,
71,Algeria,1987,0,0,0,,
72,Algeria,1986,0,0,0,,
73,Algeria,1985,0,0,0,,
74,Algeria,1984,0,0,0,,
75,Algeria,1983,0,0,0,,
76,Algeria,1982,0,0,0,,
77,Algeria,1981,0,0,0,,
78,Algeria,1980,0,0,0,,
79,Algeria,1979,0,0,0,,
80,Algeria,1978,0,0,0,,
81,Algeria,1977,0,0,0,,
82,Algeria,1976,0,0,0,,
83,Armenia,2016,0,0,0,,
84,Armenia,2015,0,0,0,,
85,Armenia,2014,0,0,0,,
86,Armenia,2013,0,0,0,,
87,Armenia,2012,1,0,1,,
88,Armenia,2011,1,0,1,,
89,Armenia,2010,1,0,1,,
90,Armenia,2009,0,0,0,,
91,Armenia,2008,0,0,0,,
92,Armenia,2007,0,0,0,,
93,Armenia,2006,0,0,0,,
94,Armenia,2005,0,0,0,,
95,Armenia,2004,0,0,0,,
96,Armenia,2003,0,0,0,,
97,Armenia,2002,0,0,0,,
98,Armenia,2001,0,0,0,,
99,Armenia,2000,0,0,0,,
100,Armenia,1999,0,0,0,,
101,Armenia,1998,0,0,0,,
102,Armenia,1997,0,0,0,,
103,Armenia,1996,0,0,0,,
104,Armenia,1995,0,0,0,,
105,Armenia,1994,0,0,0,,
106,Armenia,1993,0,0,0,,
107,Armenia,1992,0,0,0,,
108,Armenia,1991,0,0,0,,
109,Armenia,1990,0,0,0,,
110,Armenia,1989,0,0,0,,
111,Armenia,1988,300,0,82,,
112,Armenia,1987,300,0,82,,
113,Armenia,1986,300,0,82,,
114,Armenia,1985,300,0,82,,
115,Armenia,1984,300,0,82,,
116,Armenia,1983,300,0,82,,
117,Armenia,1982,300,0,82,,
118,Armenia,1981,300,0,82,,
119,Armenia,1980,300,0,82,,
120,Armenia,1979,300,0,82,,
121,Armenia,1978,0,0,0,,
122,Armenia,1977,0,0,0,,
123,Armenia,1976,0,0,0,,
124,Bahrain,2016,24,0,24,,
125,Bahrain,2015,19,0,19,,
126,Bahrain,2014,9,0,9,,
127,Bahrain,2013,0,0,0,,
128,Bahrain,2012,1,0,1,,
129,Bahrain,2011,0,0,0,,
130,Bahrain,2010,0,0,0,,
131,Bahrain,2009,0,0,0,,
132,Bahrain,2008,0,0,0,,
133,Bahrain,2007,0,0,0,,
134,Bahrain,2006,0,0,0,,
135,Bahrain,2005,0,0,0,,
136,Bahrain,2004,1,0,1,,
137,Bahrain,2003,1,0,1,,
138,Bahrain,2002,3,0,3,,
139,Bahrain,2001,3,0,3,,
140,Bahrain,2000,0,0,0,,
141,Bahrain,1999,0,0,0,,
142,Bahrain,1998,0,0,0,,
143,Bahrain,1997,0,0,0,,
144,Bahrain,1996,0,0,0,,
145,Bahrain,1995,0,0,0,,
146,Bahrain,1994,0,0,0,,
147,Bahrain,1993,0,0,0,,
148,Bahrain,1992,0,0,0,,
149,Bahrain,1991,0,0,0,,
150,Bahrain,1990,0,0,0,,
151,Bahrain,1989,0,0,0,,
152,Bahrain,1988,0,0,0,,
153,Bahrain,1987,0,0,0,,
154,Bahrain,1986,0,0,0,,
155,Bahrain,1985,0,0,0,,
156,Bahrain,1984,0,0,0,,
157,Bahrain,1983,0,0,0,,
158,Bahrain,1982,0,0,0,,
159,Bahrain,1981,0,0,0,,
160,Bahrain,1980,0,0,0,,
161,Bahrain,1979,0,0,0,,
162,Bahrain,1978,0,0,0,,
163,Bahrain,1977,0,0,0,,
164,Bahrain,1976,0,0,0,,
165,Bangladesh,2016,0,0,0,,
166,Bangladesh,2015,0,0,0,,
167,Bangladesh,2014,0,0,0,,
168,Bangladesh,2013,0,0,0,,
169,Bangladesh,2012,2,0,2,,
170,Bangladesh,2011,1,0,1,,
171,Bangladesh,2010,0,0,0,,
172,Bangladesh,2009,0,0,0,,
173,Bangladesh,2008,0,0,0,,
174,Bangladesh,2007,0,0,0,,
175,Bangladesh,2006,0,0,0,,
176,Bangladesh,2005,0,0,0,,
177,Bangladesh,2004,0,0,0,,
178,Bangladesh,2003,0,0,0,,
179,Bangladesh,2002,0,0,0,,
180,Bangladesh,2001,0,0,0,,
181,Bangladesh,2000,0,0,0,,
182,Bangladesh,1999,0,0,0,,
183,Bangladesh,1998,0,0,0,,
184,Bangladesh,1997,0,0,0,,
185,Bangladesh,1996,0,0,0,,
186,Bangladesh,1995,0,0,0,,
187,Bangladesh,1994,0,0,0,,
188,Bangladesh,1993,0,0,0,,
189,Bangladesh,1992,0,0,0,,
190,Bangladesh,1991,0,0,0,,
191,Bangladesh,1990,0,0,0,,
192,Bangladesh,1989,0,0,0,,
193,Bangladesh,1988,0,0,0,,
194,Bangladesh,1987,0,0,0,,
195,Bangladesh,1986,0,0,0,,
196,Bangladesh,1985,0,0,0,,
197,Bangladesh,1984,0,0,0,,
198,Bangladesh,1983,0,0,0,,
199,Bangladesh,1982,0,0,0,,
200,Bangladesh,1981,0,0,0,,
201,Bangladesh,1980,0,0,0,,
202,Bangladesh,1979,0,0,0,,
203,Bangladesh,1978,0,0,0,,
204,Bangladesh,1977,0,0,0,,
205,Bangladesh,1976,0,0,0,,
206,Burundi,2016,0,0,0,,
207,Burundi,2015,0,0,0,,
208,Burundi,2014,0,0,0,,
209,Burundi,2013,0,0,0,,
210,Burundi,2012,0,0,0,,
211,Burundi,2011,0,0,0,,
212,Burundi,2010,0,0,0,,
213,Burundi,2009,0,0,0,,
214,Burundi,2008,0,0,0,,
215,Burundi,2007,0,0,0,,
216,Burundi,2006,0,0,0,,
217,Burundi,2005,0,0,0,,
218,Burundi,2004,1,0,1,,
219,Burundi,2003,4,0,4,,
220,Burundi,2002,5,0,5,,
221,Burundi,2001,7,0,7,,
222,Burundi,2000,0,0,0,,
223,Burundi,1999,0,0,0,,
224,Burundi,1998,0,0,0,,
225,Burundi,1997,0,0,0,,
226,Burundi,1996,0,0,0,,
227,Burundi,1995,0,0,0,,
228,Burundi,1994,0,0,0,,
229,Burundi,1993,0,0,0,,
230,Burundi,1992,0,0,0,,
231,Burundi,1991,0,0,0,,
232,Burundi,1990,0,0,0,,
233,Burundi,1989,0,0,0,,
234,Burundi,1988,0,0,0,,
235,Burundi,1987,0,0,0,,
236,Burundi,1986,0,0,0,,
237,Burundi,1985,0,0,0,,
238,Burundi,1984,0,0,0,,
239,Burundi,1983,0,0,0,,
240,Burundi,1982,0,0,0,,
241,Burundi,1981,0,0,0,,
242,Burundi,1980,0,0,0,,
243,Burundi,1979,0,0,0,,
244,Burundi,1978,0,0,0,,
245,Burundi,1977,0,0,0,,
246,Burundi,1976,0,0,0,,
247,Canada,2016,0,0,0,,
248,Canada,2015,0,0,0,,
249,Canada,2014,0,0,0,,
250,Canada,2013,0,0,0,,
251,Canada,2012,4,0,4,,
252,Canada,2011,4,0,4,,
253,Canada,2010,0,0,0,,
254,Canada,2009,0,0,0,,
255,Canada,2008,0,0,0,,
256,Canada,2007,0,0,0,,
257,Canada,2006,0,0,0,,
258,Canada,2005,0,0,0,,
259,Canada,2004,0,0,0,,
260,Canada,2003,0,0,0,,
261,Canada,2002,0,0,0,,
262,Canada,2001,0,0,0,,
263,Canada,2000,0,0,0,,
264,Canada,1999,0,0,0,,
265,Canada,1998,0,0,0,,
266,Canada,1997,0,0,0,,
267,Canada,1996,0,0,0,,
268,Canada,1995,0,0,0,,
269,Canada,1994,0,0,0,,
270,Canada,1993,0,0,0,,
271,Canada,1992,0,0,0,,
272,Canada,1991,0,0,0,,
273,Canada,1990,0,0,0,,
274,Canada,1989,0,0,0,,
275,Canada,1988,0,0,0,,
276,Canada,1987,0,0,0,,
277,Canada,1986,0,0,0,,
278,Canada,1985,0,0,0,,
279,Canada,1984,0,0,0,,
280,Canada,1983,0,0,0,,
281,Canada,1982,0,0,0,,
282,Canada,1981,0,0,0,,
283,Canada,1980,0,0,0,,
284,Canada,1979,0,0,0,,
285,Canada,1978,0,0,0,,
286,Canada,1977,0,0,0,,
287,Canada,1976,0,0,0,,
288,Chad,2016,0,0,0,,
289,Chad,2015,0,0,0,,
290,Chad,2014,0,0,0,,
291,Chad,2013,0,0,0,,
292,Chad,2012,0,0,0,,
293,Chad,2011,0,0,0,,
294,Chad,2010,0,0,0,,
295,Chad,2009,0,0,0,,
296,Chad,2008,0,0,0,,
297,Chad,2007,0,0,0,,
298,Chad,2006,0,0,0,,
299,Chad,2005,0,0,0,,
300,Chad,2004,1,0,1,,
301,Chad,2003,2,0,2,,
302,Chad,2002,3,0,3,,
303,Chad,2001,3,0,3,,
304,Chad,2000,0,0,0,,
305,Chad,1999,0,0,0,,
306,Chad,1998,0,0,0,,
307,Chad,1997,0,0,0,,
308,Chad,1996,0,0,0,,
309,Chad,1995,0,0,0,,
310,Chad,1994,0,0,0,,
311,Chad,1993,0,0,0,,
312,Chad,1992,0,0,0,,
313,Chad,1991,0,0,0,,
314,Chad,1990,0,0,0,,
315,Chad,1989,0,0,0,,
316,Chad,1988,0,0,0,,
317,Chad,1987,0,0,0,,
318,Chad,1986,0,0,0,,
319,Chad,1985,0,0,0,,
320,Chad,1984,0,0,0,,
321,Chad,1983,0,0,0,,
322,Chad,1982,0,0,0,,
323,Chad,1981,0,0,0,,
324,Chad,1980,0,0,0,,
325,Chad,1979,0,0,0,,
326,Chad,1978,0,0,0,,
327,Chad,1977,0,0,0,,
328,Chad,1976,0,0,0,,
329,Congo,2016,5,0,5,,
330,Congo,2015,5,0,5,,
331,Congo,2014,2,0,2,,
332,Congo,2013,3,0,3,,
333,Congo,2012,0,0,0,,
334,Congo,2011,1,0,1,,
335,Congo,2010,0,0,0,,
336,Congo,2009,0,0,0,,
337,Congo,2008,0,0,0,,
338,Congo,2007,0,0,0,,
339,Congo,2006,0,0,0,,
340,Congo,2005,0,0,0,,
341,Congo,2004,9,0,9,,
342,Congo,2003,9,0,9,,
343,Congo,2002,8,0,8,,
344,Congo,2001,4,0,4,,
345,Congo,2000,0,0,0,,
346,Congo,1999,0,0,0,,
347,Congo,1998,0,0,0,,
348,Congo,1997,0,0,0,,
349,Congo,1996,0,0,0,,
350,Congo,1995,0,0,0,,
351,Congo,1994,0,0,0,,
352,Congo,1993,0,0,0,,
353,Congo,1992,0,0,0,,
354,Congo,1991,0,0,0,,
355,Congo,1990,0,0,0,,
356,Congo,1989,0,0,0,,
357,Congo,1988,0,0,0,,
358,Congo,1987,0,0,0,,
359,Congo,1986,0,0,0,,
360,Congo,1985,0,0,0,,
361,Congo,1984,0,0,0,,
362,Congo,1983,0,0,0,,
363,Congo,1982,0,0,0,,
364,Congo,1981,0,0,0,,
365,Congo,1980,0,0,0,,
366,Congo,1979,0,0,0,,
367,Congo,1978,0,0,0,,
368,Congo,1977,0,0,0,,
369,Congo,1976,0,0,0,,
370,Egypt,2016,35,0,35,,
371,Egypt,2015,45,0,42,,
372,Egypt,2014,26,0,26,,
373,Egypt,2013,28,0,28,,
374,Egypt,2012,16,0,16,,
375,Egypt,2011,7,0,7,,
376,Egypt,2010,11,0,11,,
377,Egypt,2009,21,0,21,,
378,Egypt,2008,20,0,20,,
379,Egypt,2007,15,0,15,,
380,Egypt,2006,7,0,7,,
381,Egypt,2005,9,0,9,,
382,Egypt,2004,9,0,9,,
383,Egypt,2003,10,0,10,,
384,Egypt,2002,16,0,16,,
385,Egypt,2001,17,0,17,,
386,Egypt,2000,0,0,0,,
387,Egypt,1999,0,0,0,,
388,Egypt,1998,0,0,0,,
389,Egypt,1997,0,0,0,,
390,Egypt,1996,0,0,0,,
391,Egypt,1995,0,0,0,,
392,Egypt,1994,0,0,0,,
393,Egypt,1993,0,0,0,,
394,Egypt,1992,0,0,0,,
395,Egypt,1991,0,0,0,,
396,Egypt,1990,0,0,0,,
397,Egypt,1989,0,0,0,,
398,Egypt,1988,0,0,0,,
399,Egypt,1987,0,0,0,,
400,Egypt,1986,0,0,0,,
401,Egypt,1985,0,0,0,,
402,Egypt,1984,0,0,0,,
403,Egypt,1983,0,0,0,,
404,Egypt,1982,0,0,0,,
405,Egypt,1981,0,0,0,,
406,Egypt,1980,0,0,0,,
407,Egypt,1979,0,0,0,,
408,Egypt,1978,50,0,47,,
409,Egypt,1977,0,0,0,,
410,Egypt,1976,0,0,0,,
411,Eritrea,2016,21,0,21,,
412,Eritrea,2015,20,0,20,,
413,Eritrea,2014,10,0,10,,
414,Eritrea,2013,2,0,2,,
415,Eritrea,2012,2,0,2,,
416,Eritrea,2011,5,0,5,,
417,Eritrea,2010,7,0,7,,
418,Eritrea,2009,3,0,3,,
419,Eritrea,2008,5,0,5,,
420,Eritrea,2007,6,0,6,,
421,Eritrea,2006,0,0,0,,
422,Eritrea,2005,0,0,0,,
423,Eritrea,2004,3,0,3,,
424,Eritrea,2003,2,0,2,,
425,Eritrea,2002,1,0,1,,
426,Eritrea,2001,2,0,2,,
427,Eritrea,2000,0,0,0,,
428,Eritrea,1999,0,0,0,,
429,Eritrea,1998,0,0,0,,
430,Eritrea,1997,0,0,0,,
431,Eritrea,1996,0,0,0,,
432,Eritrea,1995,0,0,0,,
433,Eritrea,1994,0,0,0,,
434,Eritrea,1993,0,0,0,,
435,Eritrea,1992,0,0,0,,
436,Eritrea,1991,0,0,0,,
437,Eritrea,1990,0,0,0,,
438,Eritrea,1989,0,0,0,,
439,Eritrea,1988,0,0,0,,
440,Eritrea,1987,0,0,0,,
441,Eritrea,1986,0,0,0,,
442,Eritrea,1985,0,0,0,,
443,Eritrea,1984,0,0,0,,
444,Eritrea,1983,0,0,0,,
445,Eritrea,1982,0,0,0,,
446,Eritrea,1981,0,0,0,,
447,Eritrea,1980,0,0,0,,
448,Eritrea,1979,0,0,0,,
449,Eritrea,1978,0,0,0,,
450,Eritrea,1977,0,0,0,,
451,Eritrea,1976,0,0,0,,
452,Ethiopia,2016,24,0,24,,
453,Ethiopia,2015,13,0,13,,
454,Ethiopia,2014,5,0,5,,
455,Ethiopia,2013,1,0,1,,
456,Ethiopia,2012,30,0,30,,
457,Ethiopia,2011,24,0,24,,
458,Ethiopia,2010,16,0,16,,
459,Ethiopia,2009,16,0,16,,
460,Ethiopia,2008,19,0,19,,
461,Ethiopia,2007,15,0,15,,
462,Ethiopia,2006,0,0,0,,
463,Ethiopia,2005,0,0,0,,
464,Ethiopia,2004,4,0,4,,
465,Ethiopia,2003,3,0,3,,
466,Ethiopia,2002,3,0,3,,
467,Ethiopia,2001,7,0,7,,
468,Ethiopia,2000,0,0,0,,
469,Ethiopia,1999,0,0,0,,
470,Ethiopia,1998,0,0,0,,
471,Ethiopia,1997,0,0,0,,
472,Ethiopia,1996,0,0,0,,
473,Ethiopia,1995,0,0,0,,
474,Ethiopia,1994,0,0,0,,
475,Ethiopia,1993,0,0,0,,
476,Ethiopia,1992,0,0,0,,
477,Ethiopia,1991,0,0,0,,
478,Ethiopia,1990,0,0,0,,
479,Ethiopia,1989,0,0,0,,
480,Ethiopia,1988,0,0,0,,
481,Ethiopia,1987,0,0,0,,
482,Ethiopia,1986,1500,0,110,,
483,Ethiopia,1985,500,0,88,,
484,Ethiopia,1984,1000,0,104,,
485,Ethiopia,1983,1000,0,104,,
486,Ethiopia,1982,1000,0,104,,
487,Ethiopia,1981,1000,0,104,,
488,Ethiopia,1980,1400,0,108,,
489,Ethiopia,1979,1100,0,105,,
490,Ethiopia,1978,0,0,0,,
491,Ethiopia,1977,0,0,0,,
492,Ethiopia,1976,0,0,0,,
493,Ghana,2016,2,0,2,,
494,Ghana,2015,2,0,2,,
495,Ghana,2014,2,0,2,,
496,Ghana,2013,2,0,2,,
497,Ghana,2012,0,0,0,,
498,Ghana,2011,0,0,0,,
499,Ghana,2010,0,0,0,,
500,Ghana,2009,1,0,1,,
501,Ghana,2008,1,0,1,,
502,Ghana,2007,1,0,1,,
503,Ghana,2006,0,0,0,,
504,Ghana,2005,0,0,0,,
505,Ghana,2004,0,0,0,,
506,Ghana,2003,0,0,0,,
507,Ghana,2002,0,0,0,,
508,Ghana,2001,0,0,0,,
509,Ghana,2000,0,0,0,,
510,Ghana,1999,0,0,0,,
511,Ghana,1998,0,0,0,,
512,Ghana,1997,0,0,0,,
513,Ghana,1996,0,0,0,,
514,Ghana,1995,0,0,0,,
515,Ghana,1994,0,0,0,,
516,Ghana,1993,0,0,0,,
517,Ghana,1992,0,0,0,,
518,Ghana,1991,0,0,0,,
519,Ghana,1990,0,0,0,,
520,Ghana,1989,0,0,0,,
521,Ghana,1988,0,0,0,,
522,Ghana,1987,0,0,0,,
523,Ghana,1986,0,0,0,,
524,Ghana,1985,0,0,0,,
525,Ghana,1984,0,0,0,,
526,Ghana,1983,0,0,0,,
527,Ghana,1982,0,0,0,,
528,Ghana,1981,0,0,0,,
529,Ghana,1980,0,0,0,,
530,Ghana,1979,0,0,0,,
531,Ghana,1978,0,0,0,,
532,Ghana,1977,0,0,0,,
533,Ghana,1976,0,0,0,,
534,Iran,2016,32,0,32,,
535,Iran,2015,20,0,20,,
536,Iran,2014,12,0,12,,
537,Iran,2013,9,0,9,,
538,Iran,2012,19,0,19,,
539,Iran,2011,42,0,41,,
540,Iran,2010,40,0,39,,
541,Iran,2009,40,0,39,,
542,Iran,2008,29,0,29,,
543,Iran,2007,18,0,18,,
544,Iran,2006,0,0,0,,
545,Iran,2005,0,0,0,,
546,Iran,2004,7,0,7,,
547,Iran,2003,9,0,9,,
548,Iran,2002,8,0,8,,
549,Iran,2001,3,0,3,,
550,Iran,2000,0,0,0,,
551,Iran,1999,0,0,0,,
552,Iran,1998,0,0,0,,
553,Iran,1997,0,0,0,,
554,Iran,1996,0,0,0,,
555,Iran,1995,0,0,0,,
556,Iran,1994,0,0,0,,
557,Iran,1993,0,0,0,,
558,Iran,1992,0,0,0,,
559,Iran,1991,0,0,0,,
560,Iran,1990,0,0,0,,
561,Iran,1989,0,0,0,,
562,Iran,1988,0,0,0,,
563,Iran,1987,0,0,0,,
564,Iran,1986,0,0,0,,
565,Iran,1985,0,0,0,,
566,Iran,1984,0,0,0,,
567,Iran,1983,0,0,0,,
568,Iran,1982,0,0,0,,
569,Iran,1981,0,0,0,,
570,Iran,1980,0,0,0,,
571,Iran,1979,0,0,0,,
572,Iran,1978,0,0,0,,
573,Iran,1977,0,0,0,,
574,Iran,1976,0,0,0,,
575,Iraq,2016,6454,0,120,,
576,Iraq,2015,7234,0,122,,
577,Iraq,2014,5986,0,119,,
578,Iraq,2013,4944,0,118,,
579,Iraq,2012,6516,0,121,,
580,Iraq,2011,8491,0,124,,
581,Iraq,2010,7630,0,123,,
582,Iraq,2009,50000,0,126,,
583,Iraq,2008,50000,0,126,,
584,Iraq,2007,50000,0,126,,
585,Iraq,2006,20000,0,125,,
586,Iraq,2005,797,0,102,,
587,Iraq,2004,1148,0,106,,
588,Iraq,2003,1476,0,109,,
589,Iraq,2002,1756,0,111,,
590,Iraq,2001,1828,0,113,,
591,Iraq,2000,1817,0,112,,
592,Iraq,1999,2522,0,116,,
593,Iraq,1998,2270,0,115,,
594,Iraq,1997,1901,0,114,,
595,Iraq,1996,1385,0,107,,
596,Iraq,1995,981,0,103,,
597,Iraq,1994,611,0,96,,
598,Iraq,1993,527,0,91,,
599,Iraq,1992,650,0,100,,
600,Iraq,1991,390,0,84,,
601,Iraq,1990,500,0,88,,
602,Iraq,1989,0,0,0,,
603,Iraq,1988,3500,0,117,,
604,Iraq,1987,0,0,0,,
605,Iraq,1986,0,0,0,,
606,Iraq,1985,0,0,0,,
607,Iraq,1984,0,0,0,,
608,Iraq,1983,1100,0,105,,
609,Iraq,1982,1000,0,104,,
610,Iraq,1981,1000,0,104,,
611,Iraq,1980,1000,0,104,,
612,Iraq,1979,1000,0,104,,
613,Iraq,1978,560,0,94,,
614,Iraq,1977,0,0,0,,
615,Iraq,1976,0,0,0,,
616,Jordan,2016,25,0,25,,
617,Jordan,2015,22,0,22,,
618,Jordan,2014,17,0,17,,
619,Jordan,2013,14,0,14,,
620,Jordan,2012,31,0,31,,
621,Jordan,2011,18,0,18,,
622,Jordan,2010,20,0,20,,
623,Jordan,2009,18,0,18,,
624,Jordan,2008,17,0,17,,
625,Jordan,2007,18,0,18,,
626,Jordan,2006,17,0,17,,
627,Jordan,2005,20,0,20,,
628,Jordan,2004,24,0,24,,
629,Jordan,2003,22,0,22,,
630,Jordan,2002,26,0,26,,
631,Jordan,2001,23,0,23,,
632,Jordan,2000,21,0,21,,
633,Jordan,1999,22,0,22,,
634,Jordan,1998,25,0,25,,
635,Jordan,1997,0,0,0,,
636,Jordan,1996,0,0,0,,
637,Jordan,1995,0,0,0,,
638,Jordan,1994,0,0,0,,
639,Jordan,1993,0,0,0,,
640,Jordan,1992,0,0,0,,
641,Jordan,1991,0,0,0,,
642,Jordan,1990,0,0,0,,
643,Jordan,1989,0,0,0,,
644,Jordan,1988,0,0,0,,
645,Jordan,1987,0,0,0,,
646,Jordan,1986,0,0,0,,
647,Jordan,1985,0,0,0,,
648,Jordan,1984,0,0,0,,
649,Jordan,1983,0,0,0,,
650,Jordan,1982,0,0,0,,
651,Jordan,1981,0,0,0,,
652,Jordan,1980,0,0,0,,
653,Jordan,1979,0,0,0,,
654,Jordan,1978,0,0,0,,
655,Jordan,1977,0,0,0,,
656,Jordan,1976,0,0,0,,
657,Kenya,2016,2,0,2,,
658,Kenya,2015,2,0,2,,
659,Kenya,2014,1,0,1,,
660,Kenya,2013,0,0,0,,
661,Kenya,2012,0,0,0,,
662,Kenya,2011,0,0,0,,
663,Kenya,2010,0,0,0,,
664,Kenya,2009,0,0,0,,
665,Kenya,2008,0,0,0,,
666,Kenya,2007,0,0,0,,
667,Kenya,2006,0,0,0,,
668,Kenya,2005,0,0,0,,
669,Kenya,2004,0,0,0,,
670,Kenya,2003,0,0,0,,
671,Kenya,2002,0,0,0,,
672,Kenya,2001,0,0,0,,
673,Kenya,2000,0,0,0,,
674,Kenya,1999,0,0,0,,
675,Kenya,1998,0,0,0,,
676,Kenya,1997,0,0,0,,
677,Kenya,1996,0,0,0,,
678,Kenya,1995,0,0,0,,
679,Kenya,1994,0,0,0,,
680,Kenya,1993,0,0,0,,
681,Kenya,1992,0,0,0,,
682,Kenya,1991,0,0,0,,
683,Kenya,1990,0,0,0,,
684,Kenya,1989,0,0,0,,
685,Kenya,1988,0,0,0,,
686,Kenya,1987,0,0,0,,
687,Kenya,1986,0,0,0,,
688,Kenya,1985,0,0,0,,
689,Kenya,1984,0,0,0,,
690,Kenya,1983,0,0,0,,
691,Kenya,1982,0,0,0,,
692,Kenya,1981,0,0,0,,
693,Kenya,1980,0,0,0,,
694,Kenya,1979,0,0,0,,
695,Kenya,1978,0,0,0,,
696,Kenya,1977,0,0,0,,
697,Kenya,1976,0,0,0,,
698,Kuwait,2016,0,0,0,,
699,Kuwait,2015,1,0,1,,
700,Kuwait,2014,1,0,1,,
701,Kuwait,2013,0,0,0,,
702,Kuwait,2012,0,0,0,,
703,Kuwait,2011,0,0,0,,
704,Kuwait,2010,1,0,1,,
705,Kuwait,2009,1,0,1,,
706,Kuwait,2008,1,0,1,,
707,Kuwait,2007,1,0,1,,
708,Kuwait,2006,0,0,0,,
709,Kuwait,2005,0,0,0,,
710,Kuwait,2004,0,0,0,,
711,Kuwait,2003,0,0,0,,
712,Kuwait,2002,0,0,0,,
713,Kuwait,2001,0,0,0,,
714,Kuwait,2000,0,0,0,,
715,Kuwait,1999,0,0,0,,
716,Kuwait,1998,0,0,0,,
717,Kuwait,1997,0,0,0,,
718,Kuwait,1996,0,0,0,,
719,Kuwait,1995,0,0,0,,
720,Kuwait,1994,0,0,0,,
721,Kuwait,1993,0,0,0,,
722,Kuwait,1992,0,0,0,,
723,Kuwait,1991,0,0,0,,
724,Kuwait,1990,0,0,0,,
725,Kuwait,1989,0,0,0,,
726,Kuwait,1988,0,0,0,,
727,Kuwait,1987,0,0,0,,
728,Kuwait,1986,0,0,0,,
729,Kuwait,1985,0,0,0,,
730,Kuwait,1984,0,0,0,,
731,Kuwait,1983,0,0,0,,
732,Kuwait,1982,0,0,0,,
733,Kuwait,1981,0,0,0,,
734,Kuwait,1980,0,0,0,,
735,Kuwait,1979,0,0,0,,
736,Kuwait,1978,0,0,0,,
737,Kuwait,1977,0,0,0,,
738,Kuwait,1976,0,0,0,,
739,Liberia,2016,0,0,0,,
740,Liberia,2015,0,0,0,,
741,Liberia,2014,0,0,0,,
742,Liberia,2013,0,0,0,,
743,Liberia,2012,0,0,0,,
744,Liberia,2011,0,0,0,,
745,Liberia,2010,0,0,0,,
746,Liberia,2009,0,0,0,,
747,Liberia,2008,0,0,0,,
748,Liberia,2007,6,0,6,,
749,Liberia,2006,4,0,4,,
750,Liberia,2005,9,0,9,,
751,Liberia,2004,13,0,13,,
752,Liberia,2003,18,0,18,,
753,Liberia,2002,15,0,15,,
754,Liberia,2001,12,0,12,,
755,Liberia,2000,0,0,0,,
756,Liberia,1999,0,0,0,,
757,Liberia,1998,0,0,0,,
758,Liberia,1997,0,0,0,,
759,Liberia,1996,0,0,0,,
760,Liberia,1995,0,0,0,,
761,Liberia,1994,0,0,0,,
762,Liberia,1993,0,0,0,,
763,Liberia,1992,0,0,0,,
764,Liberia,1991,0,0,0,,
765,Liberia,1990,0,0,0,,
766,Liberia,1989,0,0,0,,
767,Liberia,1988,0,0,0,,
768,Liberia,1987,0,0,0,,
769,Liberia,1986,0,0,0,,
770,Liberia,1985,0,0,0,,
771,Liberia,1984,0,0,0,,
772,Liberia,1983,0,0,0,,
773,Liberia,1982,0,0,0,,
774,Liberia,1981,0,0,0,,
775,Liberia,1980,0,0,0,,
776,Liberia,1979,0,0,0,,
777,Liberia,1978,0,0,0,,
778,Liberia,1977,0,0,0,,
779,Liberia,1976,0,0,0,,
780,Libya,2016,12,0,12,,
781,Libya,2015,6,0,6,,
782,Libya,2014,6,0,6,,
783,Libya,2013,5,0,5,,
784,Libya,2012,6,0,6,,
785,Libya,2011,0,0,0,,
786,Libya,2010,1,0,1,,
787,Libya,2009,1,0,1,,
788,Libya,2008,1,0,1,,
789,Libya,2007,1,0,1,,
790,Libya,2006,0,0,0,,
791,Libya,2005,0,0,0,,
792,Libya,2004,0,0,0,,
793,Libya,2003,0,0,0,,
794,Libya,2002,0,0,0,,
795,Libya,2001,0,0,0,,
796,Libya,2000,0,0,0,,
797,Libya,1999,0,0,0,,
798,Libya,1998,0,0,0,,
799,Libya,1997,0,0,0,,
800,Libya,1996,0,0,0,,
801,Libya,1995,0,0,0,,
802,Libya,1994,0,0,0,,
803,Libya,1993,0,0,0,,
804,Libya,1992,0,0,0,,
805,Libya,1991,0,0,0,,
806,Libya,1990,0,0,0,,
807,Libya,1989,0,0,0,,
808,Libya,1988,0,0,0,,
809,Libya,1987,0,0,0,,
810,Libya,1986,0,0,0,,
811,Libya,1985,0,0,0,,
812,Libya,1984,0,0,0,,
813,Libya,1983,0,0,0,,
814,Libya,1982,0,0,0,,
815,Libya,1981,0,0,0,,
816,Libya,1980,0,0,0,,
817,Libya,1979,0,0,0,,
818,Libya,1978,0,0,0,,
819,Libya,1977,0,0,0,,
820,Libya,1976,0,0,0,,
821,Madagascar,2016,1,0,1,,
822,Madagascar,2015,0,0,0,,
823,Madagascar,2014,0,0,0,,
824,Madagascar,2013,0,0,0,,
825,Madagascar,2012,1,0,1,,
826,Madagascar,2011,1,0,1,,
827,Madagascar,2010,1,0,1,,
828,Madagascar,2009,0,0,0,,
829,Madagascar,2008,0,0,0,,
830,Madagascar,2007,0,0,0,,
831,Madagascar,2006,0,0,0,,
832,Madagascar,2005,0,0,0,,
833,Madagascar,2004,0,0,0,,
834,Madagascar,2003,0,0,0,,
835,Madagascar,2002,0,0,0,,
836,Madagascar,2001,0,0,0,,
837,Madagascar,2000,0,0,0,,
838,Madagascar,1999,0,0,0,,
839,Madagascar,1998,0,0,0,,
840,Madagascar,1997,0,0,0,,
841,Madagascar,1996,0,0,0,,
842,Madagascar,1995,0,0,0,,
843,Madagascar,1994,0,0,0,,
844,Madagascar,1993,0,0,0,,
845,Madagascar,1992,0,0,0,,
846,Madagascar,1991,0,0,0,,
847,Madagascar,1990,0,0,0,,
848,Madagascar,1989,0,0,0,,
849,Madagascar,1988,0,0,0,,
850,Madagascar,1987,0,0,0,,
851,Madagascar,1986,0,0,0,,
852,Madagascar,1985,0,0,0,,
853,Madagascar,1984,0,0,0,,
854,Madagascar,1983,0,0,0,,
855,Madagascar,1982,0,0,0,,
856,Madagascar,1981,0,0,0,,
857,Madagascar,1980,0,0,0,,
858,Madagascar,1979,0,0,0,,
859,Madagascar,1978,0,0,0,,
860,Madagascar,1977,0,0,0,,
861,Madagascar,1976,0,0,0,,
862,Mali,2016,0,0,0,,
863,Mali,2015,0,0,0,,
864,Mali,2014,0,0,0,,
865,Mali,2013,0,0,0,,
866,Mali,2012,1,0,1,,
867,Mali,2011,0,0,0,,
868,Mali,2010,0,0,0,,
869,Mali,2009,0,0,0,,
870,Mali,2008,0,0,0,,
871,Mali,2007,0,0,0,,
872,Mali,2006,0,0,0,,
873,Mali,2005,0,0,0,,
874,Mali,2004,0,0,0,,
875,Mali,2003,0,0,0,,
876,Mali,2002,0,0,0,,
877,Mali,2001,0,0,0,,
878,Mali,2000,0,0,0,,
879,Mali,1999,0,0,0,,
880,Mali,1998,0,0,0,,
881,Mali,1997,0,0,0,,
882,Mali,1996,0,0,0,,
883,Mali,1995,0,0,0,,
884,Mali,1994,0,0,0,,
885,Mali,1993,0,0,0,,
886,Mali,1992,0,0,0,,
887,Mali,1991,0,0,0,,
888,Mali,1990,0,0,0,,
889,Mali,1989,0,0,0,,
890,Mali,1988,0,0,0,,
891,Mali,1987,0,0,0,,
892,Mali,1986,0,0,0,,
893,Mali,1985,0,0,0,,
894,Mali,1984,0,0,0,,
895,Mali,1983,0,0,0,,
896,Mali,1982,0,0,0,,
897,Mali,1981,0,0,0,,
898,Mali,1980,0,0,0,,
899,Mali,1979,0,0,0,,
900,Mali,1978,0,0,0,,
901,Mali,1977,0,0,0,,
902,Mali,1976,0,0,0,,
903,Morocco,2016,1,0,1,,
904,Morocco,2015,0,0,0,,
905,Morocco,2014,0,0,0,,
906,Morocco,2013,0,0,0,,
907,Morocco,2012,2,0,2,,
908,Morocco,2011,0,0,0,,
909,Morocco,2010,0,0,0,,
910,Morocco,2009,1,0,1,,
911,Morocco,2008,0,0,0,,
912,Morocco,2007,0,0,0,,
913,Morocco,2006,0,0,0,,
914,Morocco,2005,0,0,0,,
915,Morocco,2004,0,0,0,,
916,Morocco,2003,0,0,0,,
917,Morocco,2002,0,0,0,,
918,Morocco,2001,0,0,0,,
919,Morocco,2000,0,0,0,,
920,Morocco,1999,0,0,0,,
921,Morocco,1998,0,0,0,,
922,Morocco,1997,0,0,0,,
923,Morocco,1996,0,0,0,,
924,Morocco,1995,0,0,0,,
925,Morocco,1994,0,0,0,,
926,Morocco,1993,0,0,0,,
927,Morocco,1992,0,0,0,,
928,Morocco,1991,0,0,0,,
929,Morocco,1990,0,0,0,,
930,Morocco,1989,0,0,0,,
931,Morocco,1988,0,0,0,,
932,Morocco,1987,0,0,0,,
933,Morocco,1986,0,0,0,,
934,Morocco,1985,0,0,0,,
935,Morocco,1984,0,0,0,,
936,Morocco,1983,0,0,0,,
937,Morocco,1982,0,0,0,,
938,Morocco,1981,0,0,0,,
939,Morocco,1980,0,0,0,,
940,Morocco,1979,0,0,0,,
941,Morocco,1978,0,0,0,,
942,Morocco,1977,0,0,0,,
943,Morocco,1976,0,0,0,,
944,Nigeria,2016,0,0,0,,
945,Nigeria,2015,0,0,0,,
946,Nigeria,2014,1,0,1,,
947,Nigeria,2013,1,0,1,,
948,Nigeria,2012,0,0,0,,
949,Nigeria,2011,0,0,0,,
950,Nigeria,2010,0,0,0,,
951,Nigeria,2009,0,0,0,,
952,Nigeria,2008,0,0,0,,
953,Nigeria,2007,0,0,0,,
954,Nigeria,2006,0,0,0,,
955,Nigeria,2005,4,0,4,,
956,Nigeria,2004,4,0,4,,
957,Nigeria,2003,4,0,4,,
958,Nigeria,2002,4,0,4,,
959,Nigeria,2001,8,0,8,,
960,Nigeria,2000,0,0,0,,
961,Nigeria,1999,0,0,0,,
962,Nigeria,1998,0,0,0,,
963,Nigeria,1997,0,0,0,,
964,Nigeria,1996,0,0,0,,
965,Nigeria,1995,0,0,0,,
966,Nigeria,1994,0,0,0,,
967,Nigeria,1993,0,0,0,,
968,Nigeria,1992,0,0,0,,
969,Nigeria,1991,0,0,0,,
970,Nigeria,1990,0,0,0,,
971,Nigeria,1989,0,0,0,,
972,Nigeria,1988,0,0,0,,
973,Nigeria,1987,0,0,0,,
974,Nigeria,1986,0,0,0,,
975,Nigeria,1985,0,0,0,,
976,Nigeria,1984,0,0,0,,
977,Nigeria,1983,0,0,0,,
978,Nigeria,1982,0,0,0,,
979,Nigeria,1981,0,0,0,,
980,Nigeria,1980,0,0,0,,
981,Nigeria,1979,0,0,0,,
982,Nigeria,1978,0,0,0,,
983,Nigeria,1977,0,0,0,,
984,Nigeria,1976,0,0,0,,
985,Oman,2016,1,0,1,,
986,Oman,2015,1,0,1,,
987,Oman,2014,1,0,1,,
988,Oman,2013,1,0,1,,
989,Oman,2012,1,0,1,,
990,Oman,2011,0,0,0,,
991,Oman,2010,0,0,0,,
992,Oman,2009,0,0,0,,
993,Oman,2008,0,0,0,,
994,Oman,2007,0,0,0,,
995,Oman,2006,0,0,0,,
996,Oman,2005,0,0,0,,
997,Oman,2004,0,0,0,,
998,Oman,2003,0,0,0,,
999,Oman,2002,0,0,0,,
1000,Oman,2001,0,0,0,,
1001,Oman,2000,0,0,0,,
1002,Oman,1999,0,0,0,,
1003,Oman,1998,0,0,0,,
1004,Oman,1997,0,0,0,,
1005,Oman,1996,0,0,0,,
1006,Oman,1995,0,0,0,,
1007,Oman,1994,0,0,0,,
1008,Oman,1993,0,0,0,,
1009,Oman,1992,0,0,0,,
1010,Oman,1991,0,0,0,,
1011,Oman,1990,0,0,0,,
1012,Oman,1989,0,0,0,,
1013,Oman,1988,0,0,0,,
1014,Oman,1987,0,0,0,,
1015,Oman,1986,0,0,0,,
1016,Oman,1985,0,0,0,,
1017,Oman,1984,0,0,0,,
1018,Oman,1983,0,0,0,,
1019,Oman,1982,0,0,0,,
1020,Oman,1981,0,0,0,,
1021,Oman,1980,0,0,0,,
1022,Oman,1979,0,0,0,,
1023,Oman,1978,0,0,0,,
1024,Oman,1977,0,0,0,,
1025,Oman,1976,0,0,0,,
1026,Pakistan,2016,2,0,2,,
1027,Pakistan,2015,2,0,2,,
1028,Pakistan,2014,2,0,2,,
1029,Pakistan,2013,0,0,0,,
1030,Pakistan,2012,0,0,0,,
1031,Pakistan,2011,0,0,0,,
1032,Pakistan,2010,0,0,0,,
1033,Pakistan,2009,0,0,0,,
1034,Pakistan,2008,0,0,0,,
1035,Pakistan,2007,0,0,0,,
1036,Pakistan,2006,0,0,0,,
1037,Pakistan,2005,0,0,0,,
1038,Pakistan,2004,0,0,0,,
1039,Pakistan,2003,0,0,0,,
1040,Pakistan,2002,0,0,0,,
1041,Pakistan,2001,0,0,0,,
1042,Pakistan,2000,0,0,0,,
1043,Pakistan,1999,0,0,0,,
1044,Pakistan,1998,0,0,0,,
1045,Pakistan,1997,0,0,0,,
1046,Pakistan,1996,0,0,0,,
1047,Pakistan,1995,0,0,0,,
1048,Pakistan,1994,0,0,0,,
1049,Pakistan,1993,0,0,0,,
1050,Pakistan,1992,0,0,0,,
1051,Pakistan,1991,0,0,0,,
1052,Pakistan,1990,0,0,0,,
1053,Pakistan,1989,0,0,0,,
1054,Pakistan,1988,0,0,0,,
1055,Pakistan,1987,0,0,0,,
1056,Pakistan,1986,0,0,0,,
1057,Pakistan,1985,0,0,0,,
1058,Pakistan,1984,0,0,0,,
1059,Pakistan,1983,0,0,0,,
1060,Pakistan,1982,0,0,0,,
1061,Pakistan,1981,0,0,0,,
1062,Pakistan,1980,0,0,0,,
1063,Pakistan,1979,0,0,0,,
1064,Pakistan,1978,0,0,0,,
1065,Pakistan,1977,0,0,0,,
1066,Pakistan,1976,0,0,0,,
1477,Palestine,2016,0,0,0,,
1478,Palestine,2015,7,0,7,,
1479,Palestine,2014,9,0,9,,
1480,Palestine,2013,3,0,3,,
1481,Palestine,2012,98,0,63,,
1482,Palestine,2011,30,0,30,,
1483,Palestine,2010,37,0,37,,
1484,Palestine,2009,34,0,34,,
1485,Palestine,2008,29,0,29,,
1486,Palestine,2007,18,0,18,,
1487,Palestine,2006,0,0,0,,
1488,Palestine,2005,0,0,0,,
1489,Palestine,2004,0,0,0,,
1490,Palestine,2003,0,0,0,,
1491,Palestine,2002,0,0,0,,
1492,Palestine,2001,0,0,0,,
1493,Palestine,2000,0,0,0,,
1494,Palestine,1999,0,0,0,,
1495,Palestine,1998,0,0,0,,
1496,Palestine,1997,0,0,0,,
1497,Palestine,1996,0,0,0,,
1498,Palestine,1995,0,0,0,,
1499,Palestine,1994,0,0,0,,
1500,Palestine,1993,0,0,0,,
1501,Palestine,1992,0,0,0,,
1502,Palestine,1991,0,0,0,,
1503,Palestine,1990,0,0,0,,
1504,Palestine,1989,0,0,0,,
1505,Palestine,1988,0,0,0,,
1506,Palestine,1987,0,0,0,,
1507,Palestine,1986,0,0,0,,
1508,Palestine,1985,0,0,0,,
1509,Palestine,1984,0,0,0,,
1510,Palestine,1983,0,0,0,,
1511,Palestine,1982,0,0,0,,
1512,Palestine,1981,0,0,0,,
1513,Palestine,1980,0,0,0,,
1514,Palestine,1979,0,0,0,,
1515,Palestine,1978,0,0,0,,
1516,Palestine,1977,0,0,0,,
1517,Palestine,1976,0,0,0,,
1067,Philippines,2016,0,0,0,,
1068,Philippines,2015,0,0,0,,
1069,Philippines,2014,0,0,0,,
1070,Philippines,2013,0,0,0,,
1071,Philippines,2012,20,0,20,,
1072,Philippines,2011,19,0,19,,
1073,Philippines,2010,18,0,18,,
1074,Philippines,2009,13,0,13,,
1075,Philippines,2008,7,0,7,,
1076,Philippines,2007,3,0,3,,
1077,Philippines,2006,0,0,0,,
1078,Philippines,2005,0,0,0,,
1079,Philippines,2004,0,0,0,,
1080,Philippines,2003,0,0,0,,
1081,Philippines,2002,0,0,0,,
1082,Philippines,2001,0,0,0,,
1083,Philippines,2000,0,0,0,,
1084,Philippines,1999,0,0,0,,
1085,Philippines,1998,0,0,0,,
1086,Philippines,1997,0,0,0,,
1087,Philippines,1996,0,0,0,,
1088,Philippines,1995,0,0,0,,
1089,Philippines,1994,0,0,0,,
1090,Philippines,1993,0,0,0,,
1091,Philippines,1992,0,0,0,,
1092,Philippines,1991,0,0,0,,
1093,Philippines,1990,0,0,0,,
1094,Philippines,1989,0,0,0,,
1095,Philippines,1988,0,0,0,,
1096,Philippines,1987,0,0,0,,
1097,Philippines,1986,0,0,0,,
1098,Philippines,1985,0,0,0,,
1099,Philippines,1984,0,0,0,,
1100,Philippines,1983,0,0,0,,
1101,Philippines,1982,0,0,0,,
1102,Philippines,1981,0,0,0,,
1103,Philippines,1980,0,0,0,,
1104,Philippines,1979,0,0,0,,
1105,Philippines,1978,0,0,0,,
1106,Philippines,1977,0,0,0,,
1107,Philippines,1976,0,0,0,,
1108,Qatar,2016,1,0,1,,
1109,Qatar,2015,0,0,0,,
1110,Qatar,2014,0,0,0,,
1111,Qatar,2013,0,0,0,,
1112,Qatar,2012,0,0,0,,
1113,Qatar,2011,0,0,0,,
1114,Qatar,2010,0,0,0,,
1115,Qatar,2009,0,0,0,,
1116,Qatar,2008,0,0,0,,
1117,Qatar,2007,0,0,0,,
1118,Qatar,2006,0,0,0,,
1119,Qatar,2005,0,0,0,,
1120,Qatar,2004,0,0,0,,
1121,Qatar,2003,0,0,0,,
1122,Qatar,2002,0,0,0,,
1123,Qatar,2001,0,0,0,,
1124,Qatar,2000,0,0,0,,
1125,Qatar,1999,0,0,0,,
1126,Qatar,1998,0,0,0,,
1127,Qatar,1997,0,0,0,,
1128,Qatar,1996,0,0,0,,
1129,Qatar,1995,0,0,0,,
1130,Qatar,1994,0,0,0,,
1131,Qatar,1993,0,0,0,,
1132,Qatar,1992,0,0,0,,
1133,Qatar,1991,0,0,0,,
1134,Qatar,1990,0,0,0,,
1135,Qatar,1989,0,0,0,,
1136,Qatar,1988,0,0,0,,
1137,Qatar,1987,0,0,0,,
1138,Qatar,1986,0,0,0,,
1139,Qatar,1985,0,0,0,,
1140,Qatar,1984,0,0,0,,
1141,Qatar,1983,0,0,0,,
1142,Qatar,1982,0,0,0,,
1143,Qatar,1981,0,0,0,,
1144,Qatar,1980,0,0,0,,
1145,Qatar,1979,0,0,0,,
1146,Qatar,1978,0,0,0,,
1147,Qatar,1977,0,0,0,,
1148,Qatar,1976,0,0,0,,
1149,Romania,2016,0,0,0,,
1150,Romania,2015,0,0,0,,
1151,Romania,2014,0,0,0,,
1152,Romania,2013,0,0,0,,
1153,Romania,2012,1,0,1,,
1154,Romania,2011,1,0,1,,
1155,Romania,2010,1,0,1,,
1156,Romania,2009,1,0,1,,
1157,Romania,2008,1,0,1,,
1158,Romania,2007,0,0,0,,
1159,Romania,2006,0,0,0,,
1160,Romania,2005,0,0,0,,
1161,Romania,2004,0,0,0,,
1162,Romania,2003,0,0,0,,
1163,Romania,2002,0,0,0,,
1164,Romania,2001,0,0,0,,
1165,Romania,2000,0,0,0,,
1166,Romania,1999,0,0,0,,
1167,Romania,1998,0,0,0,,
1168,Romania,1997,0,0,0,,
1169,Romania,1996,0,0,0,,
1170,Romania,1995,0,0,0,,
1171,Romania,1994,0,0,0,,
1172,Romania,1993,0,0,0,,
1173,Romania,1992,0,0,0,,
1174,Romania,1991,0,0,0,,
1175,Romania,1990,0,0,0,,
1176,Romania,1989,0,0,0,,
1177,Romania,1988,0,0,0,,
1178,Romania,1987,0,0,0,,
1179,Romania,1986,0,0,0,,
1180,Romania,1985,0,0,0,,
1181,Romania,1984,0,0,0,,
1182,Romania,1983,0,0,0,,
1183,Romania,1982,0,0,0,,
1184,Romania,1981,0,0,0,,
1185,Romania,1980,0,0,0,,
1186,Romania,1979,0,0,0,,
1187,Romania,1978,0,0,0,,
1188,Romania,1977,0,0,0,,
1189,Romania,1976,0,0,0,,
1190,Russia,2016,0,0,0,,
1191,Russia,2015,0,0,0,,
1192,Russia,2014,0,0,0,,
1193,Russia,2013,0,0,0,,
1194,Russia,2012,1,0,1,,
1195,Russia,2011,1,0,1,,
1196,Russia,2010,1,0,1,,
1197,Russia,2009,0,0,0,,
1198,Russia,2008,0,0,0,,
1199,Russia,2007,0,0,0,,
1200,Russia,2006,0,0,0,,
1201,Russia,2005,0,0,0,,
1202,Russia,2004,0,0,0,,
1203,Russia,2003,0,0,0,,
1204,Russia,2002,0,0,0,,
1205,Russia,2001,0,0,0,,
1206,Russia,2000,0,0,0,,
1207,Russia,1999,0,0,0,,
1208,Russia,1998,0,0,0,,
1209,Russia,1997,0,0,0,,
1210,Russia,1996,0,0,0,,
1211,Russia,1995,0,0,0,,
1212,Russia,1994,0,0,0,,
1213,Russia,1993,0,0,0,,
1214,Russia,1992,0,0,0,,
1215,Russia,1991,0,0,0,,
1216,Russia,1990,0,0,0,,
1217,Russia,1989,0,0,0,,
1218,Russia,1988,0,0,0,,
1219,Russia,1987,0,0,0,,
1220,Russia,1986,0,0,0,,
1221,Russia,1985,0,0,0,,
1222,Russia,1984,0,0,0,,
1223,Russia,1983,0,0,0,,
1224,Russia,1982,0,0,0,,
1225,Russia,1981,0,0,0,,
1226,Russia,1980,0,0,0,,
1227,Russia,1979,0,0,0,,
1228,Russia,1978,0,0,0,,
1229,Russia,1977,0,0,0,,
1230,Russia,1976,0,0,0,,
1231,Rwanda,2016,0,0,0,,
1232,Rwanda,2015,0,0,0,,
1233,Rwanda,2014,0,0,0,,
1234,Rwanda,2013,0,0,0,,
1235,Rwanda,2012,0,0,0,,
1236,Rwanda,2011,0,0,0,,
1237,Rwanda,2010,0,0,0,,
1238,Rwanda,2009,0,0,0,,
1239,Rwanda,2008,0,0,0,,
1240,Rwanda,2007,0,0,0,,
1241,Rwanda,2006,0,0,0,,
1242,Rwanda,2005,0,0,0,,
1243,Rwanda,2004,0,0,0,,
1244,Rwanda,2003,0,0,0,,
1245,Rwanda,2002,1,0,1,,
1246,Rwanda,2001,1,0,1,,
1247,Rwanda,2000,0,0,0,,
1248,Rwanda,1999,0,0,0,,
1249,Rwanda,1998,0,0,0,,
1250,Rwanda,1997,0,0,0,,
1251,Rwanda,1996,0,0,0,,
1252,Rwanda,1995,0,0,0,,
1253,Rwanda,1994,0,0,0,,
1254,Rwanda,1993,0,0,0,,
1255,Rwanda,1992,0,0,0,,
1256,Rwanda,1991,0,0,0,,
1257,Rwanda,1990,0,0,0,,
1258,Rwanda,1989,0,0,0,,
1259,Rwanda,1988,0,0,0,,
1260,Rwanda,1987,0,0,0,,
1261,Rwanda,1986,0,0,0,,
1262,Rwanda,1985,0,0,0,,
1263,Rwanda,1984,0,0,0,,
1264,Rwanda,1983,0,0,0,,
1265,Rwanda,1982,0,0,0,,
1266,Rwanda,1981,0,0,0,,
1267,Rwanda,1980,0,0,0,,
1268,Rwanda,1979,0,0,0,,
1269,Rwanda,1978,0,0,0,,
1270,Rwanda,1977,0,0,0,,
1271,Rwanda,1976,0,0,0,,
1272,Saudi Arabia,2016,3,0,3,,
1273,Saudi Arabia,2015,2,0,2,,
1274,Saudi Arabia,2014,4,0,4,,
1275,Saudi Arabia,2013,2,0,2,,
1276,Saudi Arabia,2012,2,0,2,,
1277,Saudi Arabia,2011,1,0,1,,
1278,Saudi Arabia,2010,1,0,1,,
1279,Saudi Arabia,2009,1,0,1,,
1280,Saudi Arabia,2008,1,0,1,,
1281,Saudi Arabia,2007,1,0,1,,
1282,Saudi Arabia,2006,1,0,1,,
1283,Saudi Arabia,2005,1,0,1,,
1284,Saudi Arabia,2004,3,0,3,,
1285,Saudi Arabia,2003,3,0,3,,
1286,Saudi Arabia,2002,1,0,1,,
1287,Saudi Arabia,2001,1,0,1,,
1288,Saudi Arabia,2000,0,0,0,,
1289,Saudi Arabia,1999,0,0,0,,
1290,Saudi Arabia,1998,0,0,0,,
1291,Saudi Arabia,1997,0,0,0,,
1292,Saudi Arabia,1996,0,0,0,,
1293,Saudi Arabia,1995,0,0,0,,
1294,Saudi Arabia,1994,0,0,0,,
1295,Saudi Arabia,1993,0,0,0,,
1296,Saudi Arabia,1992,0,0,0,,
1297,Saudi Arabia,1991,0,0,0,,
1298,Saudi Arabia,1990,0,0,0,,
1299,Saudi Arabia,1989,0,0,0,,
1300,Saudi Arabia,1988,0,0,0,,
1301,Saudi Arabia,1987,0,0,0,,
1302,Saudi Arabia,1986,0,0,0,,
1303,Saudi Arabia,1985,0,0,0,,
1304,Saudi Arabia,1984,0,0,0,,
1305,Saudi Arabia,1983,0,0,0,,
1306,Saudi Arabia,1982,0,0,0,,
1307,Saudi Arabia,1981,0,0,0,,
1308,Saudi Arabia,1980,0,0,0,,
1309,Saudi Arabia,1979,0,0,0,,
1310,Saudi Arabia,1978,0,0,0,,
1311,Saudi Arabia,1977,0,0,0,,
1312,Saudi Arabia,1976,0,0,0,,
1313,Sierra Leone,2016,0,0,0,,
1314,Sierra Leone,2015,0,0,0,,
1315,Sierra Leone,2014,0,0,0,,
1316,Sierra Leone,2013,0,0,0,,
1317,Sierra Leone,2012,0,0,0,,
1318,Sierra Leone,2011,0,0,0,,
1319,Sierra Leone,2010,0,0,0,,
1320,Sierra Leone,2009,1,0,1,,
1321,Sierra Leone,2008,4,0,4,,
1322,Sierra Leone,2007,6,0,6,,
1323,Sierra Leone,2006,9,0,9,,
1324,Sierra Leone,2005,20,0,20,,
1325,Sierra Leone,2004,48,0,45,,
1326,Sierra Leone,2003,69,0,53,,
1327,Sierra Leone,2002,64,0,51,,
1328,Sierra Leone,2001,66,0,52,,
1329,Sierra Leone,2000,41,0,40,,
1330,Sierra Leone,1999,24,0,24,,
1331,Sierra Leone,1998,28,0,28,,
1332,Sierra Leone,1997,0,0,0,,
1333,Sierra Leone,1996,0,0,0,,
1334,Sierra Leone,1995,0,0,0,,
1335,Sierra Leone,1994,0,0,0,,
1336,Sierra Leone,1993,0,0,0,,
1337,Sierra Leone,1992,0,0,0,,
1338,Sierra Leone,1991,0,0,0,,
1339,Sierra Leone,1990,0,0,0,,
1340,Sierra Leone,1989,0,0,0,,
1341,Sierra Leone,1988,0,0,0,,
1342,Sierra Leone,1987,0,0,0,,
1343,Sierra Leone,1986,0,0,0,,
1344,Sierra Leone,1985,0,0,0,,
1345,Sierra Leone,1984,0,0,0,,
1346,Sierra Leone,1983,0,0,0,,
1347,Sierra Leone,1982,0,0,0,,
1348,Sierra Leone,1981,0,0,0,,
1349,Sierra Leone,1980,0,0,0,,
1350,Sierra Leone,1979,0,0,0,,
1351,Sierra Leone,1978,0,0,0,,
1352,Sierra Leone,1977,0,0,0,,
1353,Sierra Leone,1976,0,0,0,,
1354,Somalia,2016,19,0,19,,
1355,Somalia,2015,23,0,23,,
1356,Somalia,2014,31,0,31,,
1357,Somalia,2013,33,0,33,,
1358,Somalia,2012,24,0,24,,
1359,Somalia,2011,20,0,20,,
1360,Somalia,2010,20,0,20,,
1361,Somalia,2009,21,0,21,,
1362,Somalia,2008,36,0,36,,
1363,Somalia,2007,23,0,23,,
1364,Somalia,2006,7,0,7,,
1365,Somalia,2005,29,0,29,,
1366,Somalia,2004,79,0,57,,
1367,Somalia,2003,134,0,72,,
1368,Somalia,2002,136,0,73,,
1369,Somalia,2001,159,0,77,,
1370,Somalia,2000,136,0,73,,
1371,Somalia,1999,159,0,77,,
1372,Somalia,1998,154,0,75,,
1373,Somalia,1997,151,0,74,,
1374,Somalia,1996,127,0,70,,
1375,Somalia,1995,109,0,66,,
1376,Somalia,1994,93,0,61,,
1377,Somalia,1993,60,0,50,,
1378,Somalia,1992,60,0,50,,
1379,Somalia,1991,0,0,0,,
1380,Somalia,1990,0,0,0,,
1381,Somalia,1989,0,0,0,,
1382,Somalia,1988,0,0,0,,
1383,Somalia,1987,0,0,0,,
1384,Somalia,1986,0,0,0,,
1385,Somalia,1985,0,0,0,,
1386,Somalia,1984,0,0,0,,
1387,Somalia,1983,0,0,0,,
1388,Somalia,1982,0,0,0,,
1389,Somalia,1981,0,0,0,,
1390,Somalia,1980,0,0,0,,
1391,Somalia,1979,0,0,0,,
1392,Somalia,1978,0,0,0,,
1393,Somalia,1977,0,0,0,,
1394,Somalia,1976,0,0,0,,
1436,Sri Lanka,2016,0,0,0,,
1437,Sri Lanka,2015,0,0,0,,
1438,Sri Lanka,2014,0,0,0,,
1439,Sri Lanka,2013,0,0,0,,
1440,Sri Lanka,2012,7,0,7,,
1441,Sri Lanka,2011,9,0,9,,
1442,Sri Lanka,2010,11,0,11,,
1443,Sri Lanka,2009,8,0,8,,
1444,Sri Lanka,2008,7,0,7,,
1445,Sri Lanka,2007,4,0,4,,
1446,Sri Lanka,2006,0,0,0,,
1447,Sri Lanka,2005,0,0,0,,
1448,Sri Lanka,2004,0,0,0,,
1449,Sri Lanka,2003,0,0,0,,
1450,Sri Lanka,2002,0,0,0,,
1451,Sri Lanka,2001,0,0,0,,
1452,Sri Lanka,2000,0,0,0,,
1453,Sri Lanka,1999,0,0,0,,
1454,Sri Lanka,1998,0,0,0,,
1455,Sri Lanka,1997,0,0,0,,
1456,Sri Lanka,1996,0,0,0,,
1457,Sri Lanka,1995,0,0,0,,
1458,Sri Lanka,1994,0,0,0,,
1459,Sri Lanka,1993,0,0,0,,
1460,Sri Lanka,1992,0,0,0,,
1461,Sri Lanka,1991,0,0,0,,
1462,Sri Lanka,1990,0,0,0,,
1463,Sri Lanka,1989,0,0,0,,
1464,Sri Lanka,1988,0,0,0,,
1465,Sri Lanka,1987,0,0,0,,
1466,Sri Lanka,1986,0,0,0,,
1467,Sri Lanka,1985,0,0,0,,
1468,Sri Lanka,1984,0,0,0,,
1469,Sri Lanka,1983,0,0,0,,
1470,Sri Lanka,1982,0,0,0,,
1471,Sri Lanka,1981,0,0,0,,
1472,Sri Lanka,1980,0,0,0,,
1473,Sri Lanka,1979,0,0,0,,
1474,Sri Lanka,1978,0,0,0,,
1475,Sri Lanka,1977,0,0,0,,
1476,Sri Lanka,1976,0,0,0,,
1395,Sudan,2016,695,0,101,,
1396,Sudan,2015,646,0,99,,
1397,Sudan,2014,357,0,83,,
1398,Sudan,2013,177,0,79,,
1399,Sudan,2012,167,0,78,,
1400,Sudan,2011,156,0,76,,
1401,Sudan,2010,133,0,71,,
1402,Sudan,2009,87,0,59,,
1403,Sudan,2008,101,0,65,,
1404,Sudan,2007,94,0,62,,
1405,Sudan,2006,66,0,52,,
1406,Sudan,2005,119,0,68,,
1407,Sudan,2004,479,0,87,,
1408,Sudan,2003,615,0,97,,
1409,Sudan,2002,621,0,98,,
1410,Sudan,2001,521,0,90,,
1411,Sudan,2000,421,0,86,,
1412,Sudan,1999,552,0,93,,
1413,Sudan,1998,413,0,85,,
1414,Sudan,1997,273,0,81,,
1415,Sudan,1996,214,0,80,,
1416,Sudan,1995,167,0,78,,
1417,Sudan,1994,75,0,55,,
1418,Sudan,1993,20,0,20,,
1419,Sudan,1992,110,0,67,,
1420,Sudan,1991,70,0,54,,
1421,Sudan,1990,0,0,0,,
1422,Sudan,1989,0,0,0,,
1423,Sudan,1988,0,0,0,,
1424,Sudan,1987,0,0,0,,
1425,Sudan,1986,0,0,0,,
1426,Sudan,1985,0,0,0,,
1427,Sudan,1984,0,0,0,,
1428,Sudan,1983,0,0,0,,
1429,Sudan,1982,0,0,0,,
1430,Sudan,1981,0,0,0,,
1431,Sudan,1980,0,0,0,,
1432,Sudan,1979,0,0,0,,
1433,Sudan,1978,0,0,0,,
1434,Sudan,1977,0,0,0,,
1435,Sudan,1976,0,0,0,,
1518,Sweden,2016,0,0,0,,
1519,Sweden,2015,0,0,0,,
1520,Sweden,2014,0,0,0,,
1521,Sweden,2013,0,0,0,,
1522,Sweden,2012,1,0,1,,
1523,Sweden,2011,1,0,1,,
1524,Sweden,2010,1,0,1,,
1525,Sweden,2009,1,0,1,,
1526,Sweden,2008,0,0,0,,
1527,Sweden,2007,0,0,0,,
1528,Sweden,2006,0,0,0,,
1529,Sweden,2005,0,0,0,,
1530,Sweden,2004,0,0,0,,
1531,Sweden,2003,0,0,0,,
1532,Sweden,2002,0,0,0,,
1533,Sweden,2001,0,0,0,,
1534,Sweden,2000,0,0,0,,
1535,Sweden,1999,0,0,0,,
1536,Sweden,1998,0,0,0,,
1537,Sweden,1997,0,0,0,,
1538,Sweden,1996,0,0,0,,
1539,Sweden,1995,0,0,0,,
1540,Sweden,1994,0,0,0,,
1541,Sweden,1993,0,0,0,,
1542,Sweden,1992,0,0,0,,
1543,Sweden,1991,0,0,0,,
1544,Sweden,1990,0,0,0,,
1545,Sweden,1989,0,0,0,,
1546,Sweden,1988,0,0,0,,
1547,Sweden,1987,0,0,0,,
1548,Sweden,1986,0,0,0,,
1549,Sweden,1985,0,0,0,,
1550,Sweden,1984,0,0,0,,
1551,Sweden,1983,0,0,0,,
1552,Sweden,1982,0,0,0,,
1553,Sweden,1981,0,0,0,,
1554,Sweden,1980,0,0,0,,
1555,Sweden,1979,0,0,0,,
1556,Sweden,1978,0,0,0,,
1557,Sweden,1977,0,0,0,,
1558,Sweden,1976,0,0,0,,
1559,Syria,2016,1005503,0,129,,
1560,Syria,2015,1062690,0,130,,
1561,Syria,2014,1147494,0,131,,
1562,Syria,2013,851284,0,128,,
1563,Syria,2012,126939,0,127,,
1564,Syria,2011,124,0,69,,
1565,Syria,2010,64,0,51,,
1566,Syria,2009,90,0,60,,
1567,Syria,2008,84,0,58,,
1568,Syria,2007,48,0,45,,
1569,Syria,2006,6,0,6,,
1570,Syria,2005,0,0,0,,
1571,Syria,2004,0,0,0,,
1572,Syria,2003,0,0,0,,
1573,Syria,2002,0,0,0,,
1574,Syria,2001,0,0,0,,
1575,Syria,2000,0,0,0,,
1576,Syria,1999,0,0,0,,
1577,Syria,1998,0,0,0,,
1578,Syria,1997,0,0,0,,
1579,Syria,1996,0,0,0,,
1580,Syria,1995,0,0,0,,
1581,Syria,1994,0,0,0,,
1582,Syria,1993,0,0,0,,
1583,Syria,1992,0,0,0,,
1584,Syria,1991,0,0,0,,
1585,Syria,1990,0,0,0,,
1586,Syria,1989,0,0,0,,
1587,Syria,1988,50,0,47,,
1588,Syria,1987,0,0,0,,
1589,Syria,1986,520,0,89,,
1590,Syria,1985,590,0,95,,
1591,Syria,1984,520,0,89,,
1592,Syria,1983,520,0,89,,
1593,Syria,1982,500,0,88,,
1594,Syria,1981,500,0,88,,
1595,Syria,1980,500,0,88,,
1596,Syria,1979,500,0,88,,
1597,Syria,1978,0,0,0,,
1598,Syria,1977,0,0,0,,
1599,Syria,1976,0,0,0,,
1600,Tunisia,2016,11,0,11,,
1601,Tunisia,2015,11,0,11,,
1602,Tunisia,2014,9,0,9,,
1603,Tunisia,2013,9,0,9,,
1604,Tunisia,2012,9,0,9,,
1605,Tunisia,2011,9,0,9,,
1606,Tunisia,2010,12,0,12,,
1607,Tunisia,2009,12,0,12,,
1608,Tunisia,2008,10,0,10,,
1609,Tunisia,2007,15,0,15,,
1610,Tunisia,2006,15,0,15,,
1611,Tunisia,2005,12,0,12,,
1612,Tunisia,2004,26,0,26,,
1613,Tunisia,2003,24,0,24,,
1614,Tunisia,2002,23,0,23,,
1615,Tunisia,2001,20,0,20,,
1616,Tunisia,2000,0,0,0,,
1617,Tunisia,1999,0,0,0,,
1618,Tunisia,1998,0,0,0,,
1619,Tunisia,1997,0,0,0,,
1620,Tunisia,1996,0,0,0,,
1621,Tunisia,1995,0,0,0,,
1622,Tunisia,1994,0,0,0,,
1623,Tunisia,1993,0,0,0,,
1624,Tunisia,1992,0,0,0,,
1625,Tunisia,1991,0,0,0,,
1626,Tunisia,1990,0,0,0,,
1627,Tunisia,1989,0,0,0,,
1628,Tunisia,1988,0,0,0,,
1629,Tunisia,1987,0,0,0,,
1630,Tunisia,1986,0,0,0,,
1631,Tunisia,1985,0,0,0,,
1632,Tunisia,1984,0,0,0,,
1633,Tunisia,1983,0,0,0,,
1634,Tunisia,1982,0,0,0,,
1635,Tunisia,1981,0,0,0,,
1636,Tunisia,1980,0,0,0,,
1637,Tunisia,1979,0,0,0,,
1638,Tunisia,1978,0,0,0,,
1639,Tunisia,1977,0,0,0,,
1640,Tunisia,1976,0,0,0,,
1641,Turkey,2016,8,0,8,,
1642,Turkey,2015,7,0,7,,
1643,Turkey,2014,10,0,10,,
1644,Turkey,2013,10,0,10,,
1645,Turkey,2012,13,0,13,,
1646,Turkey,2011,10,0,10,,
1647,Turkey,2010,9,0,9,,
1648,Turkey,2009,11,0,11,,
1649,Turkey,2008,15,0,15,,
1650,Turkey,2007,12,0,12,,
1651,Turkey,2006,10,0,10,,
1652,Turkey,2005,18,0,18,,
1653,Turkey,2004,19,0,19,,
1654,Turkey,2003,28,0,28,,
1655,Turkey,2002,25,0,25,,
1656,Turkey,2001,23,0,23,,
1657,Turkey,2000,0,0,0,,
1658,Turkey,1999,0,0,0,,
1659,Turkey,1998,0,0,0,,
1660,Turkey,1997,0,0,0,,
1661,Turkey,1996,0,0,0,,
1662,Turkey,1995,0,0,0,,
1663,Turkey,1994,0,0,0,,
1664,Turkey,1993,0,0,0,,
1665,Turkey,1992,0,0,0,,
1666,Turkey,1991,0,0,0,,
1667,Turkey,1990,0,0,0,,
1668,Turkey,1989,0,0,0,,
1669,Turkey,1988,0,0,0,,
1670,Turkey,1987,0,0,0,,
1671,Turkey,1986,0,0,0,,
1672,Turkey,1985,0,0,0,,
1673,Turkey,1984,0,0,0,,
1674,Turkey,1983,0,0,0,,
1675,Turkey,1982,0,0,0,,
1676,Turkey,1981,0,0,0,,
1677,Turkey,1980,0,0,0,,
1678,Turkey,1979,0,0,0,,
1679,Turkey,1978,0,0,0,,
1680,Turkey,1977,0,0,0,,
1681,Turkey,1976,0,0,0,,
1682,Uganda,2016,0,0,0,,
1683,Uganda,2015,0,0,0,,
1684,Uganda,2014,0,0,0,,
1685,Uganda,2013,0,0,0,,
1686,Uganda,2012,0,0,0,,
1687,Uganda,2011,0,0,0,,
1688,Uganda,2010,0,0,0,,
1689,Uganda,2009,0,0,0,,
1690,Uganda,2008,0,0,0,,
1691,Uganda,2007,0,0,0,,
1692,Uganda,2006,0,0,0,,
1693,Uganda,2005,0,0,0,,
1694,Uganda,2004,0,0,0,,
1695,Uganda,2003,0,0,0,,
1696,Uganda,2002,0,0,0,,
1697,Uganda,2001,1,0,1,,
1698,Uganda,2000,0,0,0,,
1699,Uganda,1999,0,0,0,,
1700,Uganda,1998,0,0,0,,
1701,Uganda,1997,0,0,0,,
1702,Uganda,1996,0,0,0,,
1703,Uganda,1995,0,0,0,,
1704,Uganda,1994,0,0,0,,
1705,Uganda,1993,0,0,0,,
1706,Uganda,1992,0,0,0,,
1707,Uganda,1991,0,0,0,,
1708,Uganda,1990,0,0,0,,
1709,Uganda,1989,0,0,0,,
1710,Uganda,1988,0,0,0,,
1711,Uganda,1987,0,0,0,,
1712,Uganda,1986,0,0,0,,
1713,Uganda,1985,0,0,0,,
1714,Uganda,1984,0,0,0,,
1715,Uganda,1983,0,0,0,,
1716,Uganda,1982,0,0,0,,
1717,Uganda,1981,0,0,0,,
1718,Uganda,1980,0,0,0,,
1719,Uganda,1979,0,0,0,,
1720,Uganda,1978,0,0,0,,
1721,Uganda,1977,0,0,0,,
1722,Uganda,1976,0,0,0,,
1723,Ukraine,2016,0,0,0,,
1724,Ukraine,2015,0,0,0,,
1725,Ukraine,2014,0,0,0,,
1726,Ukraine,2013,0,0,0,,
1727,Ukraine,2012,2,0,2,,
1728,Ukraine,2011,0,0,0,,
1729,Ukraine,2010,0,0,0,,
1730,Ukraine,2009,0,0,0,,
1731,Ukraine,2008,0,0,0,,
1732,Ukraine,2007,0,0,0,,
1733,Ukraine,2006,0,0,0,,
1734,Ukraine,2005,0,0,0,,
1735,Ukraine,2004,0,0,0,,
1736,Ukraine,2003,0,0,0,,
1737,Ukraine,2002,0,0,0,,
1738,Ukraine,2001,0,0,0,,
1739,Ukraine,2000,0,0,0,,
1740,Ukraine,1999,0,0,0,,
1741,Ukraine,1998,0,0,0,,
1742,Ukraine,1997,0,0,0,,
1743,Ukraine,1996,0,0,0,,
1744,Ukraine,1995,0,0,0,,
1745,Ukraine,1994,0,0,0,,
1746,Ukraine,1993,0,0,0,,
1747,Ukraine,1992,0,0,0,,
1748,Ukraine,1991,0,0,0,,
1749,Ukraine,1990,0,0,0,,
1750,Ukraine,1989,0,0,0,,
1751,Ukraine,1988,0,0,0,,
1752,Ukraine,1987,0,0,0,,
1753,Ukraine,1986,0,0,0,,
1754,Ukraine,1985,0,0,0,,
1755,Ukraine,1984,0,0,0,,
1756,Ukraine,1983,0,0,0,,
1757,Ukraine,1982,0,0,0,,
1758,Ukraine,1981,0,0,0,,
1759,Ukraine,1980,0,0,0,,
1760,Ukraine,1979,0,0,0,,
1761,Ukraine,1978,0,0,0,,
1762,Ukraine,1977,0,0,0,,
1763,Ukraine,1976,0,0,0,,
1764,United Kingdom,2016,0,0,0,,
1765,United Kingdom,2015,0,0,0,,
1766,United Kingdom,2014,0,0,0,,
1767,United Kingdom,2013,0,0,0,,
1768,United Kingdom,2012,0,0,0,,
1769,United Kingdom,2011,0,0,0,,
1770,United Kingdom,2010,1,0,1,,
1771,United Kingdom,2009,1,0,1,,
1772,United Kingdom,2008,1,0,1,,
1773,United Kingdom,2007,1,0,1,,
1774,United Kingdom,2006,0,0,0,,
1775,United Kingdom,2005,0,0,0,,
1776,United Kingdom,2004,0,0,0,,
1777,United Kingdom,2003,0,0,0,,
1778,United Kingdom,2002,0,0,0,,
1779,United Kingdom,2001,0,0,0,,
1780,United Kingdom,2000,0,0,0,,
1781,United Kingdom,1999,0,0,0,,
1782,United Kingdom,1998,0,0,0,,
1783,United Kingdom,1997,0,0,0,,
1784,United Kingdom,1996,0,0,0,,
1785,United Kingdom,1995,0,0,0,,
1786,United Kingdom,1994,0,0,0,,
1787,United Kingdom,1993,0,0,0,,
1788,United Kingdom,1992,0,0,0,,
1789,United Kingdom,1991,0,0,0,,
1790,United Kingdom,1990,0,0,0,,
1791,United Kingdom,1989,0,0,0,,
1792,United Kingdom,1988,0,0,0,,
1793,United Kingdom,1987,0,0,0,,
1794,United Kingdom,1986,0,0,0,,
1795,United Kingdom,1985,0,0,0,,
1796,United Kingdom,1984,0,0,0,,
1797,United Kingdom,1983,0,0,0,,
1798,United Kingdom,1982,0,0,0,,
1799,United Kingdom,1981,0,0,0,,
1800,United Kingdom,1980,0,0,0,,
1801,United Kingdom,1979,0,0,0,,
1802,United Kingdom,1978,0,0,0,,
1803,United Kingdom,1977,0,0,0,,
1804,United Kingdom,1976,0,0,0,,
1805,United States,2016,0,0,0,,
1806,United States,2015,0,0,0,,
1807,United States,2014,0,0,0,,
1808,United States,2013,0,0,0,,
1809,United States,2012,3,0,3,,
1810,United States,2011,1,0,1,,
1811,United States,2010,1,0,1,,
1812,United States,2009,1,0,1,,
1813,United States,2008,1,0,1,,
1814,United States,2007,0,0,0,,
1815,United States,2006,0,0,0,,
1816,United States,2005,0,0,0,,
1817,United States,2004,0,0,0,,
1818,United States,2003,0,0,0,,
1819,United States,2002,0,0,0,,
1820,United States,2001,0,0,0,,
1821,United States,2000,0,0,0,,
1822,United States,1999,0,0,0,,
1823,United States,1998,0,0,0,,
1824,United States,1997,0,0,0,,
1825,United States,1996,0,0,0,,
1826,United States,1995,0,0,0,,
1827,United States,1994,0,0,0,,
1828,United States,1993,0,0,0,,
1829,United States,1992,0,0,0,,
1830,United States,1991,0,0,0,,
1831,United States,1990,0,0,0,,
1832,United States,1989,0,0,0,,
1833,United States,1988,0,0,0,,
1834,United States,1987,0,0,0,,
1835,United States,1986,0,0,0,,
1836,United States,1985,0,0,0,,
1837,United States,1984,0,0,0,,
1838,United States,1983,0,0,0,,
1839,United States,1982,0,0,0,,
1840,United States,1981,0,0,0,,
1841,United States,1980,0,0,0,,
1842,United States,1979,0,0,0,,
1843,United States,1978,0,0,0,,
1844,United States,1977,0,0,0,,
1845,United States,1976,0,0,0,,
1846,Uzbekistan,2016,0,0,0,,
1847,Uzbekistan,2015,0,0,0,,
1848,Uzbekistan,2014,0,0,0,,
1849,Uzbekistan,2013,0,0,0,,
1850,Uzbekistan,2012,1,0,1,,
1851,Uzbekistan,2011,0,0,0,,
1852,Uzbekistan,2010,0,0,0,,
1853,Uzbekistan,2009,0,0,0,,
1854,Uzbekistan,2008,0,0,0,,
1855,Uzbekistan,2007,0,0,0,,
1856,Uzbekistan,2006,0,0,0,,
1857,Uzbekistan,2005,0,0,0,,
1858,Uzbekistan,2004,0,0,0,,
1859,Uzbekistan,2003,0,0,0,,
1860,Uzbekistan,2002,0,0,0,,
1861,Uzbekistan,2001,0,0,0,,
1862,Uzbekistan,2000,0,0,0,,
1863,Uzbekistan,1999,0,0,0,,
1864,Uzbekistan,1998,0,0,0,,
1865,Uzbekistan,1997,0,0,0,,
1866,Uzbekistan,1996,0,0,0,,
1867,Uzbekistan,1995,0,0,0,,
1868,Uzbekistan,1994,0,0,0,,
1869,Uzbekistan,1993,0,0,0,,
1870,Uzbekistan,1992,0,0,0,,
1871,Uzbekistan,1991,0,0,0,,
1872,Uzbekistan,1990,0,0,0,,
1873,Uzbekistan,1989,0,0,0,,
1874,Uzbekistan,1988,0,0,0,,
1875,Uzbekistan,1987,0,0,0,,
1876,Uzbekistan,1986,0,0,0,,
1877,Uzbekistan,1985,0,0,0,,
1878,Uzbekistan,1984,0,0,0,,
1879,Uzbekistan,1983,0,0,0,,
1880,Uzbekistan,1982,0,0,0,,
1881,Uzbekistan,1981,0,0,0,,
1882,Uzbekistan,1980,0,0,0,,
1883,Uzbekistan,1979,0,0,0,,
1884,Uzbekistan,1978,0,0,0,,
1885,Uzbekistan,1977,0,0,0,,
1886,Uzbekistan,1976,0,0,0,,
1887,Yemen,2016,14,0,14,,
1888,Yemen,2015,7,0,7,,
1889,Yemen,2014,2,0,2,,
1890,Yemen,2013,2,0,2,,
1891,Yemen,2012,2,0,2,,
1892,Yemen,2011,1,0,1,,
1893,Yemen,2010,5,0,5,,
1894,Yemen,2009,6,0,6,,
1895,Yemen,2008,6,0,6,,
1896,Yemen,2007,7,0,7,,
1897,Yemen,2006,6,0,6,,
1898,Yemen,2005,10,0,10,,
1899,Yemen,2004,9,0,9,,
1900,Yemen,2003,10,0,10,,
1901,Yemen,2002,10,0,10,,
1902,Yemen,2001,11,0,11,,
1903,Yemen,2000,0,0,0,,
1904,Yemen,1999,0,0,0,,
1905,Yemen,1998,0,0,0,,
1906,Yemen,1997,0,0,0,,
1907,Yemen,1996,0,0,0,,
1908,Yemen,1995,0,0,0,,
1909,Yemen,1994,0,0,0,,
1910,Yemen,1993,0,0,0,,
1911,Yemen,1992,0,0,0,,
1912,Yemen,1991,0,0,0,,
1913,Yemen,1990,0,0,0,,
1914,Yemen,1989,0,0,0,,
1915,Yemen,1988,0,0,0,,
1916,Yemen,1987,0,0,0,,
1917,Yemen,1986,0,0,0,,
1918,Yemen,1985,0,0,0,,
1919,Yemen,1984,0,0,0,,
1920,Yemen,1983,0,0,0,,
1921,Yemen,1982,0,0,0,,
1922,Yemen,1981,0,0,0,,
1923,Yemen,1980,0,0,0,,
1924,Yemen,1979,0,0,0,,
1925,Yemen,1978,0,0,0,,
1926,Yemen,1977,0,0,0,,
1927,Yemen,1976,0,0,0,,
,,,,,,,
,,,,,,,
,,,,,,,
,,,,,,,
,,,,,,,
,,,,,,,
,,,,,,,
,,,,,,,
,,,,,,,
,,,,,,,
,,,,,,,
,,,,,,,
,,,,,,,
,,,,,,,
,,,,,,,
,,,,,,,
,,,,,,,
,,,,,,,
,,,,,,,
,,,,,,,
,,,,,,,
,,,,,,,
,,,,,,,
,,,,,,,
,,,,,,,
,,,,,,,
,,,,,,,
,,,,,,,
,,,,,,,
,,,,,,,
,,,,,,,
,,,,,,,
,,,,,,,
,,,,,,,
,,,,,,,
,,,,,,,
,,,,,,,
,,,,,,,
,,,,,,,
,,,,,,,
,,,,,,,
,,,,,,,
,,,,,,,
,,,,,,,
,,,,,,,
,,,,,,,
,,,,,,,
,,,,,,,
,,,,,,,
,,,,,,,
,,,,,,,
,,,,,,,
,,,,,,,
,,,,,,,
,,,,,,,
,,,,,,,
,,,,,,,
,,,,,,,
,,,,,,,
,,,,,,,
,,,,,,,
,,,,,,,
,,,,,,,
,,,,,,,
,,,,,,,
,,,,,,,
,,,,,,,
,,,,,,,
,,,,,,,
,,,,,,,
,,,,,,,
,,,,,,,
,,,,,,,
,,,,,,,
,,,,,,,
,,,,,,,
,,,,,,,
,,,,,,,
,,,,,,,
,,,,,,,
,,,,,,,
,,,,,,,
,,,,,,,
,,,,,,,
,,,,,,,
,,,,,,,
,,,,,,,
,,,,,,,
,,,,,,,
,,,,,,,
,,,,,,,
,,,,,,,
,,,,,,,
,,,,,,,
,,,,,,,
,,,,,,,
,,,,,,,
,,,,,,,
,,,,,,,
,,,,,,,
,,,,,,,
,,,,,,,
,,,,,,,
,,,,,,,
,,,,,,,
,,,,,,,
,,,,,,,
,,,,,,,
,,,,,,,
,,,,,,,
,,,,,,,
,,,,,,,
,,,,,,,
,,,,,,,
,,,,,,,
,,,,,,,
,,,,,,,
,,,,,,,
,,,,,,,
,,,,,,,
,,,,,,,
,,,,,,,
,,,,,,,
,,,,,,,
,,,,,,,
,,,,,,,
,,,,,,,
,,,,,,,
,,,,,,,
,,,,,,,
,,,,,,,
,,,,,,,
,,,,,,,
,,,,,,,
,,,,,,,
,,,,,,,
,,,,,,,
,,,,,,,
,,,,,,,
,,,,,,,
,,,,,,,
,,,,,,,
,,,,,,,
,,,,,,,
,,,,,,,
,,,,,,,
,,,,,,,
,,,,,,,
,,,,,,,
,,,,,,,
,,,,,,,
,,,,,,,
,,,,,,,
,,,,,,,
,,,,,,,
,,,,,,,
,,,,,,,
,,,,,,,
,,,,,,,
,,,,,,,
,,,,,,,
,,,,,,,
,,,,,,,
,,,,,,,
,,,,,,,
,,,,,,,
,,,,,,,
,,,,,,,
,,,,,,,
,,,,,,,
,,,,,,,
,,,,,,,
,,,,,,,
,,,,,,,
,,,,,,,
,,,,,,,
,,,,,,,
,,,,,,,
,,,,,,,
,,,,,,,
,,,,,,,
,,,,,,,
,,,,,,,
,,,,,,,
,,,,,,,
,,,,,,,
,,,,,,,
,,,,,,,
,,,,,,,
,,,,,,,
,,,,,,,
,,,,,,,
,,,,,,,
,,,,,,,
,,,,,,,
,,,,,,,
,,,,,,,
,,,,,,,
,,,,,,,
,,,,,,,
,,,,,,,
,,,,,,,
,,,,,,,
,,,,,,,
,,,,,,,
,,,,,,,
,,,,,,,
,,,,,,,
,,,,,,,
,,,,,,,
,,,,,,,
,,,,,,,
,,,,,,,
,,,,,,,
,,,,,,,
,,,,,,,
,,,,,,,
,,,,,,,
,,,,,,,
,,,,,,,
,,,,,,,
,,,,,,,
,,,,,,,
,,,,,,,
,,,,,,,
,,,,,,,
,,,,,,,
,,,,,,,
,,,,,,,
,,,,,,,
,,,,,,,
,,,,,,,
,,,,,,,
,,,,,,,
,,,,,,,
,,,,,,,
,,,,,,,
,,,,,,,
,,,,,,,
,,,,,,,
,,,,,,,
,,,,,,,
,,,,,,,
,,,,,,,
,,,,,,,
,,,,,,,
,,,,,,,
,,,,,,,
,,,,,,,
,,,,,,,
,,,,,,,
,,,,,,,
,,,,,,,
,,,,,,,
,,,,,,,
,,,,,,,
,,,,,,,
,,,,,,,
,,,,,,,
,,,,,,,
,,,,,,,
,,,,,,,
,,,,,,,
,,,,,,,
,,,,,,,
,,,,,,,
,,,,,,,
,,,,,,,
,,,,,,,
,,,,,,,
,,,,,,,
,,,,,,,
,,,,,,,
,,,,,,,
,,,,,,,
,,,,,,,
,,,,,,,
,,,,,,,
,,,,,,,
,,,,,,,
,,,,,,,
,,,,,,,
,,,,,,,
,,,,,,,
,,,,,,,
,,,,,,,
,,,,,,,
,,,,,,,
,,,,,,,
,,,,,,,
,,,,,,,
,,,,,,,
,,,,,,,
,,,,,,,
,,,,,,,
,,,,,,,
,,,,,,,
,,,,,,,
,,,,,,,
,,,,,,,
,,,,,,,
,,,,,,,
,,,,,,,
,,,,,,,
,,,,,,,
,,,,,,,
,,,,,,,
,,,,,,,
,,,,,,,
,,,,,,,
,,,,,,,
,,,,,,,
,,,,,,,
,,,,,,,
,,,,,,,
,,,,,,,
,,,,,,,
,,,,,,,
,,,,,,,
,,,,,,,
,,,,,,,
,,,,,,,
,,,,,,,
,,,,,,,
,,,,,,,
,,,,,,,
,,,,,,,
,,,,,,,
,,,,,,,
,,,,,,,
,,,,,,,
,,,,,,,
,,,,,,,
,,,,,,,
,,,,,,,
,,,,,,,
,,,,,,,
,,,,,,,
,,,,,,,
,,,,,,,
,,,,,,,
,,,,,,,
,,,,,,,
,,,,,,,
,,,,,,,
,,,,,,,
,,,,,,,
,,,,,,,
,,,,,,,
,,,,,,,
,,,,,,,
,,,,,,,
,,,,,,,
,,,,,,,
,,,,,,,
,,,,,,,
,,,,,,,
,,,,,,,
,,,,,,,
,,,,,,,
,,,,,,,
,,,,,,,
,,,,,,,
,,,,,,,
,,,,,,,
,,,,,,,
,,,,,,,
,,,,,,,
,,,,,,,
,,,,,,,
,,,,,,,
,,,,,,,
,,,,,,,
,,,,,,,
,,,,,,,
,,,,,,,
,,,,,,,
,,,,,,,
,,,,,,,
,,,,,,,
,,,,,,,
,,,,,,,
,,,,,,,
,,,,,,,
,,,,,,,
,,,,,,,
,,,,,,,
,,,,,,,
,,,,,,,
,,,,,,,
,,,,,,,
,,,,,,,
,,,,,,,
,,,,,,,
,,,,,,,
,,,,,,,
,,,,,,,
,,,,,,,
,,,,,,,
,,,,,,,
,,,,,,,
,,,,,,,
,,,,,,,
,,,,,,,
,,,,,,,
,,,,,,,
,,,,,,,
,,,,,,,
,,,,,,,
,,,,,,,
,,,,,,,
,,,,,,,
,,,,,,,
,,,,,,,
,,,,,,,
,,,,,,,
,,,,,,,
,,,,,,,
,,,,,,,
,,,,,,,
,,,,,,,
,,,,,,,
,,,,,,,
,,,,,,,
,,,,,,,
,,,,,,,
,,,,,,,
,,,,,,,
,,,,,,,
,,,,,,,
,,,,,,,
,,,,,,,
,,,,,,,
,,,,,,,
,,,,,,,
,,,,,,,
,,,,,,,
,,,,,,,
,,,,,,,
,,,,,,,
,,,,,,,
,,,,,,,
,,,,,,,
,,,,,,,
,,,,,,,
,,,,,,,
,,,,,,,
,,,,,,,
,,,,,,,
,,,,,,,
,,,,,,,
,,,,,,,
,,,,,,,
,,,,,,,
,,,,,,,
,,,,,,,
,,,,,,,
,,,,,,,
,,,,,,,
,,,,,,,
,,,,,,,
,,,,,,,
,,,,,,,
,,,,,,,
,,,,,,,
,,,,,,,
,,,,,,,
,,,,,,,
,,,,,,,
,,,,,,,
,,,,,,,
,,,,,,,
,,,,,,,
,,,,,,,
,,,,,,,
,,,,,,,
,,,,,,,
,,,,,,,
,,,,,,,
,,,,,,,
,,,,,,,
,,,,,,,
,,,,,,,
,,,,,,,
,,,,,,,
,,,,,,,
,,,,,,,
,,,,,,,
,,,,,,,
,,,,,,,
,,,,,,,
,,,,,,,
,,,,,,,
,,,,,,,
,,,,,,,
,,,,,,,
,,,,,,,
,,,,,,,
,,,,,,,
,,,,,,,
,,,,,,,
,,,,,,,
,,,,,,,
,,,,,,,
,,,,,,,
,,,,,,,
,,,,,,,
,,,,,,,
,,,,,,,
,,,,,,,
,,,,,,,