,country,year,cumulative_donations,receipts,net_donations,donations
1,Afghanistan,1976,0,0,0,0
2,Afghanistan,1977,0,0,0,0
3,Afghanistan,1978,0,0,0,0
4,Afghanistan,1979,0,0,0,0
5,Afghanistan,1980,0,0,0,0
6,Afghanistan,1981,0,0,0,0
7,Afghanistan,1982,0,0,0,0
8,Afghanistan,1983,0,0,0,0
9,Afghanistan,1984,0,0,0,0
10,Afghanistan,1985,0,0,0,0
11,Afghanistan,1986,100,0,64,100
12,Afghanistan,1987,100,0,0,0
13,Afghanistan,1988,150,0,47,50
14,Afghanistan,1989,200,0,47,50
15,Afghanistan,1990,500,0,82,300
16,Afghanistan,1991,600,0,64,100
17,Afghanistan,1992,690,0,60,90
18,Afghanistan,1993,1240,0,92,550
19,Afghanistan,1994,1790,0,92,550
20,Afghanistan,1995,2340,0,92,550
21,Afghanistan,1996,2890,0,92,550
22,Afghanistan,1997,3440,0,92,550
23,Afghanistan,1998,3990,0,92,550
24,Afghanistan,1999,4540,0,92,550
25,Afghanistan,2000,4598,0,49,58
26,Afghanistan,2001,4646,0,45,48
27,Afghanistan,2002,4693,0,44,47
28,Afghanistan,2003,4742,0,46,49
29,Afghanistan,2004,4773,0,31,31
30,Afghanistan,2005,4786,0,13,13
31,Afghanistan,2006,4792,0,6,6
32,Afghanistan,2007,4801,0,9,9
33,Afghanistan,2008,4809,0,8,8
34,Afghanistan,2009,4817,0,8,8
35,Afghanistan,2010,4826,0,9,9
36,Afghanistan,2011,4831,0,5,5
37,Afghanistan,2012,4843,0,12,12
38,Afghanistan,2013,4859,0,16,16
39,Afghanistan,2014,4878,0,19,19
40,Afghanistan,2015,4898,0,20,20
41,Afghanistan,2016,4920,0,22,22
42,Algeria,1976,0,0,0,0
43,Algeria,1977,0,0,0,0
44,Algeria,1978,0,0,0,0
45,Algeria,1979,0,0,0,0
46,Algeria,1980,0,0,0,0
47,Algeria,1981,0,0,0,0
48,Algeria,1982,0,0,0,0
49,Algeria,1983,0,0,0,0
50,Algeria,1984,0,0,0,0
51,Algeria,1985,0,0,0,0
52,Algeria,1986,0,0,0,0
53,Algeria,1987,0,0,0,0
54,Algeria,1988,0,0,0,0
55,Algeria,1989,0,0,0,0
56,Algeria,1990,0,0,0,0
57,Algeria,1991,0,0,0,0
58,Algeria,1992,0,0,0,0
59,Algeria,1993,0,0,0,0
60,Algeria,1994,0,0,0,0
61,Algeria,1995,0,0,0,0
62,Algeria,1996,0,0,0,0
63,Algeria,1997,0,0,0,0
64,Algeria,1998,54,0,48,54
65,Algeria,1999,130,0,56,76
66,Algeria,2000,176,0,43,46
67,Algeria,2001,214,0,38,38
68,Algeria,2002,250,0,36,36
69,Algeria,2003,277,0,27,27
70,Algeria,2004,298,0,21,21
71,Algeria,2005,309,0,11,11
72,Algeria,2006,314,0,5,5
73,Algeria,2007,318,0,4,4
74,Algeria,2008,322,0,4,4
75,Algeria,2009,326,0,4,4
76,Algeria,2010,330,0,4,4
77,Algeria,2011,332,0,2,2
78,Algeria,2012,332,0,0,0
79,Algeria,2013,332,0,0,0
80,Algeria,2014,332,0,0,0
81,Algeria,2015,332,0,0,0
82,Algeria,2016,333,0,1,1
83,Armenia,1976,0,0,0,0
84,Armenia,1977,0,0,0,0
85,Armenia,1978,0,0,0,0
86,Armenia,1979,300,0,82,300
87,Armenia,1980,600,0,82,300
88,Armenia,1981,900,0,82,300
89,Armenia,1982,1200,0,82,300
90,Armenia,1983,1500,0,82,300
91,Armenia,1984,1800,0,82,300
92,Armenia,1985,2100,0,82,300
93,Armenia,1986,2400,0,82,300
94,Armenia,1987,2700,0,82,300
95,Armenia,1988,3000,0,82,300
96,Armenia,1989,3000,0,0,0
97,Armenia,1990,3000,0,0,0
98,Armenia,1991,3000,0,0,0
99,Armenia,1992,3000,0,0,0
100,Armenia,1993,3000,0,0,0
101,Armenia,1994,3000,0,0,0
102,Armenia,1995,3000,0,0,0
103,Armenia,1996,3000,0,0,0
104,Armenia,1997,3000,0,0,0
105,Armenia,1998,3000,0,0,0
106,Armenia,1999,3000,0,0,0
107,Armenia,2000,3000,0,0,0
108,Armenia,2001,3000,0,0,0
109,Armenia,2002,3000,0,0,0
110,Armenia,2003,3000,0,0,0
111,Armenia,2004,3000,0,0,0
112,Armenia,2005,3000,0,0,0
113,Armenia,2006,3000,0,0,0
114,Armenia,2007,3000,0,0,0
115,Armenia,2008,3000,0,0,0
116,Armenia,2009,3000,0,0,0
117,Armenia,2010,3001,0,1,1
118,Armenia,2011,3002,0,1,1
119,Armenia,2012,3003,0,1,1
120,Armenia,2013,3003,0,0,0
121,Armenia,2014,3003,0,0,0
122,Armenia,2015,3003,0,0,0
123,Armenia,2016,3003,0,0,0
124,Bahrain,1976,0,0,0,0
125,Bahrain,1977,0,0,0,0
126,Bahrain,1978,0,0,0,0
127,Bahrain,1979,0,0,0,0
128,Bahrain,1980,0,0,0,0
129,Bahrain,1981,0,0,0,0
130,Bahrain,1982,0,0,0,0
131,Bahrain,1983,0,0,0,0
132,Bahrain,1984,0,0,0,0
133,Bahrain,1985,0,0,0,0
134,Bahrain,1986,0,0,0,0
135,Bahrain,1987,0,0,0,0
136,Bahrain,1988,0,0,0,0
137,Bahrain,1989,0,0,0,0
138,Bahrain,1990,0,0,0,0
139,Bahrain,1991,0,0,0,0
140,Bahrain,1992,0,0,0,0
141,Bahrain,1993,0,0,0,0
142,Bahrain,1994,0,0,0,0
143,Bahrain,1995,0,0,0,0
144,Bahrain,1996,0,0,0,0
145,Bahrain,1997,0,0,0,0
146,Bahrain,1998,0,0,0,0
147,Bahrain,1999,0,0,0,0
148,Bahrain,2000,0,0,0,0
149,Bahrain,2005,0,0,0,0
150,Bahrain,2006,0,0,0,0
151,Bahrain,2007,0,0,0,0
152,Bahrain,2008,0,0,0,0
153,Bahrain,2009,0,0,0,0
154,Bahrain,2010,0,0,0,0
155,Bahrain,2011,0,0,0,0
156,Bahrain,2013,0,0,0,0
157,Bahrain,2003,1,0,1,1
158,Bahrain,2004,2,0,1,1
159,Bahrain,2012,3,0,1,1
160,Bahrain,2001,6,0,3,3
161,Bahrain,2002,9,0,3,3
162,Bahrain,2014,18,0,9,9
163,Bahrain,2015,37,0,19,19
164,Bahrain,2016,61,0,24,24
165,Bangladesh,1976,0,0,0,0
166,Bangladesh,1977,0,0,0,0
167,Bangladesh,1978,0,0,0,0
168,Bangladesh,1979,0,0,0,0
169,Bangladesh,1980,0,0,0,0
170,Bangladesh,1981,0,0,0,0
171,Bangladesh,1982,0,0,0,0
172,Bangladesh,1983,0,0,0,0
173,Bangladesh,1984,0,0,0,0
174,Bangladesh,1985,0,0,0,0
175,Bangladesh,1986,0,0,0,0
176,Bangladesh,1987,0,0,0,0
177,Bangladesh,1988,0,0,0,0
178,Bangladesh,1989,0,0,0,0
179,Bangladesh,1990,0,0,0,0
180,Bangladesh,1991,0,0,0,0
181,Bangladesh,1992,0,0,0,0
182,Bangladesh,1993,0,0,0,0
183,Bangladesh,1994,0,0,0,0
184,Bangladesh,1995,0,0,0,0
185,Bangladesh,1996,0,0,0,0
186,Bangladesh,1997,0,0,0,0
187,Bangladesh,1998,0,0,0,0
188,Bangladesh,1999,0,0,0,0
189,Bangladesh,2000,0,0,0,0
190,Bangladesh,2001,0,0,0,0
191,Bangladesh,2002,0,0,0,0
192,Bangladesh,2003,0,0,0,0
193,Bangladesh,2004,0,0,0,0
194,Bangladesh,2005,0,0,0,0
195,Bangladesh,2006,0,0,0,0
196,Bangladesh,2007,0,0,0,0
197,Bangladesh,2008,0,0,0,0
198,Bangladesh,2009,0,0,0,0
199,Bangladesh,2010,0,0,0,0
200,Bangladesh,2011,1,0,1,1
201,Bangladesh,2012,3,0,2,2
202,Bangladesh,2013,3,0,0,0
203,Bangladesh,2014,3,0,0,0
204,Bangladesh,2015,3,0,0,0
205,Bangladesh,2016,3,0,0,0
206,Burundi,1976,0,0,0,0
207,Burundi,1977,0,0,0,0
208,Burundi,1978,0,0,0,0
209,Burundi,1979,0,0,0,0
210,Burundi,1980,0,0,0,0
211,Burundi,1981,0,0,0,0
212,Burundi,1982,0,0,0,0
213,Burundi,1983,0,0,0,0
214,Burundi,1984,0,0,0,0
215,Burundi,1985,0,0,0,0
216,Burundi,1986,0,0,0,0
217,Burundi,1987,0,0,0,0
218,Burundi,1988,0,0,0,0
219,Burundi,1989,0,0,0,0
220,Burundi,1990,0,0,0,0
221,Burundi,1991,0,0,0,0
222,Burundi,1992,0,0,0,0
223,Burundi,1993,0,0,0,0
224,Burundi,1994,0,0,0,0
225,Burundi,1995,0,0,0,0
226,Burundi,1996,0,0,0,0
227,Burundi,1997,0,0,0,0
228,Burundi,1998,0,0,0,0
229,Burundi,1999,0,0,0,0
230,Burundi,2000,0,0,0,0
231,Burundi,2001,7,0,7,7
232,Burundi,2002,12,0,5,5
233,Burundi,2003,16,0,4,4
234,Burundi,2004,17,0,1,1
235,Burundi,2005,17,0,0,0
236,Burundi,2006,17,0,0,0
237,Burundi,2007,17,0,0,0
238,Burundi,2008,17,0,0,0
239,Burundi,2009,17,0,0,0
240,Burundi,2010,17,0,0,0
241,Burundi,2011,17,0,0,0
242,Burundi,2012,17,0,0,0
243,Burundi,2013,17,0,0,0
244,Burundi,2014,17,0,0,0
245,Burundi,2015,17,0,0,0
246,Burundi,2016,17,0,0,0
247,Canada,1976,0,0,0,0
248,Canada,1977,0,0,0,0
249,Canada,1978,0,0,0,0
250,Canada,1979,0,0,0,0
251,Canada,1980,0,0,0,0
252,Canada,1981,0,0,0,0
253,Canada,1982,0,0,0,0
254,Canada,1983,0,0,0,0
255,Canada,1984,0,0,0,0
256,Canada,1985,0,0,0,0
257,Canada,1986,0,0,0,0
258,Canada,1987,0,0,0,0
259,Canada,1988,0,0,0,0
260,Canada,1989,0,0,0,0
261,Canada,1990,0,0,0,0
262,Canada,1991,0,0,0,0
263,Canada,1992,0,0,0,0
264,Canada,1993,0,0,0,0
265,Canada,1994,0,0,0,0
266,Canada,1995,0,0,0,0
267,Canada,1996,0,0,0,0
268,Canada,1997,0,0,0,0
269,Canada,1998,0,0,0,0
270,Canada,1999,0,0,0,0
271,Canada,2000,0,0,0,0
272,Canada,2001,0,0,0,0
273,Canada,2002,0,0,0,0
274,Canada,2003,0,0,0,0
275,Canada,2004,0,0,0,0
276,Canada,2005,0,0,0,0
277,Canada,2006,0,0,0,0
278,Canada,2007,0,0,0,0
279,Canada,2008,0,0,0,0
280,Canada,2009,0,0,0,0
281,Canada,2010,0,0,0,0
282,Canada,2011,4,0,4,4
283,Canada,2012,8,0,4,4
284,Canada,2013,8,0,0,0
285,Canada,2014,8,0,0,0
286,Canada,2015,8,0,0,0
287,Canada,2016,8,0,0,0
288,Chad,1976,0,0,0,0
289,Chad,1977,0,0,0,0
290,Chad,1978,0,0,0,0
291,Chad,1979,0,0,0,0
292,Chad,1980,0,0,0,0
293,Chad,1981,0,0,0,0
294,Chad,1982,0,0,0,0
295,Chad,1983,0,0,0,0
296,Chad,1984,0,0,0,0
297,Chad,1985,0,0,0,0
298,Chad,1986,0,0,0,0
299,Chad,1987,0,0,0,0
300,Chad,1988,0,0,0,0
301,Chad,1989,0,0,0,0
302,Chad,1990,0,0,0,0
303,Chad,1991,0,0,0,0
304,Chad,1992,0,0,0,0
305,Chad,1993,0,0,0,0
306,Chad,1994,0,0,0,0
307,Chad,1995,0,0,0,0
308,Chad,1996,0,0,0,0
309,Chad,1997,0,0,0,0
310,Chad,1998,0,0,0,0
311,Chad,1999,0,0,0,0
312,Chad,2000,0,0,0,0
313,Chad,2001,3,0,3,3
314,Chad,2002,6,0,3,3
315,Chad,2003,8,0,2,2
316,Chad,2004,9,0,1,1
317,Chad,2005,9,0,0,0
318,Chad,2006,9,0,0,0
319,Chad,2007,9,0,0,0
320,Chad,2008,9,0,0,0
321,Chad,2009,9,0,0,0
322,Chad,2010,9,0,0,0
323,Chad,2011,9,0,0,0
324,Chad,2012,9,0,0,0
325,Chad,2013,9,0,0,0
326,Chad,2014,9,0,0,0
327,Chad,2015,9,0,0,0
328,Chad,2016,9,0,0,0
329,Congo,1976,0,0,0,0
330,Congo,1977,0,0,0,0
331,Congo,1978,0,0,0,0
332,Congo,1979,0,0,0,0
333,Congo,1980,0,0,0,0
334,Congo,1981,0,0,0,0
335,Congo,1982,0,0,0,0
336,Congo,1983,0,0,0,0
337,Congo,1984,0,0,0,0
338,Congo,1985,0,0,0,0
339,Congo,1986,0,0,0,0
340,Congo,1987,0,0,0,0
341,Congo,1988,0,0,0,0
342,Congo,1989,0,0,0,0
343,Congo,1990,0,0,0,0
344,Congo,1991,0,0,0,0
345,Congo,1992,0,0,0,0
346,Congo,1993,0,0,0,0
347,Congo,1994,0,0,0,0
348,Congo,1995,0,0,0,0
349,Congo,1996,0,0,0,0
350,Congo,1997,0,0,0,0
351,Congo,1998,0,0,0,0
352,Congo,1999,0,0,0,0
353,Congo,2000,0,0,0,0
354,Congo,2001,4,0,4,4
355,Congo,2002,12,0,8,8
356,Congo,2003,21,0,9,9
357,Congo,2004,30,0,9,9
358,Congo,2005,30,0,0,0
359,Congo,2006,30,0,0,0
360,Congo,2007,30,0,0,0
361,Congo,2008,30,0,0,0
362,Congo,2009,30,0,0,0
363,Congo,2010,30,0,0,0
364,Congo,2011,31,0,1,1
365,Congo,2012,31,0,0,0
366,Congo,2013,34,0,3,3
367,Congo,2014,36,0,2,2
368,Congo,2015,41,0,5,5
369,Congo,2016,46,0,5,5
370,Egypt,1976,0,0,0,0
371,Egypt,1977,0,0,0,0
372,Egypt,1978,50,0,47,50
373,Egypt,1979,50,0,0,0
374,Egypt,1980,50,0,0,0
375,Egypt,1981,50,0,0,0
376,Egypt,1982,50,0,0,0
377,Egypt,1983,50,0,0,0
378,Egypt,1984,50,0,0,0
379,Egypt,1985,50,0,0,0
380,Egypt,1986,50,0,0,0
381,Egypt,1987,50,0,0,0
382,Egypt,1988,50,0,0,0
383,Egypt,1989,50,0,0,0
384,Egypt,1990,50,0,0,0
385,Egypt,1991,50,0,0,0
386,Egypt,1992,50,0,0,0
387,Egypt,1993,50,0,0,0
388,Egypt,1994,50,0,0,0
389,Egypt,1995,50,0,0,0
390,Egypt,1996,50,0,0,0
391,Egypt,1997,50,0,0,0
392,Egypt,1998,50,0,0,0
393,Egypt,1999,50,0,0,0
394,Egypt,2000,50,0,0,0
395,Egypt,2001,67,0,17,17
396,Egypt,2002,83,0,16,16
397,Egypt,2003,93,0,10,10
398,Egypt,2004,102,0,9,9
399,Egypt,2005,111,0,9,9
400,Egypt,2006,118,0,7,7
401,Egypt,2007,133,0,15,15
402,Egypt,2008,153,0,20,20
403,Egypt,2009,174,0,21,21
404,Egypt,2010,185,0,11,11
405,Egypt,2011,192,0,7,7
406,Egypt,2012,208,0,16,16
407,Egypt,2013,236,0,28,28
408,Egypt,2014,262,0,26,26
409,Egypt,2015,307,0,42,45
410,Egypt,2016,342,0,35,35
411,Eritrea,1976,0,0,0,0
412,Eritrea,1977,0,0,0,0
413,Eritrea,1978,0,0,0,0
414,Eritrea,1979,0,0,0,0
415,Eritrea,1980,0,0,0,0
416,Eritrea,1981,0,0,0,0
417,Eritrea,1982,0,0,0,0
418,Eritrea,1983,0,0,0,0
419,Eritrea,1984,0,0,0,0
420,Eritrea,1985,0,0,0,0
421,Eritrea,1986,0,0,0,0
422,Eritrea,1987,0,0,0,0
423,Eritrea,1988,0,0,0,0
424,Eritrea,1989,0,0,0,0
425,Eritrea,1990,0,0,0,0
426,Eritrea,1991,0,0,0,0
427,Eritrea,1992,0,0,0,0
428,Eritrea,1993,0,0,0,0
429,Eritrea,1994,0,0,0,0
430,Eritrea,1995,0,0,0,0
431,Eritrea,1996,0,0,0,0
432,Eritrea,1997,0,0,0,0
433,Eritrea,1998,0,0,0,0
434,Eritrea,1999,0,0,0,0
435,Eritrea,2000,0,0,0,0
436,Eritrea,2001,2,0,2,2
437,Eritrea,2002,3,0,1,1
438,Eritrea,2003,5,0,2,2
439,Eritrea,2004,8,0,3,3
440,Eritrea,2005,8,0,0,0
441,Eritrea,2006,8,0,0,0
442,Eritrea,2007,14,0,6,6
443,Eritrea,2008,19,0,5,5
444,Eritrea,2009,22,0,3,3
445,Eritrea,2010,29,0,7,7
446,Eritrea,2011,34,0,5,5
447,Eritrea,2012,36,0,2,2
448,Eritrea,2013,38,0,2,2
449,Eritrea,2014,48,0,10,10
450,Eritrea,2015,68,0,20,20
451,Eritrea,2016,89,0,21,21
452,Ethiopia,1976,0,0,0,0
453,Ethiopia,1977,0,0,0,0
454,Ethiopia,1978,0,0,0,0
455,Ethiopia,1979,1100,0,105,1100
456,Ethiopia,1980,2500,0,108,1400
457,Ethiopia,1981,3500,0,104,1000
458,Ethiopia,1982,4500,0,104,1000
459,Ethiopia,1983,5500,0,104,1000
460,Ethiopia,1984,6500,0,104,1000
461,Ethiopia,1985,7000,0,88,500
462,Ethiopia,1986,8500,0,110,1500
463,Ethiopia,1987,8500,0,0,0
464,Ethiopia,1988,8500,0,0,0
465,Ethiopia,1989,8500,0,0,0
466,Ethiopia,1990,8500,0,0,0
467,Ethiopia,1991,8500,0,0,0
468,Ethiopia,1992,8500,0,0,0
469,Ethiopia,1993,8500,0,0,0
470,Ethiopia,1994,8500,0,0,0
471,Ethiopia,1995,8500,0,0,0
472,Ethiopia,1996,8500,0,0,0
473,Ethiopia,1997,8500,0,0,0
474,Ethiopia,1998,8500,0,0,0
475,Ethiopia,1999,8500,0,0,0
476,Ethiopia,2000,8500,0,0,0
477,Ethiopia,2001,8507,0,7,7
478,Ethiopia,2002,8510,0,3,3
479,Ethiopia,2003,8513,0,3,3
480,Ethiopia,2004,8517,0,4,4
481,Ethiopia,2005,8517,0,0,0
482,Ethiopia,2006,8517,0,0,0
483,Ethiopia,2007,8532,0,15,15
484,Ethiopia,2008,8551,0,19,19
485,Ethiopia,2009,8567,0,16,16
486,Ethiopia,2010,8583,0,16,16
487,Ethiopia,2011,8607,0,24,24
488,Ethiopia,2012,8637,0,30,30
489,Ethiopia,2013,8638,0,1,1
490,Ethiopia,2014,8643,0,5,5
491,Ethiopia,2015,8656,0,13,13
492,Ethiopia,2016,8680,0,24,24
493,Ghana,1976,0,0,0,0
494,Ghana,1977,0,0,0,0
495,Ghana,1978,0,0,0,0
496,Ghana,1979,0,0,0,0
497,Ghana,1980,0,0,0,0
498,Ghana,1981,0,0,0,0
499,Ghana,1982,0,0,0,0
500,Ghana,1983,0,0,0,0
501,Ghana,1984,0,0,0,0
502,Ghana,1985,0,0,0,0
503,Ghana,1986,0,0,0,0
504,Ghana,1987,0,0,0,0
505,Ghana,1988,0,0,0,0
506,Ghana,1989,0,0,0,0
507,Ghana,1990,0,0,0,0
508,Ghana,1991,0,0,0,0
509,Ghana,1992,0,0,0,0
510,Ghana,1993,0,0,0,0
511,Ghana,1994,0,0,0,0
512,Ghana,1995,0,0,0,0
513,Ghana,1996,0,0,0,0
514,Ghana,1997,0,0,0,0
515,Ghana,1998,0,0,0,0
516,Ghana,1999,0,0,0,0
517,Ghana,2000,0,0,0,0
518,Ghana,2001,0,0,0,0
519,Ghana,2002,0,0,0,0
520,Ghana,2003,0,0,0,0
521,Ghana,2004,0,0,0,0
522,Ghana,2005,0,0,0,0
523,Ghana,2006,0,0,0,0
524,Ghana,2007,1,0,1,1
525,Ghana,2008,2,0,1,1
526,Ghana,2009,3,0,1,1
527,Ghana,2010,3,0,0,0
528,Ghana,2011,3,0,0,0
529,Ghana,2012,3,0,0,0
530,Ghana,2013,5,0,2,2
531,Ghana,2014,7,0,2,2
532,Ghana,2015,9,0,2,2
533,Ghana,2016,11,0,2,2
534,Iran,1976,0,0,0,0
535,Iran,1977,0,0,0,0
536,Iran,1978,0,0,0,0
537,Iran,1979,0,0,0,0
538,Iran,1980,0,0,0,0
539,Iran,1981,0,0,0,0
540,Iran,1982,0,0,0,0
541,Iran,1983,0,0,0,0
542,Iran,1984,0,0,0,0
543,Iran,1985,0,0,0,0
544,Iran,1986,0,0,0,0
545,Iran,1987,0,0,0,0
546,Iran,1988,0,0,0,0
547,Iran,1989,0,0,0,0
548,Iran,1990,0,0,0,0
549,Iran,1991,0,0,0,0
550,Iran,1992,0,0,0,0
551,Iran,1993,0,0,0,0
552,Iran,1994,0,0,0,0
553,Iran,1995,0,0,0,0
554,Iran,1996,0,0,0,0
555,Iran,1997,0,0,0,0
556,Iran,1998,0,0,0,0
557,Iran,1999,0,0,0,0
558,Iran,2000,0,0,0,0
559,Iran,2001,3,0,3,3
560,Iran,2002,11,0,8,8
561,Iran,2003,20,0,9,9
562,Iran,2004,27,0,7,7
563,Iran,2005,27,0,0,0
564,Iran,2006,27,0,0,0
565,Iran,2007,45,0,18,18
566,Iran,2008,74,0,29,29
567,Iran,2009,114,0,39,40
568,Iran,2010,154,0,39,40
569,Iran,2011,196,0,41,42
570,Iran,2012,215,0,19,19
571,Iran,2013,224,0,9,9
572,Iran,2014,236,0,12,12
573,Iran,2015,256,0,20,20
574,Iran,2016,288,0,32,32
575,Iraq,1976,0,0,0,0
576,Iraq,1977,0,0,0,0
577,Iraq,1978,560,0,94,560
578,Iraq,1979,1560,0,104,1000
579,Iraq,1980,2560,0,104,1000
580,Iraq,1981,3560,0,104,1000
581,Iraq,1982,4560,0,104,1000
582,Iraq,1983,5660,0,105,1100
583,Iraq,1984,5660,0,0,0
584,Iraq,1985,5660,0,0,0
585,Iraq,1986,5660,0,0,0
586,Iraq,1987,5660,0,0,0
587,Iraq,1988,9160,0,117,3500
588,Iraq,1989,9160,0,0,0
589,Iraq,1990,9660,0,88,500
590,Iraq,1991,10050,0,84,390
591,Iraq,1992,10700,0,100,650
592,Iraq,1993,11227,0,91,527
593,Iraq,1994,11838,0,96,611
594,Iraq,1995,12819,0,103,981
595,Iraq,1996,14204,0,107,1385
596,Iraq,1997,16105,0,114,1901
597,Iraq,1998,18375,0,115,2270
598,Iraq,1999,20897,0,116,2522
599,Iraq,2000,22714,0,112,1817
600,Iraq,2001,24542,0,113,1828
601,Iraq,2002,26298,0,111,1756
602,Iraq,2003,27774,0,109,1476
603,Iraq,2004,28922,0,106,1148
604,Iraq,2005,29719,0,102,797
605,Iraq,2006,49719,0,125,20000
606,Iraq,2007,99719,0,126,50000
607,Iraq,2008,149719,0,126,50000
608,Iraq,2009,199719,0,126,50000
609,Iraq,2010,207349,0,123,7630
610,Iraq,2011,215840,0,124,8491
611,Iraq,2012,222356,0,121,6516
612,Iraq,2013,227300,0,118,4944
613,Iraq,2014,233286,0,119,5986
614,Iraq,2015,240520,0,122,7234
615,Iraq,2016,246974,0,120,6454
616,Jordan,1976,0,0,0,0
617,Jordan,1977,0,0,0,0
618,Jordan,1978,0,0,0,0
619,Jordan,1979,0,0,0,0
620,Jordan,1980,0,0,0,0
621,Jordan,1981,0,0,0,0
622,Jordan,1982,0,0,0,0
623,Jordan,1983,0,0,0,0
624,Jordan,1984,0,0,0,0
625,Jordan,1985,0,0,0,0
626,Jordan,1986,0,0,0,0
627,Jordan,1987,0,0,0,0
628,Jordan,1988,0,0,0,0
629,Jordan,1989,0,0,0,0
630,Jordan,1990,0,0,0,0
631,Jordan,1991,0,0,0,0
632,Jordan,1992,0,0,0,0
633,Jordan,1993,0,0,0,0
634,Jordan,1994,0,0,0,0
635,Jordan,1995,0,0,0,0
636,Jordan,1996,0,0,0,0
637,Jordan,1997,0,0,0,0
638,Jordan,1998,25,0,25,25
639,Jordan,1999,47,0,22,22
640,Jordan,2000,68,0,21,21
641,Jordan,2001,91,0,23,23
642,Jordan,2002,117,0,26,26
643,Jordan,2003,139,0,22,22
644,Jordan,2004,163,0,24,24
645,Jordan,2005,183,0,20,20
646,Jordan,2006,200,0,17,17
647,Jordan,2007,218,0,18,18
648,Jordan,2008,235,0,17,17
649,Jordan,2009,253,0,18,18
650,Jordan,2010,273,0,20,20
651,Jordan,2011,291,0,18,18
652,Jordan,2012,322,0,31,31
653,Jordan,2013,336,0,14,14
654,Jordan,2014,353,0,17,17
655,Jordan,2015,375,0,22,22
656,Jordan,2016,400,0,25,25
657,Kenya,1976,0,0,0,0
658,Kenya,1977,0,0,0,0
659,Kenya,1978,0,0,0,0
660,Kenya,1979,0,0,0,0
661,Kenya,1980,0,0,0,0
662,Kenya,1981,0,0,0,0
663,Kenya,1982,0,0,0,0
664,Kenya,1983,0,0,0,0
665,Kenya,1984,0,0,0,0
666,Kenya,1985,0,0,0,0
667,Kenya,1986,0,0,0,0
668,Kenya,1987,0,0,0,0
669,Kenya,1988,0,0,0,0
670,Kenya,1989,0,0,0,0
671,Kenya,1990,0,0,0,0
672,Kenya,1991,0,0,0,0
673,Kenya,1992,0,0,0,0
674,Kenya,1993,0,0,0,0
675,Kenya,1994,0,0,0,0
676,Kenya,1995,0,0,0,0
677,Kenya,1996,0,0,0,0
678,Kenya,1997,0,0,0,0
679,Kenya,1998,0,0,0,0
680,Kenya,1999,0,0,0,0
681,Kenya,2000,0,0,0,0
682,Kenya,2001,0,0,0,0
683,Kenya,2002,0,0,0,0
684,Kenya,2003,0,0,0,0
685,Kenya,2004,0,0,0,0
686,Kenya,2005,0,0,0,0
687,Kenya,2006,0,0,0,0
688,Kenya,2007,0,0,0,0
689,Kenya,2008,0,0,0,0
690,Kenya,2009,0,0,0,0
691,Kenya,2010,0,0,0,0
692,Kenya,2011,0,0,0,0
693,Kenya,2012,0,0,0,0
694,Kenya,2013,0,0,0,0
695,Kenya,2014,1,0,1,1
696,Kenya,2015,3,0,2,2
697,Kenya,2016,5,0,2,2
698,Kuwait,1976,0,0,0,0
699,Kuwait,1977,0,0,0,0
700,Kuwait,1978,0,0,0,0
701,Kuwait,1979,0,0,0,0
702,Kuwait,1980,0,0,0,0
703,Kuwait,1981,0,0,0,0
704,Kuwait,1982,0,0,0,0
705,Kuwait,1983,0,0,0,0
706,Kuwait,1984,0,0,0,0
707,Kuwait,1985,0,0,0,0
708,Kuwait,1986,0,0,0,0
709,Kuwait,1987,0,0,0,0
710,Kuwait,1988,0,0,0,0
711,Kuwait,1989,0,0,0,0
712,Kuwait,1990,0,0,0,0
713,Kuwait,1991,0,0,0,0
714,Kuwait,1992,0,0,0,0
715,Kuwait,1993,0,0,0,0
716,Kuwait,1994,0,0,0,0
717,Kuwait,1995,0,0,0,0
718,Kuwait,1996,0,0,0,0
719,Kuwait,1997,0,0,0,0
720,Kuwait,1998,0,0,0,0
721,Kuwait,1999,0,0,0,0
722,Kuwait,2000,0,0,0,0
723,Kuwait,2001,0,0,0,0
724,Kuwait,2002,0,0,0,0
725,Kuwait,2003,0,0,0,0
726,Kuwait,2004,0,0,0,0
727,Kuwait,2005,0,0,0,0
728,Kuwait,2006,0,0,0,0
729,Kuwait,2007,1,0,1,1
730,Kuwait,2008,2,0,1,1
731,Kuwait,2009,3,0,1,1
732,Kuwait,2010,4,0,1,1
733,Kuwait,2011,4,0,0,0
734,Kuwait,2012,4,0,0,0
735,Kuwait,2013,4,0,0,0
736,Kuwait,2014,5,0,1,1
737,Kuwait,2015,6,0,1,1
738,Kuwait,2016,6,0,0,0
739,Liberia,1976,0,0,0,0
740,Liberia,1977,0,0,0,0
741,Liberia,1978,0,0,0,0
742,Liberia,1979,0,0,0,0
743,Liberia,1980,0,0,0,0
744,Liberia,1981,0,0,0,0
745,Liberia,1982,0,0,0,0
746,Liberia,1983,0,0,0,0
747,Liberia,1984,0,0,0,0
748,Liberia,1985,0,0,0,0
749,Liberia,1986,0,0,0,0
750,Liberia,1987,0,0,0,0
751,Liberia,1988,0,0,0,0
752,Liberia,1989,0,0,0,0
753,Liberia,1990,0,0,0,0
754,Liberia,1991,0,0,0,0
755,Liberia,1992,0,0,0,0
756,Liberia,1993,0,0,0,0
757,Liberia,1994,0,0,0,0
758,Liberia,1995,0,0,0,0
759,Liberia,1996,0,0,0,0
760,Liberia,1997,0,0,0,0
761,Liberia,1998,0,0,0,0
762,Liberia,1999,0,0,0,0
763,Liberia,2000,0,0,0,0
764,Liberia,2001,12,0,12,12
765,Liberia,2002,27,0,15,15
766,Liberia,2003,45,0,18,18
767,Liberia,2004,58,0,13,13
768,Liberia,2005,67,0,9,9
769,Liberia,2006,71,0,4,4
770,Liberia,2007,77,0,6,6
771,Liberia,2008,77,0,0,0
772,Liberia,2009,77,0,0,0
773,Liberia,2010,77,0,0,0
774,Liberia,2011,77,0,0,0
775,Liberia,2012,77,0,0,0
776,Liberia,2013,77,0,0,0
777,Liberia,2014,77,0,0,0
778,Liberia,2015,77,0,0,0
779,Liberia,2016,77,0,0,0
780,Libya,1976,0,0,0,0
781,Libya,1977,0,0,0,0
782,Libya,1978,0,0,0,0
783,Libya,1979,0,0,0,0
784,Libya,1980,0,0,0,0
785,Libya,1981,0,0,0,0
786,Libya,1982,0,0,0,0
787,Libya,1983,0,0,0,0
788,Libya,1984,0,0,0,0
789,Libya,1985,0,0,0,0
790,Libya,1986,0,0,0,0
791,Libya,1987,0,0,0,0
792,Libya,1988,0,0,0,0
793,Libya,1989,0,0,0,0
794,Libya,1990,0,0,0,0
795,Libya,1991,0,0,0,0
796,Libya,1992,0,0,0,0
797,Libya,1993,0,0,0,0
798,Libya,1994,0,0,0,0
799,Libya,1995,0,0,0,0
800,Libya,1996,0,0,0,0
801,Libya,1997,0,0,0,0
802,Libya,1998,0,0,0,0
803,Libya,1999,0,0,0,0
804,Libya,2000,0,0,0,0
805,Libya,2001,0,0,0,0
806,Libya,2002,0,0,0,0
807,Libya,2003,0,0,0,0
808,Libya,2004,0,0,0,0
809,Libya,2005,0,0,0,0
810,Libya,2006,0,0,0,0
811,Libya,2007,1,0,1,1
812,Libya,2008,2,0,1,1
813,Libya,2009,3,0,1,1
814,Libya,2010,4,0,1,1
815,Libya,2011,4,0,0,0
816,Libya,2012,10,0,6,6
817,Libya,2013,15,0,5,5
818,Libya,2014,21,0,6,6
819,Libya,2015,27,0,6,6
820,Libya,2016,39,0,12,12
821,Madagascar,1976,0,0,0,0
822,Madagascar,1977,0,0,0,0
823,Madagascar,1978,0,0,0,0
824,Madagascar,1979,0,0,0,0
825,Madagascar,1980,0,0,0,0
826,Madagascar,1981,0,0,0,0
827,Madagascar,1982,0,0,0,0
828,Madagascar,1983,0,0,0,0
829,Madagascar,1984,0,0,0,0
830,Madagascar,1985,0,0,0,0
831,Madagascar,1986,0,0,0,0
832,Madagascar,1987,0,0,0,0
833,Madagascar,1988,0,0,0,0
834,Madagascar,1989,0,0,0,0
835,Madagascar,1990,0,0,0,0
836,Madagascar,1991,0,0,0,0
837,Madagascar,1992,0,0,0,0
838,Madagascar,1993,0,0,0,0
839,Madagascar,1994,0,0,0,0
840,Madagascar,1995,0,0,0,0
841,Madagascar,1996,0,0,0,0
842,Madagascar,1997,0,0,0,0
843,Madagascar,1998,0,0,0,0
844,Madagascar,1999,0,0,0,0
845,Madagascar,2000,0,0,0,0
846,Madagascar,2001,0,0,0,0
847,Madagascar,2002,0,0,0,0
848,Madagascar,2003,0,0,0,0
849,Madagascar,2004,0,0,0,0
850,Madagascar,2005,0,0,0,0
851,Madagascar,2006,0,0,0,0
852,Madagascar,2007,0,0,0,0
853,Madagascar,2008,0,0,0,0
854,Madagascar,2009,0,0,0,0
855,Madagascar,2010,1,0,1,1
856,Madagascar,2011,2,0,1,1
857,Madagascar,2012,3,0,1,1
858,Madagascar,2013,3,0,0,0
859,Madagascar,2014,3,0,0,0
860,Madagascar,2015,3,0,0,0
861,Madagascar,2016,4,0,1,1
862,Mali,1976,0,0,0,0
863,Mali,1977,0,0,0,0
864,Mali,1978,0,0,0,0
865,Mali,1979,0,0,0,0
866,Mali,1980,0,0,0,0
867,Mali,1981,0,0,0,0
868,Mali,1982,0,0,0,0
869,Mali,1983,0,0,0,0
870,Mali,1984,0,0,0,0
871,Mali,1985,0,0,0,0
872,Mali,1986,0,0,0,0
873,Mali,1987,0,0,0,0
874,Mali,1988,0,0,0,0
875,Mali,1989,0,0,0,0
876,Mali,1990,0,0,0,0
877,Mali,1991,0,0,0,0
878,Mali,1992,0,0,0,0
879,Mali,1993,0,0,0,0
880,Mali,1994,0,0,0,0
881,Mali,1995,0,0,0,0
882,Mali,1996,0,0,0,0
883,Mali,1997,0,0,0,0
884,Mali,1998,0,0,0,0
885,Mali,1999,0,0,0,0
886,Mali,2000,0,0,0,0
887,Mali,2001,0,0,0,0
888,Mali,2002,0,0,0,0
889,Mali,2003,0,0,0,0
890,Mali,2004,0,0,0,0
891,Mali,2005,0,0,0,0
892,Mali,2006,0,0,0,0
893,Mali,2007,0,0,0,0
894,Mali,2008,0,0,0,0
895,Mali,2009,0,0,0,0
896,Mali,2010,0,0,0,0
897,Mali,2011,0,0,0,0
898,Mali,2012,1,0,1,1
899,Mali,2013,1,0,0,0
900,Mali,2014,1,0,0,0
901,Mali,2015,1,0,0,0
902,Mali,2016,1,0,0,0
903,Morocco,1976,0,0,0,0
904,Morocco,1977,0,0,0,0
905,Morocco,1978,0,0,0,0
906,Morocco,1979,0,0,0,0
907,Morocco,1980,0,0,0,0
908,Morocco,1981,0,0,0,0
909,Morocco,1982,0,0,0,0
910,Morocco,1983,0,0,0,0
911,Morocco,1984,0,0,0,0
912,Morocco,1985,0,0,0,0
913,Morocco,1986,0,0,0,0
914,Morocco,1987,0,0,0,0
915,Morocco,1988,0,0,0,0
916,Morocco,1989,0,0,0,0
917,Morocco,1990,0,0,0,0
918,Morocco,1991,0,0,0,0
919,Morocco,1992,0,0,0,0
920,Morocco,1993,0,0,0,0
921,Morocco,1994,0,0,0,0
922,Morocco,1995,0,0,0,0
923,Morocco,1996,0,0,0,0
924,Morocco,1997,0,0,0,0
925,Morocco,1998,0,0,0,0
926,Morocco,1999,0,0,0,0
927,Morocco,2000,0,0,0,0
928,Morocco,2001,0,0,0,0
929,Morocco,2002,0,0,0,0
930,Morocco,2003,0,0,0,0
931,Morocco,2004,0,0,0,0
932,Morocco,2005,0,0,0,0
933,Morocco,2006,0,0,0,0
934,Morocco,2007,0,0,0,0
935,Morocco,2008,0,0,0,0
936,Morocco,2009,1,0,1,1
937,Morocco,2010,1,0,0,0
938,Morocco,2011,1,0,0,0
939,Morocco,2012,3,0,2,2
940,Morocco,2013,3,0,0,0
941,Morocco,2014,3,0,0,0
942,Morocco,2015,3,0,0,0
943,Morocco,2016,4,0,1,1
944,Nigeria,1976,0,0,0,0
945,Nigeria,1977,0,0,0,0
946,Nigeria,1978,0,0,0,0
947,Nigeria,1979,0,0,0,0
948,Nigeria,1980,0,0,0,0
949,Nigeria,1981,0,0,0,0
950,Nigeria,1982,0,0,0,0
951,Nigeria,1983,0,0,0,0
952,Nigeria,1984,0,0,0,0
953,Nigeria,1985,0,0,0,0
954,Nigeria,1986,0,0,0,0
955,Nigeria,1987,0,0,0,0
956,Nigeria,1988,0,0,0,0
957,Nigeria,1989,0,0,0,0
958,Nigeria,1990,0,0,0,0
959,Nigeria,1991,0,0,0,0
960,Nigeria,1992,0,0,0,0
961,Nigeria,1993,0,0,0,0
962,Nigeria,1994,0,0,0,0
963,Nigeria,1995,0,0,0,0
964,Nigeria,1996,0,0,0,0
965,Nigeria,1997,0,0,0,0
966,Nigeria,1998,0,0,0,0
967,Nigeria,1999,0,0,0,0
968,Nigeria,2000,0,0,0,0
969,Nigeria,2001,8,0,8,8
970,Nigeria,2002,12,0,4,4
971,Nigeria,2003,16,0,4,4
972,Nigeria,2004,20,0,4,4
973,Nigeria,2005,24,0,4,4
974,Nigeria,2006,24,0,0,0
975,Nigeria,2007,24,0,0,0
976,Nigeria,2008,24,0,0,0
977,Nigeria,2009,24,0,0,0
978,Nigeria,2010,24,0,0,0
979,Nigeria,2011,24,0,0,0
980,Nigeria,2012,24,0,0,0
981,Nigeria,2013,25,0,1,1
982,Nigeria,2014,26,0,1,1
983,Nigeria,2015,26,0,0,0
984,Nigeria,2016,26,0,0,0
985,Oman,1976,0,0,0,0
986,Oman,1977,0,0,0,0
987,Oman,1978,0,0,0,0
988,Oman,1979,0,0,0,0
989,Oman,1980,0,0,0,0
990,Oman,1981,0,0,0,0
991,Oman,1982,0,0,0,0
992,Oman,1983,0,0,0,0
993,Oman,1984,0,0,0,0
994,Oman,1985,0,0,0,0
995,Oman,1986,0,0,0,0
996,Oman,1987,0,0,0,0
997,Oman,1988,0,0,0,0
998,Oman,1989,0,0,0,0
999,Oman,1990,0,0,0,0
1000,Oman,1991,0,0,0,0
1001,Oman,1992,0,0,0,0
1002,Oman,1993,0,0,0,0
1003,Oman,1994,0,0,0,0
1004,Oman,1995,0,0,0,0
1005,Oman,1996,0,0,0,0
1006,Oman,1997,0,0,0,0
1007,Oman,1998,0,0,0,0
1008,Oman,1999,0,0,0,0
1009,Oman,2000,0,0,0,0
1010,Oman,2001,0,0,0,0
1011,Oman,2002,0,0,0,0
1012,Oman,2003,0,0,0,0
1013,Oman,2004,0,0,0,0
1014,Oman,2005,0,0,0,0
1015,Oman,2006,0,0,0,0
1016,Oman,2007,0,0,0,0
1017,Oman,2008,0,0,0,0
1018,Oman,2009,0,0,0,0
1019,Oman,2010,0,0,0,0
1020,Oman,2011,0,0,0,0
1021,Oman,2012,1,0,1,1
1022,Oman,2013,2,0,1,1
1023,Oman,2014,3,0,1,1
1024,Oman,2015,4,0,1,1
1025,Oman,2016,5,0,1,1
1026,Pakistan,1976,0,0,0,0
1027,Pakistan,1977,0,0,0,0
1028,Pakistan,1978,0,0,0,0
1029,Pakistan,1979,0,0,0,0
1030,Pakistan,1980,0,0,0,0
1031,Pakistan,1981,0,0,0,0
1032,Pakistan,1982,0,0,0,0
1033,Pakistan,1983,0,0,0,0
1034,Pakistan,1984,0,0,0,0
1035,Pakistan,1985,0,0,0,0
1036,Pakistan,1986,0,0,0,0
1037,Pakistan,1987,0,0,0,0
1038,Pakistan,1988,0,0,0,0
1039,Pakistan,1989,0,0,0,0
1040,Pakistan,1990,0,0,0,0
1041,Pakistan,1991,0,0,0,0
1042,Pakistan,1992,0,0,0,0
1043,Pakistan,1993,0,0,0,0
1044,Pakistan,1994,0,0,0,0
1045,Pakistan,1995,0,0,0,0
1046,Pakistan,1996,0,0,0,0
1047,Pakistan,1997,0,0,0,0
1048,Pakistan,1998,0,0,0,0
1049,Pakistan,1999,0,0,0,0
1050,Pakistan,2000,0,0,0,0
1051,Pakistan,2001,0,0,0,0
1052,Pakistan,2002,0,0,0,0
1053,Pakistan,2003,0,0,0,0
1054,Pakistan,2004,0,0,0,0
1055,Pakistan,2005,0,0,0,0
1056,Pakistan,2006,0,0,0,0
1057,Pakistan,2007,0,0,0,0
1058,Pakistan,2008,0,0,0,0
1059,Pakistan,2009,0,0,0,0
1060,Pakistan,2010,0,0,0,0
1061,Pakistan,2011,0,0,0,0
1062,Pakistan,2012,0,0,0,0
1063,Pakistan,2013,0,0,0,0
1064,Pakistan,2014,2,0,2,2
1065,Pakistan,2015,4,0,2,2
1066,Pakistan,2016,6,0,2,2
1477,Palestine,1976,0,0,0,0
1478,Palestine,1977,0,0,0,0
1479,Palestine,1978,0,0,0,0
1480,Palestine,1979,0,0,0,0
1481,Palestine,1980,0,0,0,0
1482,Palestine,1981,0,0,0,0
1483,Palestine,1982,0,0,0,0
1484,Palestine,1983,0,0,0,0
1485,Palestine,1984,0,0,0,0
1486,Palestine,1985,0,0,0,0
1487,Palestine,1986,0,0,0,0
1488,Palestine,1987,0,0,0,0
1489,Palestine,1988,0,0,0,0
1490,Palestine,1989,0,0,0,0
1491,Palestine,1990,0,0,0,0
1492,Palestine,1991,0,0,0,0
1493,Palestine,1992,0,0,0,0
1494,Palestine,1993,0,0,0,0
1495,Palestine,1994,0,0,0,0
1496,Palestine,1995,0,0,0,0
1497,Palestine,1996,0,0,0,0
1498,Palestine,1997,0,0,0,0
1499,Palestine,1998,0,0,0,0
1500,Palestine,1999,0,0,0,0
1501,Palestine,2000,0,0,0,0
1502,Palestine,2001,0,0,0,0
1503,Palestine,2002,0,0,0,0
1504,Palestine,2003,0,0,0,0
1505,Palestine,2004,0,0,0,0
1506,Palestine,2005,0,0,0,0
1507,Palestine,2006,0,0,0,0
1508,Palestine,2007,18,0,18,18
1509,Palestine,2008,47,0,29,29
1510,Palestine,2009,81,0,34,34
1511,Palestine,2010,118,0,37,37
1512,Palestine,2011,148,0,30,30
1513,Palestine,2012,246,0,63,98
1514,Palestine,2013,249,0,3,3
1515,Palestine,2014,258,0,9,9
1516,Palestine,2015,265,0,7,7
1517,Palestine,2016,265,0,0,0
1067,Philippines,1976,0,0,0,0
1068,Philippines,1977,0,0,0,0
1069,Philippines,1978,0,0,0,0
1070,Philippines,1979,0,0,0,0
1071,Philippines,1980,0,0,0,0
1072,Philippines,1981,0,0,0,0
1073,Philippines,1982,0,0,0,0
1074,Philippines,1983,0,0,0,0
1075,Philippines,1984,0,0,0,0
1076,Philippines,1985,0,0,0,0
1077,Philippines,1986,0,0,0,0
1078,Philippines,1987,0,0,0,0
1079,Philippines,1988,0,0,0,0
1080,Philippines,1989,0,0,0,0
1081,Philippines,1990,0,0,0,0
1082,Philippines,1991,0,0,0,0
1083,Philippines,1992,0,0,0,0
1084,Philippines,1993,0,0,0,0
1085,Philippines,1994,0,0,0,0
1086,Philippines,1995,0,0,0,0
1087,Philippines,1996,0,0,0,0
1088,Philippines,1997,0,0,0,0
1089,Philippines,1998,0,0,0,0
1090,Philippines,1999,0,0,0,0
1091,Philippines,2000,0,0,0,0
1092,Philippines,2001,0,0,0,0
1093,Philippines,2002,0,0,0,0
1094,Philippines,2003,0,0,0,0
1095,Philippines,2004,0,0,0,0
1096,Philippines,2005,0,0,0,0
1097,Philippines,2006,0,0,0,0
1098,Philippines,2007,3,0,3,3
1099,Philippines,2008,10,0,7,7
1100,Philippines,2009,23,0,13,13
1101,Philippines,2010,41,0,18,18
1102,Philippines,2011,60,0,19,19
1103,Philippines,2012,80,0,20,20
1104,Philippines,2013,80,0,0,0
1105,Philippines,2014,80,0,0,0
1106,Philippines,2015,80,0,0,0
1107,Philippines,2016,80,0,0,0
1108,Qatar,1976,0,0,0,0
1109,Qatar,1977,0,0,0,0
1110,Qatar,1978,0,0,0,0
1111,Qatar,1979,0,0,0,0
1112,Qatar,1980,0,0,0,0
1113,Qatar,1981,0,0,0,0
1114,Qatar,1982,0,0,0,0
1115,Qatar,1983,0,0,0,0
1116,Qatar,1984,0,0,0,0
1117,Qatar,1985,0,0,0,0
1118,Qatar,1986,0,0,0,0
1119,Qatar,1987,0,0,0,0
1120,Qatar,1988,0,0,0,0
1121,Qatar,1989,0,0,0,0
1122,Qatar,1990,0,0,0,0
1123,Qatar,1991,0,0,0,0
1124,Qatar,1992,0,0,0,0
1125,Qatar,1993,0,0,0,0
1126,Qatar,1994,0,0,0,0
1127,Qatar,1995,0,0,0,0
1128,Qatar,1996,0,0,0,0
1129,Qatar,1997,0,0,0,0
1130,Qatar,1998,0,0,0,0
1131,Qatar,1999,0,0,0,0
1132,Qatar,2000,0,0,0,0
1133,Qatar,2001,0,0,0,0
1134,Qatar,2002,0,0,0,0
1135,Qatar,2003,0,0,0,0
1136,Qatar,2004,0,0,0,0
1137,Qatar,2005,0,0,0,0
1138,Qatar,2006,0,0,0,0
1139,Qatar,2007,0,0,0,0
1140,Qatar,2008,0,0,0,0
1141,Qatar,2009,0,0,0,0
1142,Qatar,2010,0,0,0,0
1143,Qatar,2011,0,0,0,0
1144,Qatar,2012,0,0,0,0
1145,Qatar,2013,0,0,0,0
1146,Qatar,2014,0,0,0,0
1147,Qatar,2015,0,0,0,0
1148,Qatar,2016,1,0,1,1
1149,Romania,1976,0,0,0,0
1150,Romania,1977,0,0,0,0
1151,Romania,1978,0,0,0,0
1152,Romania,1979,0,0,0,0
1153,Romania,1980,0,0,0,0
1154,Romania,1981,0,0,0,0
1155,Romania,1982,0,0,0,0
1156,Romania,1983,0,0,0,0
1157,Romania,1984,0,0,0,0
1158,Romania,1985,0,0,0,0
1159,Romania,1986,0,0,0,0
1160,Romania,1987,0,0,0,0
1161,Romania,1988,0,0,0,0
1162,Romania,1989,0,0,0,0
1163,Romania,1990,0,0,0,0
1164,Romania,1991,0,0,0,0
1165,Romania,1992,0,0,0,0
1166,Romania,1993,0,0,0,0
1167,Romania,1994,0,0,0,0
1168,Romania,1995,0,0,0,0
1169,Romania,1996,0,0,0,0
1170,Romania,1997,0,0,0,0
1171,Romania,1998,0,0,0,0
1172,Romania,1999,0,0,0,0
1173,Romania,2000,0,0,0,0
1174,Romania,2001,0,0,0,0
1175,Romania,2002,0,0,0,0
1176,Romania,2003,0,0,0,0
1177,Romania,2004,0,0,0,0
1178,Romania,2005,0,0,0,0
1179,Romania,2006,0,0,0,0
1180,Romania,2007,0,0,0,0
1181,Romania,2008,1,0,1,1
1182,Romania,2009,2,0,1,1
1183,Romania,2010,3,0,1,1
1184,Romania,2011,4,0,1,1
1185,Romania,2012,5,0,1,1
1186,Romania,2013,5,0,0,0
1187,Romania,2014,5,0,0,0
1188,Romania,2015,5,0,0,0
1189,Romania,2016,5,0,0,0
1190,Russia,1976,0,0,0,0
1191,Russia,1977,0,0,0,0
1192,Russia,1978,0,0,0,0
1193,Russia,1979,0,0,0,0
1194,Russia,1980,0,0,0,0
1195,Russia,1981,0,0,0,0
1196,Russia,1982,0,0,0,0
1197,Russia,1983,0,0,0,0
1198,Russia,1984,0,0,0,0
1199,Russia,1985,0,0,0,0
1200,Russia,1986,0,0,0,0
1201,Russia,1987,0,0,0,0
1202,Russia,1988,0,0,0,0
1203,Russia,1989,0,0,0,0
1204,Russia,1990,0,0,0,0
1205,Russia,1991,0,0,0,0
1206,Russia,1992,0,0,0,0
1207,Russia,1993,0,0,0,0
1208,Russia,1994,0,0,0,0
1209,Russia,1995,0,0,0,0
1210,Russia,1996,0,0,0,0
1211,Russia,1997,0,0,0,0
1212,Russia,1998,0,0,0,0
1213,Russia,1999,0,0,0,0
1214,Russia,2000,0,0,0,0
1215,Russia,2001,0,0,0,0
1216,Russia,2002,0,0,0,0
1217,Russia,2003,0,0,0,0
1218,Russia,2004,0,0,0,0
1219,Russia,2005,0,0,0,0
1220,Russia,2006,0,0,0,0
1221,Russia,2007,0,0,0,0
1222,Russia,2008,0,0,0,0
1223,Russia,2009,0,0,0,0
1224,Russia,2010,1,0,1,1
1225,Russia,2011,2,0,1,1
1226,Russia,2012,3,0,1,1
1227,Russia,2013,3,0,0,0
1228,Russia,2014,3,0,0,0
1229,Russia,2015,3,0,0,0
1230,Russia,2016,3,0,0,0
1231,Rwanda,1976,0,0,0,0
1232,Rwanda,1977,0,0,0,0
1233,Rwanda,1978,0,0,0,0
1234,Rwanda,1979,0,0,0,0
1235,Rwanda,1980,0,0,0,0
1236,Rwanda,1981,0,0,0,0
1237,Rwanda,1982,0,0,0,0
1238,Rwanda,1983,0,0,0,0
1239,Rwanda,1984,0,0,0,0
1240,Rwanda,1985,0,0,0,0
1241,Rwanda,1986,0,0,0,0
1242,Rwanda,1987,0,0,0,0
1243,Rwanda,1988,0,0,0,0
1244,Rwanda,1989,0,0,0,0
1245,Rwanda,1990,0,0,0,0
1246,Rwanda,1991,0,0,0,0
1247,Rwanda,1992,0,0,0,0
1248,Rwanda,1993,0,0,0,0
1249,Rwanda,1994,0,0,0,0
1250,Rwanda,1995,0,0,0,0
1251,Rwanda,1996,0,0,0,0
1252,Rwanda,1997,0,0,0,0
1253,Rwanda,1998,0,0,0,0
1254,Rwanda,1999,0,0,0,0
1255,Rwanda,2000,0,0,0,0
1256,Rwanda,2001,1,0,1,1
1257,Rwanda,2002,2,0,1,1
1258,Rwanda,2003,2,0,0,0
1259,Rwanda,2004,2,0,0,0
1260,Rwanda,2005,2,0,0,0
1261,Rwanda,2006,2,0,0,0
1262,Rwanda,2007,2,0,0,0
1263,Rwanda,2008,2,0,0,0
1264,Rwanda,2009,2,0,0,0
1265,Rwanda,2010,2,0,0,0
1266,Rwanda,2011,2,0,0,0
1267,Rwanda,2012,2,0,0,0
1268,Rwanda,2013,2,0,0,0
1269,Rwanda,2014,2,0,0,0
1270,Rwanda,2015,2,0,0,0
1271,Rwanda,2016,2,0,0,0
1272,Saudi Arabia,1976,0,0,0,0
1273,Saudi Arabia,1977,0,0,0,0
1274,Saudi Arabia,1978,0,0,0,0
1275,Saudi Arabia,1979,0,0,0,0
1276,Saudi Arabia,1980,0,0,0,0
1277,Saudi Arabia,1981,0,0,0,0
1278,Saudi Arabia,1982,0,0,0,0
1279,Saudi Arabia,1983,0,0,0,0
1280,Saudi Arabia,1984,0,0,0,0
1281,Saudi Arabia,1985,0,0,0,0
1282,Saudi Arabia,1986,0,0,0,0
1283,Saudi Arabia,1987,0,0,0,0
1284,Saudi Arabia,1988,0,0,0,0
1285,Saudi Arabia,1989,0,0,0,0
1286,Saudi Arabia,1990,0,0,0,0
1287,Saudi Arabia,1991,0,0,0,0
1288,Saudi Arabia,1992,0,0,0,0
1289,Saudi Arabia,1993,0,0,0,0
1290,Saudi Arabia,1994,0,0,0,0
1291,Saudi Arabia,1995,0,0,0,0
1292,Saudi Arabia,1996,0,0,0,0
1293,Saudi Arabia,1997,0,0,0,0
1294,Saudi Arabia,1998,0,0,0,0
1295,Saudi Arabia,1999,0,0,0,0
1296,Saudi Arabia,2000,0,0,0,0
1297,Saudi Arabia,2001,1,0,1,1
1298,Saudi Arabia,2002,2,0,1,1
1299,Saudi Arabia,2003,5,0,3,3
1300,Saudi Arabia,2004,8,0,3,3
1301,Saudi Arabia,2005,9,0,1,1
1302,Saudi Arabia,2006,10,0,1,1
1303,Saudi Arabia,2007,11,0,1,1
1304,Saudi Arabia,2008,12,0,1,1
1305,Saudi Arabia,2009,13,0,1,1
1306,Saudi Arabia,2010,14,0,1,1
1307,Saudi Arabia,2011,15,0,1,1
1308,Saudi Arabia,2012,17,0,2,2
1309,Saudi Arabia,2013,19,0,2,2
1310,Saudi Arabia,2014,23,0,4,4
1311,Saudi Arabia,2015,25,0,2,2
1312,Saudi Arabia,2016,28,0,3,3
1313,Sierra Leone,1976,0,0,0,0
1314,Sierra Leone,1977,0,0,0,0
1315,Sierra Leone,1978,0,0,0,0
1316,Sierra Leone,1979,0,0,0,0
1317,Sierra Leone,1980,0,0,0,0
1318,Sierra Leone,1981,0,0,0,0
1319,Sierra Leone,1982,0,0,0,0
1320,Sierra Leone,1983,0,0,0,0
1321,Sierra Leone,1984,0,0,0,0
1322,Sierra Leone,1985,0,0,0,0
1323,Sierra Leone,1986,0,0,0,0
1324,Sierra Leone,1987,0,0,0,0
1325,Sierra Leone,1988,0,0,0,0
1326,Sierra Leone,1989,0,0,0,0
1327,Sierra Leone,1990,0,0,0,0
1328,Sierra Leone,1991,0,0,0,0
1329,Sierra Leone,1992,0,0,0,0
1330,Sierra Leone,1993,0,0,0,0
1331,Sierra Leone,1994,0,0,0,0
1332,Sierra Leone,1995,0,0,0,0
1333,Sierra Leone,1996,0,0,0,0
1334,Sierra Leone,1997,0,0,0,0
1335,Sierra Leone,1998,28,0,28,28
1336,Sierra Leone,1999,52,0,24,24
1337,Sierra Leone,2000,93,0,40,41
1338,Sierra Leone,2001,159,0,52,66
1339,Sierra Leone,2002,223,0,51,64
1340,Sierra Leone,2003,292,0,53,69
1341,Sierra Leone,2004,340,0,45,48
1342,Sierra Leone,2005,360,0,20,20
1343,Sierra Leone,2006,369,0,9,9
1344,Sierra Leone,2007,375,0,6,6
1345,Sierra Leone,2008,379,0,4,4
1346,Sierra Leone,2009,380,0,1,1
1347,Sierra Leone,2010,380,0,0,0
1348,Sierra Leone,2011,380,0,0,0
1349,Sierra Leone,2012,380,0,0,0
1350,Sierra Leone,2013,380,0,0,0
1351,Sierra Leone,2014,380,0,0,0
1352,Sierra Leone,2015,380,0,0,0
1353,Sierra Leone,2016,380,0,0,0
1354,Somalia,1976,0,0,0,0
1355,Somalia,1977,0,0,0,0
1356,Somalia,1978,0,0,0,0
1357,Somalia,1979,0,0,0,0
1358,Somalia,1980,0,0,0,0
1359,Somalia,1981,0,0,0,0
1360,Somalia,1982,0,0,0,0
1361,Somalia,1983,0,0,0,0
1362,Somalia,1984,0,0,0,0
1363,Somalia,1985,0,0,0,0
1364,Somalia,1986,0,0,0,0
1365,Somalia,1987,0,0,0,0
1366,Somalia,1988,0,0,0,0
1367,Somalia,1989,0,0,0,0
1368,Somalia,1990,0,0,0,0
1369,Somalia,1991,0,0,0,0
1370,Somalia,1992,60,0,50,60
1371,Somalia,1993,120,0,50,60
1372,Somalia,1994,213,0,61,93
1373,Somalia,1995,322,0,66,109
1374,Somalia,1996,449,0,70,127
1375,Somalia,1997,600,0,74,151
1376,Somalia,1998,754,0,75,154
1377,Somalia,1999,913,0,77,159
1378,Somalia,2000,1049,0,73,136
1379,Somalia,2001,1208,0,77,159
1380,Somalia,2002,1344,0,73,136
1381,Somalia,2003,1478,0,72,134
1382,Somalia,2004,1557,0,57,79
1383,Somalia,2005,1586,0,29,29
1384,Somalia,2006,1593,0,7,7
1385,Somalia,2007,1616,0,23,23
1386,Somalia,2008,1652,0,36,36
1387,Somalia,2009,1673,0,21,21
1388,Somalia,2010,1693,0,20,20
1389,Somalia,2011,1713,0,20,20
1390,Somalia,2012,1737,0,24,24
1391,Somalia,2013,1770,0,33,33
1392,Somalia,2014,1801,0,31,31
1393,Somalia,2015,1824,0,23,23
1394,Somalia,2016,1843,0,19,19
1436,Sri Lanka,1976,0,0,0,0
1437,Sri Lanka,1977,0,0,0,0
1438,Sri Lanka,1978,0,0,0,0
1439,Sri Lanka,1979,0,0,0,0
1440,Sri Lanka,1980,0,0,0,0
1441,Sri Lanka,1981,0,0,0,0
1442,Sri Lanka,1982,0,0,0,0
1443,Sri Lanka,1983,0,0,0,0
1444,Sri Lanka,1984,0,0,0,0
1445,Sri Lanka,1985,0,0,0,0
1446,Sri Lanka,1986,0,0,0,0
1447,Sri Lanka,1987,0,0,0,0
1448,Sri Lanka,1988,0,0,0,0
1449,Sri Lanka,1989,0,0,0,0
1450,Sri Lanka,1990,0,0,0,0
1451,Sri Lanka,1991,0,0,0,0
1452,Sri Lanka,1992,0,0,0,0
1453,Sri Lanka,1993,0,0,0,0
1454,Sri Lanka,1994,0,0,0,0
1455,Sri Lanka,1995,0,0,0,0
1456,Sri Lanka,1996,0,0,0,0
1457,Sri Lanka,1997,0,0,0,0
1458,Sri Lanka,1998,0,0,0,0
1459,Sri Lanka,1999,0,0,0,0
1460,Sri Lanka,2000,0,0,0,0
1461,Sri Lanka,2001,0,0,0,0
1462,Sri Lanka,2002,0,0,0,0
1463,Sri Lanka,2003,0,0,0,0
1464,Sri Lanka,2004,0,0,0,0
1465,Sri Lanka,2005,0,0,0,0
1466,Sri Lanka,2006,0,0,0,0
1467,Sri Lanka,2007,4,0,4,4
1468,Sri Lanka,2008,11,0,7,7
1469,Sri Lanka,2009,19,0,8,8
1470,Sri Lanka,2010,30,0,11,11
1471,Sri Lanka,2011,39,0,9,9
1472,Sri Lanka,2012,46,0,7,7
1473,Sri Lanka,2013,46,0,0,0
1474,Sri Lanka,2014,46,0,0,0
1475,Sri Lanka,2015,46,0,0,0
1476,Sri Lanka,2016,46,0,0,0
1395,Sudan,1976,0,0,0,0
1396,Sudan,1977,0,0,0,0
1397,Sudan,1978,0,0,0,0
1398,Sudan,1979,0,0,0,0
1399,Sudan,1980,0,0,0,0
1400,Sudan,1981,0,0,0,0
1401,Sudan,1982,0,0,0,0
1402,Sudan,1983,0,0,0,0
1403,Sudan,1984,0,0,0,0
1404,Sudan,1985,0,0,0,0
1405,Sudan,1986,0,0,0,0
1406,Sudan,1987,0,0,0,0
1407,Sudan,1988,0,0,0,0
1408,Sudan,1989,0,0,0,0
1409,Sudan,1990,0,0,0,0
1410,Sudan,1991,70,0,54,70
1411,Sudan,1992,180,0,67,110
1412,Sudan,1993,200,0,20,20
1413,Sudan,1994,275,0,55,75
1414,Sudan,1995,442,0,78,167
1415,Sudan,1996,656,0,80,214
1416,Sudan,1997,929,0,81,273
1417,Sudan,1998,1342,0,85,413
1418,Sudan,1999,1894,0,93,552
1419,Sudan,2000,2315,0,86,421
1420,Sudan,2001,2836,0,90,521
1421,Sudan,2002,3457,0,98,621
1422,Sudan,2003,4072,0,97,615
1423,Sudan,2004,4551,0,87,479
1424,Sudan,2005,4670,0,68,119
1425,Sudan,2006,4736,0,52,66
1426,Sudan,2007,4830,0,62,94
1427,Sudan,2008,4931,0,65,101
1428,Sudan,2009,5018,0,59,87
1429,Sudan,2010,5151,0,71,133
1430,Sudan,2011,5307,0,76,156
1431,Sudan,2012,5474,0,78,167
1432,Sudan,2013,5651,0,79,177
1433,Sudan,2014,6008,0,83,357
1434,Sudan,2015,6654,0,99,646
1435,Sudan,2016,7349,0,101,695
1518,Sweden,1976,0,0,0,0
1519,Sweden,1977,0,0,0,0
1520,Sweden,1978,0,0,0,0
1521,Sweden,1979,0,0,0,0
1522,Sweden,1980,0,0,0,0
1523,Sweden,1981,0,0,0,0
1524,Sweden,1982,0,0,0,0
1525,Sweden,1983,0,0,0,0
1526,Sweden,1984,0,0,0,0
1527,Sweden,1985,0,0,0,0
1528,Sweden,1986,0,0,0,0
1529,Sweden,1987,0,0,0,0
1530,Sweden,1988,0,0,0,0
1531,Sweden,1989,0,0,0,0
1532,Sweden,1990,0,0,0,0
1533,Sweden,1991,0,0,0,0
1534,Sweden,1992,0,0,0,0
1535,Sweden,1993,0,0,0,0
1536,Sweden,1994,0,0,0,0
1537,Sweden,1995,0,0,0,0
1538,Sweden,1996,0,0,0,0
1539,Sweden,1997,0,0,0,0
1540,Sweden,1998,0,0,0,0
1541,Sweden,1999,0,0,0,0
1542,Sweden,2000,0,0,0,0
1543,Sweden,2001,0,0,0,0
1544,Sweden,2002,0,0,0,0
1545,Sweden,2003,0,0,0,0
1546,Sweden,2004,0,0,0,0
1547,Sweden,2005,0,0,0,0
1548,Sweden,2006,0,0,0,0
1549,Sweden,2007,0,0,0,0
1550,Sweden,2008,0,0,0,0
1551,Sweden,2009,1,0,1,1
1552,Sweden,2010,2,0,1,1
1553,Sweden,2011,3,0,1,1
1554,Sweden,2012,4,0,1,1
1555,Sweden,2013,4,0,0,0
1556,Sweden,2014,4,0,0,0
1557,Sweden,2015,4,0,0,0
1558,Sweden,2016,4,0,0,0
1559,Syria,1976,0,0,0,0
1560,Syria,1977,0,0,0,0
1561,Syria,1978,0,0,0,0
1562,Syria,1979,500,0,88,500
1563,Syria,1980,1000,0,88,500
1564,Syria,1981,1500,0,88,500
1565,Syria,1982,2000,0,88,500
1566,Syria,1983,2520,0,89,520
1567,Syria,1984,3040,0,89,520
1568,Syria,1985,3630,0,95,590
1569,Syria,1986,4150,0,89,520
1570,Syria,1987,4150,0,0,0
1571,Syria,1988,4200,0,47,50
1572,Syria,1989,4200,0,0,0
1573,Syria,1990,4200,0,0,0
1574,Syria,1991,4200,0,0,0
1575,Syria,1992,4200,0,0,0
1576,Syria,1993,4200,0,0,0
1577,Syria,1994,4200,0,0,0
1578,Syria,1995,4200,0,0,0
1579,Syria,1996,4200,0,0,0
1580,Syria,1997,4200,0,0,0
1581,Syria,1998,4200,0,0,0
1582,Syria,1999,4200,0,0,0
1583,Syria,2000,4200,0,0,0
1584,Syria,2001,4200,0,0,0
1585,Syria,2002,4200,0,0,0
1586,Syria,2003,4200,0,0,0
1587,Syria,2004,4200,0,0,0
1588,Syria,2005,4200,0,0,0
1589,Syria,2006,4206,0,6,6
1590,Syria,2007,4254,0,45,48
1591,Syria,2008,4338,0,58,84
1592,Syria,2009,4428,0,60,90
1593,Syria,2010,4492,0,51,64
1594,Syria,2011,4616,0,69,124
1595,Syria,2012,131555,0,127,126939
1596,Syria,2013,982839,0,128,851284
1597,Syria,2014,2130333,0,131,1147494
1598,Syria,2015,3193023,0,130,1062690
1599,Syria,2016,4198526,0,129,1005503
1600,Tunisia,1976,0,0,0,0
1601,Tunisia,1977,0,0,0,0
1602,Tunisia,1978,0,0,0,0
1603,Tunisia,1979,0,0,0,0
1604,Tunisia,1980,0,0,0,0
1605,Tunisia,1981,0,0,0,0
1606,Tunisia,1982,0,0,0,0
1607,Tunisia,1983,0,0,0,0
1608,Tunisia,1984,0,0,0,0
1609,Tunisia,1985,0,0,0,0
1610,Tunisia,1986,0,0,0,0
1611,Tunisia,1987,0,0,0,0
1612,Tunisia,1988,0,0,0,0
1613,Tunisia,1989,0,0,0,0
1614,Tunisia,1990,0,0,0,0
1615,Tunisia,1991,0,0,0,0
1616,Tunisia,1992,0,0,0,0
1617,Tunisia,1993,0,0,0,0
1618,Tunisia,1994,0,0,0,0
1619,Tunisia,1995,0,0,0,0
1620,Tunisia,1996,0,0,0,0
1621,Tunisia,1997,0,0,0,0
1622,Tunisia,1998,0,0,0,0
1623,Tunisia,1999,0,0,0,0
1624,Tunisia,2000,0,0,0,0
1625,Tunisia,2001,20,0,20,20
1626,Tunisia,2002,43,0,23,23
1627,Tunisia,2003,67,0,24,24
1628,Tunisia,2004,93,0,26,26
1629,Tunisia,2005,105,0,12,12
1630,Tunisia,2006,120,0,15,15
1631,Tunisia,2007,135,0,15,15
1632,Tunisia,2008,145,0,10,10
1633,Tunisia,2009,157,0,12,12
1634,Tunisia,2010,169,0,12,12
1635,Tunisia,2011,178,0,9,9
1636,Tunisia,2012,187,0,9,9
1637,Tunisia,2013,196,0,9,9
1638,Tunisia,2014,205,0,9,9
1639,Tunisia,2015,216,0,11,11
1640,Tunisia,2016,227,0,11,11
1641,Turkey,1976,0,0,0,0
1642,Turkey,1977,0,0,0,0
1643,Turkey,1978,0,0,0,0
1644,Turkey,1979,0,0,0,0
1645,Turkey,1980,0,0,0,0
1646,Turkey,1981,0,0,0,0
1647,Turkey,1982,0,0,0,0
1648,Turkey,1983,0,0,0,0
1649,Turkey,1984,0,0,0,0
1650,Turkey,1985,0,0,0,0
1651,Turkey,1986,0,0,0,0
1652,Turkey,1987,0,0,0,0
1653,Turkey,1988,0,0,0,0
1654,Turkey,1989,0,0,0,0
1655,Turkey,1990,0,0,0,0
1656,Turkey,1991,0,0,0,0
1657,Turkey,1992,0,0,0,0
1658,Turkey,1993,0,0,0,0
1659,Turkey,1994,0,0,0,0
1660,Turkey,1995,0,0,0,0
1661,Turkey,1996,0,0,0,0
1662,Turkey,1997,0,0,0,0
1663,Turkey,1998,0,0,0,0
1664,Turkey,1999,0,0,0,0
1665,Turkey,2000,0,0,0,0
1666,Turkey,2001,23,0,23,23
1667,Turkey,2002,48,0,25,25
1668,Turkey,2003,76,0,28,28
1669,Turkey,2004,95,0,19,19
1670,Turkey,2005,113,0,18,18
1671,Turkey,2006,123,0,10,10
1672,Turkey,2007,135,0,12,12
1673,Turkey,2008,150,0,15,15
1674,Turkey,2009,161,0,11,11
1675,Turkey,2010,170,0,9,9
1676,Turkey,2011,180,0,10,10
1677,Turkey,2012,193,0,13,13
1678,Turkey,2013,203,0,10,10
1679,Turkey,2014,213,0,10,10
1680,Turkey,2015,220,0,7,7
1681,Turkey,2016,228,0,8,8
1682,Uganda,1976,0,0,0,0
1683,Uganda,1977,0,0,0,0
1684,Uganda,1978,0,0,0,0
1685,Uganda,1979,0,0,0,0
1686,Uganda,1980,0,0,0,0
1687,Uganda,1981,0,0,0,0
1688,Uganda,1982,0,0,0,0
1689,Uganda,1983,0,0,0,0
1690,Uganda,1984,0,0,0,0
1691,Uganda,1985,0,0,0,0
1692,Uganda,1986,0,0,0,0
1693,Uganda,1987,0,0,0,0
1694,Uganda,1988,0,0,0,0
1695,Uganda,1989,0,0,0,0
1696,Uganda,1990,0,0,0,0
1697,Uganda,1991,0,0,0,0
1698,Uganda,1992,0,0,0,0
1699,Uganda,1993,0,0,0,0
1700,Uganda,1994,0,0,0,0
1701,Uganda,1995,0,0,0,0
1702,Uganda,1996,0,0,0,0
1703,Uganda,1997,0,0,0,0
1704,Uganda,1998,0,0,0,0
1705,Uganda,1999,0,0,0,0
1706,Uganda,2000,0,0,0,0
1707,Uganda,2001,1,0,1,1
1708,Uganda,2002,1,0,0,0
1709,Uganda,2003,1,0,0,0
1710,Uganda,2004,1,0,0,0
1711,Uganda,2005,1,0,0,0
1712,Uganda,2006,1,0,0,0
1713,Uganda,2007,1,0,0,0
1714,Uganda,2008,1,0,0,0
1715,Uganda,2009,1,0,0,0
1716,Uganda,2010,1,0,0,0
1717,Uganda,2011,1,0,0,0
1718,Uganda,2012,1,0,0,0
1719,Uganda,2013,1,0,0,0
1720,Uganda,2014,1,0,0,0
1721,Uganda,2015,1,0,0,0
1722,Uganda,2016,1,0,0,0
1723,Ukraine,1976,0,0,0,0
1724,Ukraine,1977,0,0,0,0
1725,Ukraine,1978,0,0,0,0
1726,Ukraine,1979,0,0,0,0
1727,Ukraine,1980,0,0,0,0
1728,Ukraine,1981,0,0,0,0
1729,Ukraine,1982,0,0,0,0
1730,Ukraine,1983,0,0,0,0
1731,Ukraine,1984,0,0,0,0
1732,Ukraine,1985,0,0,0,0
1733,Ukraine,1986,0,0,0,0
1734,Ukraine,1987,0,0,0,0
1735,Ukraine,1988,0,0,0,0
1736,Ukraine,1989,0,0,0,0
1737,Ukraine,1990,0,0,0,0
1738,Ukraine,1991,0,0,0,0
1739,Ukraine,1992,0,0,0,0
1740,Ukraine,1993,0,0,0,0
1741,Ukraine,1994,0,0,0,0
1742,Ukraine,1995,0,0,0,0
1743,Ukraine,1996,0,0,0,0
1744,Ukraine,1997,0,0,0,0
1745,Ukraine,1998,0,0,0,0
1746,Ukraine,1999,0,0,0,0
1747,Ukraine,2000,0,0,0,0
1748,Ukraine,2001,0,0,0,0
1749,Ukraine,2002,0,0,0,0
1750,Ukraine,2003,0,0,0,0
1751,Ukraine,2004,0,0,0,0
1752,Ukraine,2005,0,0,0,0
1753,Ukraine,2006,0,0,0,0
1754,Ukraine,2007,0,0,0,0
1755,Ukraine,2008,0,0,0,0
1756,Ukraine,2009,0,0,0,0
1757,Ukraine,2010,0,0,0,0
1758,Ukraine,2011,0,0,0,0
1759,Ukraine,2012,2,0,2,2
1760,Ukraine,2013,2,0,0,0
1761,Ukraine,2014,2,0,0,0
1762,Ukraine,2015,2,0,0,0
1763,Ukraine,2016,2,0,0,0
1764,United Kingdom,1976,0,0,0,0
1765,United Kingdom,1977,0,0,0,0
1766,United Kingdom,1978,0,0,0,0
1767,United Kingdom,1979,0,0,0,0
1768,United Kingdom,1980,0,0,0,0
1769,United Kingdom,1981,0,0,0,0
1770,United Kingdom,1982,0,0,0,0
1771,United Kingdom,1983,0,0,0,0
1772,United Kingdom,1984,0,0,0,0
1773,United Kingdom,1985,0,0,0,0
1774,United Kingdom,1986,0,0,0,0
1775,United Kingdom,1987,0,0,0,0
1776,United Kingdom,1988,0,0,0,0
1777,United Kingdom,1989,0,0,0,0
1778,United Kingdom,1990,0,0,0,0
1779,United Kingdom,1991,0,0,0,0
1780,United Kingdom,1992,0,0,0,0
1781,United Kingdom,1993,0,0,0,0
1782,United Kingdom,1994,0,0,0,0
1783,United Kingdom,1995,0,0,0,0
1784,United Kingdom,1996,0,0,0,0
1785,United Kingdom,1997,0,0,0,0
1786,United Kingdom,1998,0,0,0,0
1787,United Kingdom,1999,0,0,0,0
1788,United Kingdom,2000,0,0,0,0
1789,United Kingdom,2001,0,0,0,0
1790,United Kingdom,2002,0,0,0,0
1791,United Kingdom,2003,0,0,0,0
1792,United Kingdom,2004,0,0,0,0
1793,United Kingdom,2005,0,0,0,0
1794,United Kingdom,2006,0,0,0,0
1795,United Kingdom,2007,1,0,1,1
1796,United Kingdom,2008,2,0,1,1
1797,United Kingdom,2009,3,0,1,1
1798,United Kingdom,2010,4,0,1,1
1799,United Kingdom,2011,4,0,0,0
1800,United Kingdom,2012,4,0,0,0
1801,United Kingdom,2013,4,0,0,0
1802,United Kingdom,2014,4,0,0,0
1803,United Kingdom,2015,4,0,0,0
1804,United Kingdom,2016,4,0,0,0
1805,United States,1976,0,0,0,0
1806,United States,1977,0,0,0,0
1807,United States,1978,0,0,0,0
1808,United States,1979,0,0,0,0
1809,United States,1980,0,0,0,0
1810,United States,1981,0,0,0,0
1811,United States,1982,0,0,0,0
1812,United States,1983,0,0,0,0
1813,United States,1984,0,0,0,0
1814,United States,1985,0,0,0,0
1815,United States,1986,0,0,0,0
1816,United States,1987,0,0,0,0
1817,United States,1988,0,0,0,0
1818,United States,1989,0,0,0,0
1819,United States,1990,0,0,0,0
1820,United States,1991,0,0,0,0
1821,United States,1992,0,0,0,0
1822,United States,1993,0,0,0,0
1823,United States,1994,0,0,0,0
1824,United States,1995,0,0,0,0
1825,United States,1996,0,0,0,0
1826,United States,1997,0,0,0,0
1827,United States,1998,0,0,0,0
1828,United States,1999,0,0,0,0
1829,United States,2000,0,0,0,0
1830,United States,2001,0,0,0,0
1831,United States,2002,0,0,0,0
1832,United States,2003,0,0,0,0
1833,United States,2004,0,0,0,0
1834,United States,2005,0,0,0,0
1835,United States,2006,0,0,0,0
1836,United States,2007,0,0,0,0
1837,United States,2008,1,0,1,1
1838,United States,2009,2,0,1,1
1839,United States,2010,3,0,1,1
1840,United States,2011,4,0,1,1
1841,United States,2012,7,0,3,3
1842,United States,2013,7,0,0,0
1843,United States,2014,7,0,0,0
1844,United States,2015,7,0,0,0
1845,United States,2016,7,0,0,0
1846,Uzbekistan,1976,0,0,0,0
1847,Uzbekistan,1977,0,0,0,0
1848,Uzbekistan,1978,0,0,0,0
1849,Uzbekistan,1979,0,0,0,0
1850,Uzbekistan,1980,0,0,0,0
1851,Uzbekistan,1981,0,0,0,0
1852,Uzbekistan,1982,0,0,0,0
1853,Uzbekistan,1983,0,0,0,0
1854,Uzbekistan,1984,0,0,0,0
1855,Uzbekistan,1985,0,0,0,0
1856,Uzbekistan,1986,0,0,0,0
1857,Uzbekistan,1987,0,0,0,0
1858,Uzbekistan,1988,0,0,0,0
1859,Uzbekistan,1989,0,0,0,0
1860,Uzbekistan,1990,0,0,0,0
1861,Uzbekistan,1991,0,0,0,0
1862,Uzbekistan,1992,0,0,0,0
1863,Uzbekistan,1993,0,0,0,0
1864,Uzbekistan,1994,0,0,0,0
1865,Uzbekistan,1995,0,0,0,0
1866,Uzbekistan,1996,0,0,0,0
1867,Uzbekistan,1997,0,0,0,0
1868,Uzbekistan,1998,0,0,0,0
1869,Uzbekistan,1999,0,0,0,0
1870,Uzbekistan,2000,0,0,0,0
1871,Uzbekistan,2001,0,0,0,0
1872,Uzbekistan,2002,0,0,0,0
1873,Uzbekistan,2003,0,0,0,0
1874,Uzbekistan,2004,0,0,0,0
1875,Uzbekistan,2005,0,0,0,0
1876,Uzbekistan,2006,0,0,0,0
1877,Uzbekistan,2007,0,0,0,0
1878,Uzbekistan,2008,0,0,0,0
1879,Uzbekistan,2009,0,0,0,0
1880,Uzbekistan,2010,0,0,0,0
1881,Uzbekistan,2011,0,0,0,0
1882,Uzbekistan,2012,1,0,1,1
1883,Uzbekistan,2013,1,0,0,0
1884,Uzbekistan,2014,1,0,0,0
1885,Uzbekistan,2015,1,0,0,0
1886,Uzbekistan,2016,1,0,0,0
1887,Yemen,1976,0,0,0,0
1888,Yemen,1977,0,0,0,0
1889,Yemen,1978,0,0,0,0
1890,Yemen,1979,0,0,0,0
1891,Yemen,1980,0,0,0,0
1892,Yemen,1981,0,0,0,0
1893,Yemen,1982,0,0,0,0
1894,Yemen,1983,0,0,0,0
1895,Yemen,1984,0,0,0,0
1896,Yemen,1985,0,0,0,0
1897,Yemen,1986,0,0,0,0
1898,Yemen,1987,0,0,0,0
1899,Yemen,1988,0,0,0,0
1900,Yemen,1989,0,0,0,0
1901,Yemen,1990,0,0,0,0
1902,Yemen,1991,0,0,0,0
1903,Yemen,1992,0,0,0,0
1904,Yemen,1993,0,0,0,0
1905,Yemen,1994,0,0,0,0
1906,Yemen,1995,0,0,0,0
1907,Yemen,1996,0,0,0,0
1908,Yemen,1997,0,0,0,0
1909,Yemen,1998,0,0,0,0
1910,Yemen,1999,0,0,0,0
1911,Yemen,2000,0,0,0,0
1912,Yemen,2001,11,0,11,11
1913,Yemen,2002,21,0,10,10
1914,Yemen,2003,31,0,10,10
1915,Yemen,2004,40,0,9,9
1916,Yemen,2005,50,0,10,10
1917,Yemen,2006,56,0,6,6
1918,Yemen,2007,63,0,7,7
1919,Yemen,2008,69,0,6,6
1920,Yemen,2009,75,0,6,6
1921,Yemen,2010,80,0,5,5
1922,Yemen,2011,81,0,1,1
1923,Yemen,2012,83,0,2,2
1924,Yemen,2013,85,0,2,2
1925,Yemen,2014,87,0,2,2
1926,Yemen,2015,94,0,7,7
1927,Yemen,2016,108,0,14,14