,country,year,donations,receipts,net_donations,,,,,
1,Argentina,2016,1,0,1,,,,,
2,Argentina,2015,0,0,0,,,,,
3,Argentina,2014,0,0,0,,,,,
4,Argentina,2013,0,0,0,,,,,
5,Argentina,2012,0,0,0,,,,,
6,Argentina,2011,0,0,0,,,,,
7,Argentina,2010,0,0,0,,,,,
8,Argentina,2009,0,0,0,,,,,
9,Argentina,2008,0,0,0,,,,,
10,Argentina,2007,4,0,4,,,,,
11,Argentina,2006,4,0,4,,,,,
12,Argentina,2005,4,0,4,,,,,
13,Argentina,2004,4,0,4,,,,,
14,Argentina,2003,4,0,4,,,,,
15,Argentina,2002,3,0,3,,,,,
16,Argentina,2001,3,0,3,,,,,
17,Argentina,2000,3,0,3,,,,,
18,Argentina,1999,3,0,3,,,,,
19,Argentina,1998,3,0,3,,,,,
20,Argentina,1997,0,0,0,,,,,
21,Argentina,1996,0,0,0,,,,,
22,Argentina,1995,0,0,0,,,,,
23,Argentina,1994,0,0,0,,,,,
24,Argentina,1993,0,0,0,,,,,
25,Argentina,1992,0,0,0,,,,,
26,Argentina,1991,0,0,0,,,,,
27,Argentina,1990,0,0,0,,,,,
28,Argentina,1989,0,0,0,,,,,
29,Argentina,1988,0,0,0,,,,,
30,Argentina,1987,0,0,0,,,,,
31,Argentina,1986,0,0,0,,,,,
32,Argentina,1985,0,0,0,,,,,
33,Argentina,1984,0,0,0,,,,,
34,Argentina,1983,0,0,0,,,,,
35,Argentina,1982,0,0,0,,,,,
36,Argentina,1981,0,0,0,,,,,
37,Argentina,1980,0,0,0,,,,,
38,Armenia,2016,19,0,19,,,,,
39,Armenia,2015,19,0,19,,,,,
40,Armenia,2014,18,0,18,,,,,
41,Armenia,2013,17,0,17,,,,,
42,Armenia,2012,14,0,14,,,,,
43,Armenia,2011,14,0,14,,,,,
44,Armenia,2010,14,0,14,,,,,
45,Armenia,2009,14,0,14,,,,,
46,Armenia,2008,14,0,14,,,,,
47,Armenia,2007,14,0,14,,,,,
48,Armenia,2006,14,0,14,,,,,
49,Armenia,2005,0,0,0,,,,,
50,Armenia,2004,1,0,1,,,,,
51,Armenia,2003,1,0,1,,,,,
52,Armenia,2002,3,0,3,,,,,
53,Armenia,2001,0,0,0,,,,,
54,Armenia,2000,0,0,0,,,,,
55,Armenia,1999,0,0,0,,,,,
56,Armenia,1998,0,0,0,,,,,
57,Armenia,1997,0,0,0,,,,,
58,Armenia,1996,0,0,0,,,,,
59,Armenia,1995,0,0,0,,,,,
60,Armenia,1994,0,0,0,,,,,
61,Armenia,1993,0,0,0,,,,,
62,Armenia,1992,0,0,0,,,,,
63,Armenia,1991,0,0,0,,,,,
64,Armenia,1990,0,0,0,,,,,
65,Armenia,1989,0,0,0,,,,,
66,Armenia,1988,0,0,0,,,,,
67,Armenia,1987,0,0,0,,,,,
68,Armenia,1986,0,0,0,,,,,
69,Armenia,1985,0,0,0,,,,,
70,Armenia,1984,0,0,0,,,,,
71,Armenia,1983,0,0,0,,,,,
72,Armenia,1982,0,0,0,,,,,
73,Armenia,1981,0,0,0,,,,,
74,Armenia,1980,0,0,0,,,,,
75,Australia,2016,529,0,529,,,,,
76,Australia,2015,485,0,485,,,,,
77,Australia,2014,393,0,393,,,,,
78,Australia,2013,346,0,346,,,,,
79,Australia,2012,315,0,315,,,,,
80,Australia,2011,271,0,271,,,,,
81,Australia,2010,209,0,209,,,,,
82,Australia,2009,183,0,183,,,,,
83,Australia,2008,1300,0,1300,,,,,
84,Australia,2007,1010,0,1010,,,,,
85,Australia,2006,830,0,830,,,,,
86,Australia,2005,1120,0,1120,,,,,
87,Australia,2004,1320,0,1320,,,,,
88,Australia,2003,1070,0,1070,,,,,
89,Australia,2002,890,0,890,,,,,
90,Australia,2001,900,0,900,,,,,
91,Australia,2000,1000,0,1000,,,,,
92,Australia,1999,1140,0,1140,,,,,
93,Australia,1998,980,0,980,,,,,
94,Australia,1997,1070,0,1070,,,,,
95,Australia,1996,960,0,960,,,,,
96,Australia,1995,900,0,900,,,,,
97,Australia,1994,810,0,810,,,,,
98,Australia,1993,780,0,780,,,,,
99,Australia,1992,650,0,650,,,,,
100,Australia,1991,790,0,790,,,,,
101,Australia,1990,350,0,350,,,,,
102,Australia,1989,270,0,270,,,,,
103,Australia,1988,320,0,320,,,,,
104,Australia,1987,200,0,200,,,,,
105,Australia,1986,170,0,170,,,,,
106,Australia,1985,250,0,250,,,,,
107,Australia,1984,250,0,250,,,,,
108,Australia,1983,200,0,200,,,,,
109,Australia,1982,210,0,210,,,,,
110,Australia,1981,190,0,190,,,,,
111,Australia,1980,230,0,230,,,,,
112,Austria,2016,76,0,76,,,,,
113,Austria,2015,63,0,63,,,,,
114,Austria,2014,52,0,52,,,,,
115,Austria,2013,50,0,50,,,,,
116,Austria,2012,39,0,39,,,,,
117,Austria,2011,49,0,49,,,,,
118,Austria,2010,36,0,36,,,,,
119,Austria,2009,33,0,33,,,,,
120,Austria,2008,59,0,59,,,,,
121,Austria,2007,68,0,68,,,,,
122,Austria,2006,94,0,94,,,,,
123,Austria,2005,99,0,99,,,,,
124,Austria,2004,79,0,79,,,,,
125,Austria,2003,60,0,60,,,,,
126,Austria,2002,80,0,80,,,,,
127,Austria,2001,43,0,43,,,,,
128,Austria,2000,58,0,58,,,,,
129,Austria,1999,41,0,41,,,,,
130,Austria,1998,53,0,53,,,,,
131,Austria,1997,46,0,46,,,,,
132,Austria,1996,48,0,48,,,,,
133,Austria,1995,0,0,0,,,,,
134,Austria,1994,0,0,0,,,,,
135,Austria,1993,0,0,0,,,,,
136,Austria,1992,0,0,0,,,,,
137,Austria,1991,0,0,0,,,,,
138,Austria,1990,0,0,0,,,,,
139,Austria,1989,0,0,0,,,,,
140,Austria,1988,0,0,0,,,,,
141,Austria,1987,0,0,0,,,,,
142,Austria,1986,0,0,0,,,,,
143,Austria,1985,0,0,0,,,,,
144,Austria,1984,0,0,0,,,,,
145,Austria,1983,0,0,0,,,,,
146,Austria,1982,0,0,0,,,,,
147,Austria,1981,0,0,0,,,,,
148,Austria,1980,0,0,0,,,,,
149,Belarus,2016,2,0,2,,,,,
150,Belarus,2015,2,0,2,,,,,
151,Belarus,2014,0,0,0,,,,,
152,Belarus,2013,0,0,0,,,,,
153,Belarus,2012,0,0,0,,,,,
154,Belarus,2011,0,0,0,,,,,
155,Belarus,2010,0,0,0,,,,,
156,Belarus,2009,58,0,58,,,,,
157,Belarus,2008,52,0,52,,,,,
158,Belarus,2007,73,0,73,,,,,
159,Belarus,2006,87,0,87,,,,,
160,Belarus,2005,98,0,98,,,,,
161,Belarus,2004,73,0,73,,,,,
162,Belarus,2003,88,0,88,,,,,
163,Belarus,2002,103,0,103,,,,,
164,Belarus,2001,116,0,116,,,,,
165,Belarus,2000,103,0,103,,,,,
166,Belarus,1999,0,0,0,,,,,
167,Belarus,1998,0,0,0,,,,,
168,Belarus,1997,0,0,0,,,,,
169,Belarus,1996,0,0,0,,,,,
170,Belarus,1995,0,0,0,,,,,
171,Belarus,1994,0,0,0,,,,,
172,Belarus,1993,0,0,0,,,,,
173,Belarus,1992,0,0,0,,,,,
174,Belarus,1991,0,0,0,,,,,
175,Belarus,1990,0,0,0,,,,,
176,Belarus,1989,0,0,0,,,,,
177,Belarus,1988,0,0,0,,,,,
178,Belarus,1987,0,0,0,,,,,
179,Belarus,1986,0,0,0,,,,,
180,Belarus,1985,0,0,0,,,,,
181,Belarus,1984,0,0,0,,,,,
182,Belarus,1983,0,0,0,,,,,
183,Belarus,1982,0,0,0,,,,,
184,Belarus,1981,0,0,0,,,,,
185,Belarus,1980,0,0,0,,,,,
186,Belgium,2016,99,0,99,,,,,
187,Belgium,2015,109,0,109,,,,,
188,Belgium,2014,77,0,77,,,,,
189,Belgium,2013,209,0,209,,,,,
190,Belgium,2012,182,0,182,,,,,
191,Belgium,2011,164,0,164,,,,,
192,Belgium,2010,142,0,142,,,,,
193,Belgium,2009,50,0,50,,,,,
194,Belgium,2008,41,0,41,,,,,
195,Belgium,2007,28,0,28,,,,,
196,Belgium,2006,14,0,14,,,,,
197,Belgium,2005,22,0,22,,,,,
198,Belgium,2004,34,0,34,,,,,
199,Belgium,2003,32,0,32,,,,,
200,Belgium,2002,40,0,40,,,,,
201,Belgium,2001,26,0,26,,,,,
202,Belgium,2000,88,0,88,,,,,
203,Belgium,1999,118,0,118,,,,,
204,Belgium,1998,124,0,124,,,,,
205,Belgium,1997,177,0,177,,,,,
206,Belgium,1996,177,0,177,,,,,
207,Belgium,1995,0,0,0,,,,,
208,Belgium,1994,0,0,0,,,,,
209,Belgium,1993,0,0,0,,,,,
210,Belgium,1992,0,0,0,,,,,
211,Belgium,1991,0,0,0,,,,,
212,Belgium,1990,0,0,0,,,,,
213,Belgium,1989,0,0,0,,,,,
214,Belgium,1988,0,0,0,,,,,
215,Belgium,1987,0,0,0,,,,,
216,Belgium,1986,0,0,0,,,,,
217,Belgium,1985,0,0,0,,,,,
218,Belgium,1984,0,0,0,,,,,
219,Belgium,1983,0,0,0,,,,,
220,Belgium,1982,0,0,0,,,,,
221,Belgium,1981,0,0,0,,,,,
222,Belgium,1980,0,0,0,,,,,
223,Brazil,2016,399,0,399,,,,,
224,Brazil,2015,399,0,399,,,,,
225,Brazil,2014,394,0,394,,,,,
226,Brazil,2013,34,0,34,,,,,
227,Brazil,2012,29,0,29,,,,,
228,Brazil,2011,29,0,29,,,,,
229,Brazil,2010,29,0,29,,,,,
230,Brazil,2009,29,0,29,,,,,
231,Brazil,2008,27,0,27,,,,,
232,Brazil,2007,27,0,27,,,,,
233,Brazil,2006,27,0,27,,,,,
234,Brazil,2005,38,0,38,,,,,
235,Brazil,2004,14,0,14,,,,,
236,Brazil,2003,14,0,14,,,,,
237,Brazil,2002,14,0,14,,,,,
238,Brazil,2001,19,0,19,,,,,
239,Brazil,2000,23,0,23,,,,,
240,Brazil,1999,23,0,23,,,,,
241,Brazil,1998,25,0,25,,,,,
242,Brazil,1997,19,0,19,,,,,
243,Brazil,1996,18,0,18,,,,,
244,Brazil,1995,19,0,19,,,,,
245,Brazil,1994,0,0,0,,,,,
246,Brazil,1993,0,0,0,,,,,
247,Brazil,1992,0,0,0,,,,,
248,Brazil,1991,0,0,0,,,,,
249,Brazil,1990,0,0,0,,,,,
250,Brazil,1989,0,0,0,,,,,
251,Brazil,1988,0,0,0,,,,,
252,Brazil,1987,0,0,0,,,,,
253,Brazil,1986,0,0,0,,,,,
254,Brazil,1985,0,0,0,,,,,
255,Brazil,1984,0,0,0,,,,,
256,Brazil,1983,0,0,0,,,,,
257,Brazil,1982,0,0,0,,,,,
258,Brazil,1981,0,0,0,,,,,
259,Brazil,1980,0,0,0,,,,,
260,Bulgaria,2016,25,0,25,,,,,
261,Bulgaria,2015,18,0,18,,,,,
262,Bulgaria,2014,17,0,17,,,,,
263,Bulgaria,2013,29,0,29,,,,,
264,Bulgaria,2012,46,0,46,,,,,
265,Bulgaria,2011,28,0,28,,,,,
266,Bulgaria,2010,28,0,28,,,,,
267,Bulgaria,2009,27,0,27,,,,,
268,Bulgaria,2008,27,0,27,,,,,
269,Bulgaria,2007,26,0,26,,,,,
270,Bulgaria,2006,23,0,23,,,,,
271,Bulgaria,2005,23,0,23,,,,,
272,Bulgaria,2004,27,0,27,,,,,
273,Bulgaria,2003,22,0,22,,,,,
274,Bulgaria,2002,22,0,22,,,,,
275,Bulgaria,2001,25,0,25,,,,,
276,Bulgaria,2000,8,0,8,,,,,
277,Bulgaria,1999,4,0,4,,,,,
278,Bulgaria,1998,4,0,4,,,,,
279,Bulgaria,1997,0,0,0,,,,,
280,Bulgaria,1996,13,0,13,,,,,
281,Bulgaria,1995,9,0,9,,,,,
282,Bulgaria,1994,1,0,1,,,,,
283,Bulgaria,1993,1,0,1,,,,,
284,Bulgaria,1992,0,0,0,,,,,
285,Bulgaria,1991,0,0,0,,,,,
286,Bulgaria,1990,0,0,0,,,,,
287,Bulgaria,1989,0,0,0,,,,,
288,Bulgaria,1988,0,0,0,,,,,
289,Bulgaria,1987,0,0,0,,,,,
290,Bulgaria,1986,0,0,0,,,,,
291,Bulgaria,1985,0,0,0,,,,,
292,Bulgaria,1984,0,0,0,,,,,
293,Bulgaria,1983,0,0,0,,,,,
294,Bulgaria,1982,0,0,0,,,,,
295,Bulgaria,1981,0,0,0,,,,,
296,Bulgaria,1980,0,0,0,,,,,
297,Canada,2016,741,0,741,,,,,
298,Canada,2015,867,0,867,,,,,
299,Canada,2014,1024,0,1024,,,,,
300,Canada,2013,2172,0,2172,,,,,
301,Canada,2012,1614,0,1614,,,,,
302,Canada,2011,3072,0,3072,,,,,
303,Canada,2010,3432,0,3432,,,,,
304,Canada,2009,3077,0,3077,,,,,
305,Canada,2008,3566,0,3566,,,,,
306,Canada,2007,3467,0,3467,,,,,
307,Canada,2006,3802,0,3802,,,,,
308,Canada,2005,3709,0,3709,,,,,
309,Canada,2004,3293,0,3293,,,,,
310,Canada,2003,3179,0,3179,,,,,
311,Canada,2002,2332,0,2332,,,,,
312,Canada,2001,2578,0,2578,,,,,
313,Canada,2000,1903,0,1903,,,,,
314,Canada,1999,1594,0,1594,,,,,
315,Canada,1998,1329,0,1329,,,,,
316,Canada,1997,1472,0,1472,,,,,
317,Canada,1996,1919,0,1919,,,,,
318,Canada,1995,3177,0,3177,,,,,
319,Canada,1994,5298,0,5298,,,,,
320,Canada,1993,4902,0,4902,,,,,
321,Canada,1992,6915,0,6915,,,,,
322,Canada,1991,12567,0,12567,,,,,
323,Canada,1990,13568,0,13568,,,,,
324,Canada,1989,7157,0,7157,,,,,
325,Canada,1988,3970,0,3970,,,,,
326,Canada,1987,3803,0,3803,,,,,
327,Canada,1986,2576,0,2576,,,,,
328,Canada,1985,1683,0,1683,,,,,
329,Canada,1984,1253,0,1253,,,,,
330,Canada,1983,789,0,789,,,,,
331,Canada,1982,1159,0,1159,,,,,
332,Canada,1981,1119,0,1119,,,,,
333,Canada,1980,1409,0,1409,,,,,
334,Croatia,2016,0,0,0,,,,,
335,Croatia,2015,0,0,0,,,,,
336,Croatia,2014,0,0,0,,,,,
337,Croatia,2013,5,0,5,,,,,
338,Croatia,2012,0,0,0,,,,,
339,Croatia,2011,2,0,2,,,,,
340,Croatia,2010,0,0,0,,,,,
341,Croatia,2009,0,0,0,,,,,
342,Croatia,2008,0,0,0,,,,,
343,Croatia,2007,0,0,0,,,,,
344,Croatia,2006,0,0,0,,,,,
345,Croatia,2005,0,0,0,,,,,
346,Croatia,2004,0,0,0,,,,,
347,Croatia,2003,0,0,0,,,,,
348,Croatia,2002,0,0,0,,,,,
349,Croatia,2001,0,0,0,,,,,
350,Croatia,2000,0,0,0,,,,,
351,Croatia,1999,0,0,0,,,,,
352,Croatia,1998,0,0,0,,,,,
353,Croatia,1997,0,0,0,,,,,
354,Croatia,1996,0,0,0,,,,,
355,Croatia,1995,0,0,0,,,,,
356,Croatia,1994,0,0,0,,,,,
357,Croatia,1993,0,0,0,,,,,
358,Croatia,1992,0,0,0,,,,,
359,Croatia,1991,0,0,0,,,,,
360,Croatia,1990,0,0,0,,,,,
361,Croatia,1989,0,0,0,,,,,
362,Croatia,1988,0,0,0,,,,,
363,Croatia,1987,0,0,0,,,,,
364,Croatia,1986,0,0,0,,,,,
365,Croatia,1985,0,0,0,,,,,
366,Croatia,1984,0,0,0,,,,,
367,Croatia,1983,0,0,0,,,,,
368,Croatia,1982,0,0,0,,,,,
369,Croatia,1981,0,0,0,,,,,
370,Croatia,1980,0,0,0,,,,,
371,Côte d'Ivoire,2016,0,0,0,,,,,
372,Côte d'Ivoire,2015,1,0,1,,,,,
373,Côte d'Ivoire,2014,1,0,1,,,,,
374,Côte d'Ivoire,2013,1,0,1,,,,,
375,Côte d'Ivoire,2012,1,0,1,,,,,
376,Côte d'Ivoire,2011,1,0,1,,,,,
377,Côte d'Ivoire,2010,1,0,1,,,,,
378,Côte d'Ivoire,2009,1,0,1,,,,,
379,Côte d'Ivoire,2008,1,0,1,,,,,
380,Côte d'Ivoire,2007,1,0,1,,,,,
381,Côte d'Ivoire,2006,0,0,0,,,,,
382,Côte d'Ivoire,2005,0,0,0,,,,,
383,Côte d'Ivoire,2004,0,0,0,,,,,
384,Côte d'Ivoire,2003,0,0,0,,,,,
385,Côte d'Ivoire,2002,0,0,0,,,,,
386,Côte d'Ivoire,2001,0,0,0,,,,,
387,Côte d'Ivoire,2000,0,0,0,,,,,
388,Côte d'Ivoire,1999,0,0,0,,,,,
389,Côte d'Ivoire,1998,0,0,0,,,,,
390,Côte d'Ivoire,1997,0,0,0,,,,,
391,Côte d'Ivoire,1996,0,0,0,,,,,
392,Côte d'Ivoire,1995,0,0,0,,,,,
393,Côte d'Ivoire,1994,0,0,0,,,,,
394,Côte d'Ivoire,1993,0,0,0,,,,,
395,Côte d'Ivoire,1992,0,0,0,,,,,
396,Côte d'Ivoire,1991,0,0,0,,,,,
397,Côte d'Ivoire,1990,0,0,0,,,,,
398,Côte d'Ivoire,1989,0,0,0,,,,,
399,Côte d'Ivoire,1988,0,0,0,,,,,
400,Côte d'Ivoire,1987,0,0,0,,,,,
401,Côte d'Ivoire,1986,0,0,0,,,,,
402,Côte d'Ivoire,1985,0,0,0,,,,,
403,Côte d'Ivoire,1984,0,0,0,,,,,
404,Côte d'Ivoire,1983,0,0,0,,,,,
405,Côte d'Ivoire,1982,0,0,0,,,,,
406,Curacao,2016,1,0,1,,,,,
407,Curacao,2015,1,0,1,,,,,
408,Curacao,2014,0,0,0,,,,,
409,Curacao,2013,0,0,0,,,,,
410,Curacao,2012,0,0,0,,,,,
411,Curacao,2011,0,0,0,,,,,
412,Curacao,2010,0,0,0,,,,,
413,Curacao,2009,0,0,0,,,,,
414,Curacao,2008,0,0,0,,,,,
415,Curacao,2007,0,0,0,,,,,
416,Curacao,2006,0,0,0,,,,,
417,Curacao,2005,0,0,0,,,,,
418,Curacao,2004,0,0,0,,,,,
419,Curacao,2003,0,0,0,,,,,
420,Curacao,2002,0,0,0,,,,,
421,Curacao,2001,0,0,0,,,,,
422,Curacao,2000,0,0,0,,,,,
423,Curacao,1999,0,0,0,,,,,
424,Curacao,1998,0,0,0,,,,,
425,Curacao,1997,0,0,0,,,,,
426,Curacao,1996,0,0,0,,,,,
427,Curacao,1995,0,0,0,,,,,
428,Curacao,1994,0,0,0,,,,,
429,Curacao,1993,0,0,0,,,,,
430,Curacao,1992,0,0,0,,,,,
431,Curacao,1991,0,0,0,,,,,
432,Curacao,1990,0,0,0,,,,,
433,Curacao,1989,0,0,0,,,,,
434,Curacao,1988,0,0,0,,,,,
435,Curacao,1987,0,0,0,,,,,
436,Curacao,1986,0,0,0,,,,,
437,Curacao,1985,0,0,0,,,,,
438,Curacao,1984,0,0,0,,,,,
439,Curacao,1983,0,0,0,,,,,
440,Curacao,1982,0,0,0,,,,,
441,Cyprus,2016,45,0,45,,,,,
442,Cyprus,2015,39,0,39,,,,,
443,Cyprus,2014,36,0,36,,,,,
444,Cyprus,2013,32,0,32,,,,,
445,Cyprus,2012,32,0,32,,,,,
446,Cyprus,2011,25,0,25,,,,,
447,Cyprus,2010,25,0,25,,,,,
448,Cyprus,2009,20,0,20,,,,,
449,Cyprus,2008,39,0,39,,,,,
450,Cyprus,2007,20,0,20,,,,,
451,Cyprus,2006,16,0,16,,,,,
452,Cyprus,2005,19,0,19,,,,,
453,Cyprus,2004,12,0,12,,,,,
454,Cyprus,2003,14,0,14,,,,,
455,Cyprus,2002,6,0,6,,,,,
456,Cyprus,2001,217,0,217,,,,,
457,Cyprus,2000,206,0,206,,,,,
458,Cyprus,1999,2,0,2,,,,,
459,Cyprus,1998,2,0,2,,,,,
460,Cyprus,1997,2,0,2,,,,,
461,Cyprus,1996,0,0,0,,,,,
462,Cyprus,1995,0,0,0,,,,,
463,Cyprus,1994,0,0,0,,,,,
464,Cyprus,1993,0,0,0,,,,,
465,Cyprus,1992,0,0,0,,,,,
466,Cyprus,1991,0,0,0,,,,,
467,Cyprus,1990,0,0,0,,,,,
468,Cyprus,1989,0,0,0,,,,,
469,Cyprus,1988,0,0,0,,,,,
470,Cyprus,1987,0,0,0,,,,,
471,Cyprus,1986,0,0,0,,,,,
472,Cyprus,1985,0,0,0,,,,,
473,Cyprus,1984,0,0,0,,,,,
474,Cyprus,1983,0,0,0,,,,,
475,Cyprus,1982,0,0,0,,,,,
476,Cyprus,1981,0,0,0,,,,,
477,Cyprus,1980,0,0,0,,,,,
478,Czechia,2016,4,0,4,,,,,
479,Czechia,2015,4,0,4,,,,,
480,Czechia,2014,0,0,0,,,,,
481,Czechia,2013,0,0,0,,,,,
482,Czechia,2012,0,0,0,,,,,
483,Czechia,2011,0,0,0,,,,,
484,Czechia,2010,0,0,0,,,,,
485,Czechia,2009,0,0,0,,,,,
486,Czechia,2008,0,0,0,,,,,
487,Czechia,2007,9,0,9,,,,,
488,Czechia,2006,16,0,16,,,,,
489,Czechia,2005,21,0,21,,,,,
490,Czechia,2004,10,0,10,,,,,
491,Czechia,2003,5,0,5,,,,,
492,Czechia,2002,17,0,17,,,,,
493,Czechia,2001,0,0,0,,,,,
494,Czechia,2000,0,0,0,,,,,
495,Czechia,1999,0,0,0,,,,,
496,Czechia,1998,0,0,0,,,,,
497,Czechia,1997,0,0,0,,,,,
498,Czechia,1996,1,0,1,,,,,
499,Czechia,1995,0,0,0,,,,,
500,Czechia,1994,0,0,0,,,,,
501,Czechia,1993,0,0,0,,,,,
502,Czechia,1992,0,0,0,,,,,
503,Czechia,1991,0,0,0,,,,,
504,Czechia,1990,0,0,0,,,,,
505,Czechia,1989,0,0,0,,,,,
506,Czechia,1988,0,0,0,,,,,
507,Czechia,1987,0,0,0,,,,,
508,Czechia,1986,0,0,0,,,,,
509,Czechia,1985,0,0,0,,,,,
510,Czechia,1984,0,0,0,,,,,
511,Czechia,1983,0,0,0,,,,,
512,Czechia,1982,0,0,0,,,,,
513,Czechia,1981,0,0,0,,,,,
514,Czechia,1980,0,0,0,,,,,
515,Denmark,2016,25,0,25,,,,,
516,Denmark,2015,24,0,24,,,,,
517,Denmark,2014,25,0,25,,,,,
518,Denmark,2013,108,0,108,,,,,
519,Denmark,2012,92,0,92,,,,,
520,Denmark,2011,128,0,128,,,,,
521,Denmark,2010,158,0,158,,,,,
522,Denmark,2009,174,0,174,,,,,
523,Denmark,2008,187,0,187,,,,,
524,Denmark,2007,164,0,164,,,,,
525,Denmark,2006,330,0,330,,,,,
526,Denmark,2005,294,0,294,,,,,
527,Denmark,2004,199,0,199,,,,,
528,Denmark,2003,165,0,165,,,,,
529,Denmark,2002,203,0,203,,,,,
530,Denmark,2001,218,0,218,,,,,
531,Denmark,2000,373,0,373,,,,,
532,Denmark,1999,541,0,541,,,,,
533,Denmark,1998,445,0,445,,,,,
534,Denmark,1997,577,0,577,,,,,
535,Denmark,1996,1070,0,1070,,,,,
536,Denmark,1995,1763,0,1763,,,,,
537,Denmark,1994,1763,0,1763,,,,,
538,Denmark,1993,1763,0,1763,,,,,
539,Denmark,1992,1741,0,1741,,,,,
540,Denmark,1991,1679,0,1679,,,,,
541,Denmark,1990,1547,0,1547,,,,,
542,Denmark,1989,1376,0,1376,,,,,
543,Denmark,1988,77,0,77,,,,,
544,Denmark,1987,30,0,30,,,,,
545,Denmark,1986,34,0,34,,,,,
546,Denmark,1985,16,0,16,,,,,
547,Denmark,1984,22,0,22,,,,,
548,Denmark,1983,21,0,21,,,,,
549,Denmark,1982,19,0,19,,,,,
550,Denmark,1981,20,0,20,,,,,
551,Denmark,1980,39,0,39,,,,,
552,Ecuador,2016,0,0,0,,,,,
553,Ecuador,2015,6,0,6,,,,,
554,Ecuador,2014,6,0,6,,,,,
555,Ecuador,2013,5,0,5,,,,,
556,Ecuador,2012,6,0,6,,,,,
557,Ecuador,2011,5,0,5,,,,,
558,Ecuador,2010,5,0,5,,,,,
559,Ecuador,2009,5,0,5,,,,,
560,Ecuador,2008,4,0,4,,,,,
561,Ecuador,2007,2,0,2,,,,,
562,Ecuador,2006,1,0,1,,,,,
563,Ecuador,2005,1,0,1,,,,,
564,Ecuador,2004,1,0,1,,,,,
565,Ecuador,2003,1,0,1,,,,,
566,Ecuador,2002,1,0,1,,,,,
567,Ecuador,2001,1,0,1,,,,,
568,Ecuador,2000,0,0,0,,,,,
569,Ecuador,1999,0,0,0,,,,,
570,Ecuador,1998,0,0,0,,,,,
571,Ecuador,1997,0,0,0,,,,,
572,Ecuador,1996,0,0,0,,,,,
573,Ecuador,1995,0,0,0,,,,,
574,Ecuador,1994,0,0,0,,,,,
575,Ecuador,1993,0,0,0,,,,,
576,Ecuador,1992,0,0,0,,,,,
577,Ecuador,1991,0,0,0,,,,,
578,Ecuador,1990,0,0,0,,,,,
579,Ecuador,1989,0,0,0,,,,,
580,Ecuador,1988,0,0,0,,,,,
581,Ecuador,1987,0,0,0,,,,,
582,Ecuador,1986,0,0,0,,,,,
583,Ecuador,1985,0,0,0,,,,,
584,Ecuador,1984,0,0,0,,,,,
585,Ecuador,1983,0,0,0,,,,,
586,Ecuador,1982,0,0,0,,,,,
587,Ecuador,1981,0,0,0,,,,,
588,Ecuador,1980,0,0,0,,,,,
589,Estonia,2016,0,,0,,,,,
590,Estonia,2015,0,,0,,,,,
591,Estonia,2014,0,,0,,,,,
592,Estonia,2013,0,,0,,,,,
593,Estonia,2012,1,,1,,,,,
594,Estonia,2011,0,,0,,,,,
595,Estonia,2010,0,,0,,,,,
596,Estonia,2009,0,,0,,,,,
597,Estonia,2008,0,,0,,,,,
598,Estonia,2007,0,,0,,,,,
599,Estonia,2006,0,,0,,,,,
600,Estonia,2005,0,,0,,,,,
601,Estonia,2004,0,,0,,,,,
602,Estonia,2003,0,,0,,,,,
603,Estonia,2002,0,,0,,,,,
604,Estonia,2001,0,,0,,,,,
605,Estonia,2000,0,,0,,,,,
606,Estonia,1999,0,,0,,,,,
607,Estonia,1998,0,,0,,,,,
608,Estonia,1997,0,,0,,,,,
609,Estonia,1996,0,,0,,,,,
610,Estonia,1995,0,,0,,,,,
611,Estonia,1994,0,,0,,,,,
612,Estonia,1993,0,,0,,,,,
613,Estonia,1992,0,,0,,,,,
614,Estonia,1991,0,,0,,,,,
615,Estonia,1990,0,,0,,,,,
616,Estonia,1989,0,,0,,,,,
617,Estonia,1988,0,,0,,,,,
618,Estonia,1987,0,,0,,,,,
619,Estonia,1986,0,,0,,,,,
620,Estonia,1985,0,,0,,,,,
621,Estonia,1984,0,,0,,,,,
622,Estonia,1983,0,,0,,,,,
623,Estonia,1982,0,,0,,,,,
624,Estonia,1980,0,,0,,,,,
625,Estonia,1981,0,,0,,,,,
626,Finland,2016,19,0,19,,,,,
627,Finland,2015,11,0,11,,,,,
628,Finland,2014,12,0,12,,,,,
629,Finland,2013,12,0,12,,,,,
630,Finland,2012,11,0,11,,,,,
631,Finland,2011,10,0,10,,,,,
632,Finland,2010,10,0,10,,,,,
633,Finland,2009,11,0,11,,,,,
634,Finland,2008,11,0,11,,,,,
635,Finland,2007,9,0,9,,,,,
636,Finland,2006,4,0,4,,,,,
637,Finland,2005,3,0,3,,,,,
638,Finland,2004,3,0,3,,,,,
639,Finland,2003,5,0,5,,,,,
640,Finland,2002,6,0,6,,,,,
641,Finland,2001,23,0,23,,,,,
642,Finland,2000,23,0,23,,,,,
643,Finland,1999,27,0,27,,,,,
644,Finland,1998,27,0,27,,,,,
645,Finland,1997,4,0,4,,,,,
646,Finland,1996,4,0,4,,,,,
647,Finland,1995,1,0,1,,,,,
648,Finland,1994,0,0,0,,,,,
649,Finland,1993,5,0,5,,,,,
650,Finland,1992,0,0,0,,,,,
651,Finland,1991,0,0,0,,,,,
652,Finland,1990,0,0,0,,,,,
653,Finland,1989,1,0,1,,,,,
654,Finland,1988,2,0,2,,,,,
655,Finland,1987,4,0,4,,,,,
656,Finland,1986,0,0,0,,,,,
657,Finland,1985,2,0,2,,,,,
658,Finland,1984,0,0,0,,,,,
659,Finland,1983,1,0,1,,,,,
660,Finland,1982,0,0,0,,,,,
661,Finland,1981,0,0,0,,,,,
662,Finland,1980,0,0,0,,,,,
663,France,2016,134,0,134,,,,,
664,France,2015,117,0,117,,,,,
665,France,2014,108,0,108,,,,,
666,France,2013,105,0,105,,,,,
667,France,2012,103,0,103,,,,,
668,France,2011,100,0,100,,,,,
669,France,2010,101,0,101,,,,,
670,France,2009,98,0,98,,,,,
671,France,2008,89,0,89,,,,,
672,France,2007,86,0,86,,,,,
673,France,2006,84,0,84,,,,,
674,France,2005,83,0,83,,,,,
675,France,2004,79,0,79,,,,,
676,France,2003,76,0,76,,,,,
677,France,2002,76,0,76,,,,,
678,France,2001,74,0,74,,,,,
679,France,2000,70,0,70,,,,,
680,France,1999,81,0,81,,,,,
681,France,1998,84,0,84,,,,,
682,France,1997,75,0,75,,,,,
683,France,1996,74,0,74,,,,,
684,France,1995,71,0,71,,,,,
685,France,1994,0,0,0,,,,,
686,France,1993,0,0,0,,,,,
687,France,1992,0,0,0,,,,,
688,France,1991,0,0,0,,,,,
689,France,1990,0,0,0,,,,,
690,France,1989,0,0,0,,,,,
691,France,1988,0,0,0,,,,,
692,France,1987,0,0,0,,,,,
693,France,1986,0,0,0,,,,,
694,France,1985,0,0,0,,,,,
695,France,1984,0,0,0,,,,,
696,France,1983,0,0,0,,,,,
697,France,1982,0,0,0,,,,,
698,France,1981,0,0,0,,,,,
699,France,1980,0,0,0,,,,,
700,Georgia,2016,6,0,6,,,,,
701,Georgia,2015,6,0,6,,,,,
702,Georgia,2014,1,0,1,,,,,
703,Georgia,2013,0,0,0,,,,,
704,Georgia,2012,0,0,0,,,,,
705,Georgia,2011,0,0,0,,,,,
706,Georgia,2010,0,0,0,,,,,
707,Georgia,2009,0,0,0,,,,,
708,Georgia,2008,0,0,0,,,,,
709,Georgia,2007,0,0,0,,,,,
710,Georgia,2006,0,0,0,,,,,
711,Georgia,2005,0,0,0,,,,,
712,Georgia,2004,0,0,0,,,,,
713,Georgia,2003,0,0,0,,,,,
714,Georgia,2002,0,0,0,,,,,
715,Georgia,2001,0,0,0,,,,,
716,Georgia,2000,0,0,0,,,,,
717,Georgia,1999,0,0,0,,,,,
718,Georgia,1998,0,0,0,,,,,
719,Georgia,1997,0,0,0,,,,,
720,Georgia,1996,0,0,0,,,,,
721,Georgia,1995,0,0,0,,,,,
722,Georgia,1994,0,0,0,,,,,
723,Georgia,1993,0,0,0,,,,,
724,Georgia,1992,0,0,0,,,,,
725,Georgia,1991,0,0,0,,,,,
726,Georgia,1990,0,0,0,,,,,
727,Georgia,1989,0,0,0,,,,,
728,Georgia,1988,0,0,0,,,,,
729,Georgia,1987,0,0,0,,,,,
730,Georgia,1986,0,0,0,,,,,
731,Georgia,1985,0,0,0,,,,,
732,Georgia,1984,0,0,0,,,,,
733,Georgia,1983,0,0,0,,,,,
734,Georgia,1982,0,0,0,,,,,
735,Georgia,1981,0,0,0,,,,,
736,Georgia,1980,0,0,0,,,,,
737,Germany,2016,804,0,804,,,,,
738,Germany,2015,521,0,521,,,,,
739,Germany,2014,489,0,489,,,,,
740,Germany,2013,449,0,449,,,,,
741,Germany,2012,11819,0,11819,,,,,
742,Germany,2011,11697,0,11697,,,,,
743,Germany,2010,12514,0,12514,,,,,
744,Germany,2009,12950,0,12950,,,,,
745,Germany,2008,9650,0,9650,,,,,
746,Germany,2007,9485,0,9485,,,,,
747,Germany,2006,9336,0,9336,,,,,
748,Germany,2005,15619,0,15619,,,,,
749,Germany,2004,17302,0,17302,,,,,
750,Germany,2003,18410,0,18410,,,,,
751,Germany,2002,19035,0,19035,,,,,
752,Germany,2001,1848,0,1848,,,,,
753,Germany,2000,625,0,625,,,,,
754,Germany,1999,0,0,0,,,,,
755,Germany,1998,2676,0,2676,,,,,
756,Germany,1997,2846,0,2846,,,,,
757,Germany,1996,2367,0,2367,,,,,
758,Germany,1995,2654,0,2654,,,,,
759,Germany,1994,4031,0,4031,,,,,
760,Germany,1993,3748,0,3748,,,,,
761,Germany,1992,3043,0,3043,,,,,
762,Germany,1991,4349,0,4349,,,,,
763,Germany,1990,2819,0,2819,,,,,
764,Germany,1989,1785,0,1785,,,,,
765,Germany,1988,1429,0,1429,,,,,
766,Germany,1987,2107,0,2107,,,,,
767,Germany,1986,4996,0,4996,,,,,
768,Germany,1985,3393,0,3393,,,,,
769,Germany,1984,2537,0,2537,,,,,
770,Germany,1983,3625,0,3625,,,,,
771,Germany,1982,4183,0,4183,,,,,
772,Germany,1981,3594,,3594,,,,,
773,Germany,1980,3422,,3422,,,,,
774,Ghana,2016,7,0,7,,,,,
775,Ghana,2015,7,0,7,,,,,
776,Ghana,2014,7,0,7,,,,,
777,Ghana,2013,7,0,7,,,,,
778,Ghana,2012,0,0,0,,,,,
779,Ghana,2011,0,0,0,,,,,
780,Ghana,2010,0,0,0,,,,,
781,Ghana,2009,0,0,0,,,,,
782,Ghana,2008,0,0,0,,,,,
783,Ghana,2007,0,0,0,,,,,
784,Ghana,2006,0,0,0,,,,,
785,Ghana,2005,0,0,0,,,,,
786,Ghana,2004,0,0,0,,,,,
787,Ghana,2003,0,0,0,,,,,
788,Ghana,2002,0,0,0,,,,,
789,Ghana,2001,0,0,0,,,,,
790,Ghana,2000,0,0,0,,,,,
791,Ghana,1999,0,0,0,,,,,
792,Ghana,1998,0,0,0,,,,,
793,Ghana,1997,0,0,0,,,,,
794,Ghana,1996,0,0,0,,,,,
795,Ghana,1995,0,0,0,,,,,
796,Ghana,1994,0,0,0,,,,,
797,Ghana,1993,0,0,0,,,,,
798,Ghana,1992,0,0,0,,,,,
799,Ghana,1991,0,0,0,,,,,
800,Ghana,1990,0,0,0,,,,,
801,Ghana,1989,0,0,0,,,,,
802,Ghana,1988,0,0,0,,,,,
803,Ghana,1987,0,0,0,,,,,
804,Ghana,1986,0,0,0,,,,,
805,Ghana,1985,0,0,0,,,,,
806,Ghana,1984,0,0,0,,,,,
807,Ghana,1983,0,0,0,,,,,
808,Ghana,1982,0,0,0,,,,,
809,Ghana,1981,0,0,0,,,,,
810,Ghana,1980,0,0,0,,,,,
811,Greece,2016,16,0,16,,,,,
812,Greece,2015,9,0,9,,,,,
813,Greece,2014,9,0,9,,,,,
814,Greece,2013,5,0,5,,,,,
815,Greece,2012,5,0,5,,,,,
816,Greece,2011,0,0,0,,,,,
817,Greece,2010,1,0,1,,,,,
818,Greece,2009,2,0,2,,,,,
819,Greece,2008,26,0,26,,,,,
820,Greece,2007,40,0,40,,,,,
821,Greece,2006,42,0,42,,,,,
822,Greece,2005,57,0,57,,,,,
823,Greece,2004,64,0,64,,,,,
824,Greece,2003,62,0,62,,,,,
825,Greece,2002,64,0,64,,,,,
826,Greece,2001,23,0,23,,,,,
827,Greece,2000,22,0,22,,,,,
828,Greece,1999,0,0,0,,,,,
829,Greece,1998,0,0,0,,,,,
830,Greece,1997,0,0,0,,,,,
831,Greece,1996,0,0,0,,,,,
832,Greece,1995,0,0,0,,,,,
833,Greece,1994,21,0,21,,,,,
834,Greece,1993,6,0,6,,,,,
835,Greece,1992,0,0,0,,,,,
836,Greece,1991,0,0,0,,,,,
837,Greece,1990,0,0,0,,,,,
838,Greece,1989,230,0,230,,,,,
839,Greece,1988,150,0,150,,,,,
840,Greece,1987,0,0,0,,,,,
841,Greece,1986,0,0,0,,,,,
842,Greece,1985,60,0,60,,,,,
843,Greece,1984,60,0,60,,,,,
844,Greece,1983,90,0,90,,,,,
845,Greece,1982,90,0,90,,,,,
846,Greece,1981,0,0,0,,,,,
847,Greece,1980,0,0,0,,,,,
848,Hungary,2016,7,0,7,,,,,
849,Hungary,2015,13,0,13,,,,,
850,Hungary,2014,13,0,13,,,,,
851,Hungary,2013,11,0,11,,,,,
852,Hungary,2012,12,0,12,,,,,
853,Hungary,2011,12,0,12,,,,,
854,Hungary,2010,13,0,13,,,,,
855,Hungary,2009,6,0,6,,,,,
856,Hungary,2008,6,0,6,,,,,
857,Hungary,2007,7,0,7,,,,,
858,Hungary,2006,5,0,5,,,,,
859,Hungary,2005,6,0,6,,,,,
860,Hungary,2004,5,0,5,,,,,
861,Hungary,2003,3,0,3,,,,,
862,Hungary,2002,3,0,3,,,,,
863,Hungary,2001,3,0,3,,,,,
864,Hungary,2000,2,0,2,,,,,
865,Hungary,1999,2,0,2,,,,,
866,Hungary,1998,0,0,0,,,,,
867,Hungary,1997,0,0,0,,,,,
868,Hungary,1996,0,0,0,,,,,
869,Hungary,1995,0,0,0,,,,,
870,Hungary,1994,1,0,1,,,,,
871,Hungary,1993,1,0,1,,,,,
872,Hungary,1992,0,0,0,,,,,
873,Hungary,1991,0,0,0,,,,,
874,Hungary,1990,0,0,0,,,,,
875,Hungary,1989,0,0,0,,,,,
876,Hungary,1988,0,0,0,,,,,
877,Hungary,1987,0,0,0,,,,,
878,Hungary,1986,0,0,0,,,,,
879,Hungary,1985,0,0,0,,,,,
880,Hungary,1984,0,0,0,,,,,
881,Hungary,1983,0,0,0,,,,,
882,Hungary,1982,0,0,0,,,,,
883,Hungary,1981,0,0,0,,,,,
884,Hungary,1980,0,0,0,,,,,
885,Iceland,2016,0,0,0,,,,,
886,Iceland,2015,0,0,0,,,,,
887,Iceland,2014,0,0,0,,,,,
888,Iceland,2013,1,0,1,,,,,
889,Iceland,2012,1,0,1,,,,,
890,Iceland,2011,0,0,0,,,,,
891,Iceland,2010,4,0,4,,,,,
892,Iceland,2009,2,0,2,,,,,
893,Iceland,2008,0,0,0,,,,,
894,Iceland,2007,0,0,0,,,,,
895,Iceland,2006,0,0,0,,,,,
896,Iceland,2005,0,0,0,,,,,
897,Iceland,2004,0,0,0,,,,,
898,Iceland,2003,0,0,0,,,,,
899,Iceland,2002,0,0,0,,,,,
900,Iceland,2001,0,0,0,,,,,
901,Iceland,2000,3,0,3,,,,,
902,Iceland,1999,0,0,0,,,,,
903,Iceland,1998,0,0,0,,,,,
904,Iceland,1997,3,0,3,,,,,
905,Iceland,1996,1,0,1,,,,,
906,Iceland,1995,0,0,0,,,,,
907,Iceland,1994,1,0,1,,,,,
908,Iceland,1993,0,0,0,,,,,
909,Iceland,1992,0,0,0,,,,,
910,Iceland,1991,0,0,0,,,,,
911,Iceland,1990,3,0,3,,,,,
912,Iceland,1989,0,0,0,,,,,
913,Iceland,1988,1,0,1,,,,,
914,Iceland,1987,0,0,0,,,,,
915,Iceland,1986,0,0,0,,,,,
916,Iceland,1985,0,0,0,,,,,
917,Iceland,1984,0,0,0,,,,,
918,Iceland,1983,0,0,0,,,,,
919,Iceland,1982,0,0,0,,,,,
920,Iceland,1981,0,0,0,,,,,
921,Iceland,1980,0,0,0,,,,,
922,Ireland,2016,13,0,13,,,,,
923,Ireland,2015,13,0,13,,,,,
924,Ireland,2014,13,0,13,,,,,
925,Ireland,2013,27,0,27,,,,,
926,Ireland,2012,20,0,20,,,,,
927,Ireland,2011,20,0,20,,,,,
928,Ireland,2010,21,0,21,,,,,
929,Ireland,2009,19,0,19,,,,,
930,Ireland,2008,19,0,19,,,,,
931,Ireland,2007,18,0,18,,,,,
932,Ireland,2006,37,0,37,,,,,
933,Ireland,2005,10,0,10,,,,,
934,Ireland,2004,10,0,10,,,,,
935,Ireland,2003,8,0,8,,,,,
936,Ireland,2002,1,0,1,,,,,
937,Ireland,2001,2,0,2,,,,,
938,Ireland,2000,0,0,0,,,,,
939,Ireland,1999,1,0,1,,,,,
940,Ireland,1998,0,0,0,,,,,
941,Ireland,1997,0,0,0,,,,,
942,Ireland,1996,0,0,0,,,,,
943,Ireland,1995,0,0,0,,,,,
944,Ireland,1994,0,0,0,,,,,
945,Ireland,1993,0,0,0,,,,,
946,Ireland,1992,0,0,0,,,,,
947,Ireland,1991,0,0,0,,,,,
948,Ireland,1990,0,0,0,,,,,
949,Ireland,1989,0,0,0,,,,,
950,Ireland,1988,0,0,0,,,,,
951,Ireland,1987,0,0,0,,,,,
952,Ireland,1986,0,0,0,,,,,
953,Ireland,1985,0,0,0,,,,,
954,Ireland,1984,0,0,0,,,,,
955,Ireland,1983,0,0,0,,,,,
956,Ireland,1982,0,0,0,,,,,
957,Ireland,1981,0,0,0,,,,,
958,Ireland,1980,0,0,0,,,,,
959,Israel,2016,2,0,2,,,,,
960,Israel,2015,2,0,2,,,,,
961,Israel,2014,2,0,2,,,,,
962,Israel,2013,2,0,2,,,,,
963,Israel,2012,2,0,2,,,,,
964,Israel,2011,2,0,2,,,,,
965,Israel,2010,0,0,0,,,,,
966,Israel,2009,0,0,0,,,,,
967,Israel,2008,0,0,0,,,,,
968,Israel,2007,0,0,0,,,,,
969,Israel,2006,0,0,0,,,,,
970,Israel,2005,0,0,0,,,,,
971,Israel,2004,0,0,0,,,,,
972,Israel,2003,3909,0,3909,,,,,
973,Israel,2002,3909,0,3909,,,,,
974,Israel,2001,3909,0,3909,,,,,
975,Israel,2000,3909,0,3909,,,,,
976,Israel,1999,0,0,0,,,,,
977,Israel,1998,0,0,0,,,,,
978,Israel,1997,0,0,0,,,,,
979,Israel,1996,0,0,0,,,,,
980,Israel,1995,0,0,0,,,,,
981,Israel,1994,0,0,0,,,,,
982,Israel,1993,0,0,0,,,,,
983,Israel,1992,0,0,0,,,,,
984,Israel,1991,0,0,0,,,,,
985,Israel,1990,0,0,0,,,,,
986,Israel,1989,0,0,0,,,,,
987,Israel,1988,0,0,0,,,,,
988,Israel,1987,0,0,0,,,,,
989,Israel,1986,0,0,0,,,,,
990,Israel,1985,0,0,0,,,,,
991,Israel,1984,0,0,0,,,,,
992,Israel,1983,0,0,0,,,,,
993,Israel,1982,0,0,0,,,,,
994,Israel,1981,0,0,0,,,,,
995,Israel,1980,0,0,0,,,,,
996,Italy,2016,349,0,349,,,,,
997,Italy,2015,348,0,348,,,,,
998,Italy,2014,310,0,310,,,,,
999,Italy,2013,279,0,279,,,,,
1000,Italy,2012,227,0,227,,,,,
1001,Italy,2011,210,0,210,,,,,
1002,Italy,2010,214,0,214,,,,,
1003,Italy,2009,194,0,194,,,,,
1004,Italy,2008,166,0,166,,,,,
1005,Italy,2007,129,0,129,,,,,
1006,Italy,2006,70,0,70,,,,,
1007,Italy,2005,56,0,56,,,,,
1008,Italy,2004,34,0,34,,,,,
1009,Italy,2003,24,0,24,,,,,
1010,Italy,2002,24,0,24,,,,,
1011,Italy,2001,31,0,31,,,,,
1012,Italy,2000,28,0,28,,,,,
1013,Italy,1999,27,0,27,,,,,
1014,Italy,1998,61,0,61,,,,,
1015,Italy,1997,71,0,71,,,,,
1016,Italy,1996,73,0,73,,,,,
1017,Italy,1995,76,0,76,,,,,
1018,Italy,1994,68,0,68,,,,,
1019,Italy,1993,66,0,66,,,,,
1020,Italy,1992,66,0,66,,,,,
1021,Italy,1991,59,0,59,,,,,
1022,Italy,1990,51,0,51,,,,,
1023,Italy,1989,51,0,51,,,,,
1024,Italy,1988,10,0,10,,,,,
1025,Italy,1987,0,0,0,,,,,
1026,Italy,1986,0,0,0,,,,,
1027,Italy,1985,0,0,0,,,,,
1028,Italy,1984,0,0,0,,,,,
1029,Italy,1983,0,0,0,,,,,
1030,Italy,1982,0,0,0,,,,,
1031,Italy,1981,0,0,0,,,,,
1032,Italy,1980,0,0,0,,,,,
1033,Jordan,2016,3,0,3,,,,,
1034,Jordan,2015,3,0,3,,,,,
1035,Jordan,2014,2,0,2,,,,,
1036,Jordan,2013,1,0,1,,,,,
1037,Jordan,2012,1,0,1,,,,,
1038,Jordan,2011,5,0,5,,,,,
1039,Jordan,2010,5,0,5,,,,,
1040,Jordan,2009,5,0,5,,,,,
1041,Jordan,2008,5,0,5,,,,,
1042,Jordan,2007,4,0,4,,,,,
1043,Jordan,2006,5,0,5,,,,,
1044,Jordan,2005,4,0,4,,,,,
1045,Jordan,2004,4,0,4,,,,,
1046,Jordan,2003,0,0,0,,,,,
1047,Jordan,2002,0,0,0,,,,,
1048,Jordan,2001,0,0,0,,,,,
1049,Jordan,2000,0,0,0,,,,,
1050,Jordan,1999,0,0,0,,,,,
1051,Jordan,1998,0,0,0,,,,,
1052,Jordan,1997,0,0,0,,,,,
1053,Jordan,1996,0,0,0,,,,,
1054,Jordan,1995,0,0,0,,,,,
1055,Jordan,1994,0,0,0,,,,,
1056,Jordan,1993,0,0,0,,,,,
1057,Jordan,1992,0,0,0,,,,,
1058,Jordan,1991,0,0,0,,,,,
1059,Jordan,1990,0,0,0,,,,,
1060,Jordan,1989,0,0,0,,,,,
1061,Jordan,1988,0,0,0,,,,,
1062,Jordan,1987,0,0,0,,,,,
1063,Jordan,1986,0,0,0,,,,,
1064,Jordan,1985,0,0,0,,,,,
1065,Jordan,1984,0,0,0,,,,,
1066,Jordan,1983,0,0,0,,,,,
1067,Jordan,1982,0,0,0,,,,,
1068,Jordan,1981,0,0,0,,,,,
1069,Jordan,1980,0,0,0,,,,,
1070,Kuwait,2016,5,0,5,,,,,
1071,Kuwait,2015,5,0,5,,,,,
1072,Kuwait,2014,5,0,5,,,,,
1073,Kuwait,2013,5,0,5,,,,,
1074,Kuwait,2012,3,0,3,,,,,
1075,Kuwait,2011,0,0,0,,,,,
1076,Kuwait,2010,0,0,0,,,,,
1077,Kuwait,2009,0,0,0,,,,,
1078,Kuwait,2008,0,0,0,,,,,
1079,Kuwait,2007,0,0,0,,,,,
1080,Kuwait,2006,0,0,0,,,,,
1081,Kuwait,2005,0,0,0,,,,,
1082,Kuwait,2004,0,0,0,,,,,
1083,Kuwait,2003,0,0,0,,,,,
1084,Kuwait,2002,0,0,0,,,,,
1085,Kuwait,2001,0,0,0,,,,,
1086,Kuwait,2000,0,0,0,,,,,
1087,Kuwait,1999,0,0,0,,,,,
1088,Kuwait,1998,0,0,0,,,,,
1089,Kuwait,1997,0,0,0,,,,,
1090,Kuwait,1996,0,0,0,,,,,
1091,Kuwait,1995,0,0,0,,,,,
1092,Kuwait,1994,0,0,0,,,,,
1093,Kuwait,1993,0,0,0,,,,,
1094,Kuwait,1992,0,0,0,,,,,
1095,Kuwait,1991,0,0,0,,,,,
1096,Kuwait,1990,0,0,0,,,,,
1097,Kuwait,1989,0,0,0,,,,,
1098,Kuwait,1988,0,0,0,,,,,
1099,Kuwait,1987,0,0,0,,,,,
1100,Kuwait,1986,0,0,0,,,,,
1101,Kuwait,1985,0,0,0,,,,,
1102,Kuwait,1984,0,0,0,,,,,
1103,Kuwait,1983,0,0,0,,,,,
1104,Kuwait,1982,0,0,0,,,,,
1105,Kuwait,1981,0,0,0,,,,,
1106,Kuwait,1980,0,0,0,,,,,
1107,Latvia,2016,0,0,0,,,,,
1108,Latvia,2015,0,0,0,,,,,
1109,Latvia,2014,0,0,0,,,,,
1110,Latvia,2013,0,0,0,,,,,
1111,Latvia,2012,0,0,0,,,,,
1112,Latvia,2011,0,0,0,,,,,
1113,Latvia,2010,0,0,0,,,,,
1114,Latvia,2009,0,0,0,,,,,
1115,Latvia,2008,4,0,4,,,,,
1116,Latvia,2007,1,0,1,,,,,
1117,Latvia,2006,11,0,11,,,,,
1118,Latvia,2005,0,0,0,,,,,
1119,Latvia,2004,14,0,14,,,,,
1120,Latvia,2003,11,0,11,,,,,
1121,Latvia,2002,24,0,24,,,,,
1122,Latvia,2001,9,0,9,,,,,
1123,Latvia,2000,0,0,0,,,,,
1124,Latvia,1999,0,0,0,,,,,
1125,Latvia,1998,0,0,0,,,,,
1126,Latvia,1997,0,0,0,,,,,
1127,Latvia,1996,1,0,1,,,,,
1128,Latvia,1995,0,0,0,,,,,
1129,Latvia,1994,0,0,0,,,,,
1130,Latvia,1993,0,0,0,,,,,
1131,Latvia,1992,0,0,0,,,,,
1132,Latvia,1991,0,0,0,,,,,
1133,Latvia,1990,0,0,0,,,,,
1134,Latvia,1989,0,0,0,,,,,
1135,Latvia,1988,0,0,0,,,,,
1136,Latvia,1987,0,0,0,,,,,
1137,Latvia,1986,0,0,0,,,,,
1138,Latvia,1985,0,0,0,,,,,
1139,Latvia,1984,0,0,0,,,,,
1140,Latvia,1983,0,0,0,,,,,
1141,Latvia,1982,0,0,0,,,,,
1142,Latvia,1981,0,0,0,,,,,
1143,Latvia,1980,0,0,0,,,,,
1144,Lithunia,2016,0,0,0,,,,,
1145,Lithunia,2015,0,0,0,,,,,
1146,Lithunia,2014,0,0,0,,,,,
1147,Lithunia,2013,47,0,47,,,,,
1148,Lithunia,2012,20,0,20,,,,,
1149,Lithunia,2011,28,0,28,,,,,
1150,Lithunia,2010,43,0,43,,,,,
1151,Lithunia,2009,126,0,126,,,,,
1152,Lithunia,2008,138,0,138,,,,,
1153,Lithunia,2007,76,0,76,,,,,
1154,Lithunia,2006,113,0,113,,,,,
1155,Lithunia,2005,137,0,137,,,,,
1156,Lithunia,2004,101,0,101,,,,,
1157,Lithunia,2003,195,0,195,,,,,
1158,Lithunia,2002,191,0,191,,,,,
1159,Lithunia,2001,792,0,792,,,,,
1160,Lithunia,2000,1,0,1,,,,,
1161,Lithunia,1999,0,0,0,,,,,
1162,Lithunia,1998,0,0,0,,,,,
1163,Lithunia,1997,0,0,0,,,,,
1164,Lithunia,1996,0,0,0,,,,,
1165,Lithunia,1995,0,0,0,,,,,
1166,Lithunia,1994,0,0,0,,,,,
1167,Lithunia,1993,0,0,0,,,,,
1168,Lithunia,1992,0,0,0,,,,,
1169,Lithunia,1991,0,0,0,,,,,
1170,Lithunia,1990,0,0,0,,,,,
1171,Lithunia,1989,0,0,0,,,,,
1172,Lithunia,1988,0,0,0,,,,,
1173,Lithunia,1987,0,0,0,,,,,
1174,Lithunia,1986,0,0,0,,,,,
1175,Lithunia,1985,0,0,0,,,,,
1176,Lithunia,1984,0,0,0,,,,,
1177,Lithunia,1983,0,0,0,,,,,
1178,Lithunia,1982,0,0,0,,,,,
1179,Lithunia,1981,0,0,0,,,,,
1180,Lithunia,1980,0,0,0,,,,,
1181,Luxembourg,2016,2,0,2,,,,,
1182,Luxembourg,2015,2,0,2,,,,,
1183,Luxembourg,2014,2,0,2,,,,,
1184,Luxembourg,2013,2,0,2,,,,,
1185,Luxembourg,2012,0,0,0,,,,,
1186,Luxembourg,2011,0,0,0,,,,,
1187,Luxembourg,2010,0,0,0,,,,,
1188,Luxembourg,2009,0,0,0,,,,,
1189,Luxembourg,2008,0,0,0,,,,,
1190,Luxembourg,2007,0,0,0,,,,,
1191,Luxembourg,2006,0,0,0,,,,,
1192,Luxembourg,2005,0,0,0,,,,,
1193,Luxembourg,2004,0,0,0,,,,,
1194,Luxembourg,2003,0,0,0,,,,,
1195,Luxembourg,2002,0,0,0,,,,,
1196,Luxembourg,2001,0,0,0,,,,,
1197,Luxembourg,2000,0,0,0,,,,,
1198,Luxembourg,1999,0,0,0,,,,,
1199,Luxembourg,1998,0,0,0,,,,,
1200,Luxembourg,1997,0,0,0,,,,,
1201,Luxembourg,1996,0,0,0,,,,,
1202,Luxembourg,1995,0,0,0,,,,,
1203,Luxembourg,1994,0,0,0,,,,,
1204,Luxembourg,1993,0,0,0,,,,,
1205,Luxembourg,1992,0,0,0,,,,,
1206,Luxembourg,1991,0,0,0,,,,,
1207,Luxembourg,1990,0,0,0,,,,,
1208,Luxembourg,1989,0,0,0,,,,,
1209,Luxembourg,1988,0,0,0,,,,,
1210,Luxembourg,1987,0,0,0,,,,,
1211,Luxembourg,1986,0,0,0,,,,,
1212,Luxembourg,1985,0,0,0,,,,,
1213,Luxembourg,1984,0,0,0,,,,,
1214,Luxembourg,1983,0,0,0,,,,,
1215,Luxembourg,1982,0,0,0,,,,,
1216,Luxembourg,1981,0,0,0,,,,,
1217,Luxembourg,1980,0,0,0,,,,,
1218,Macedonia,2016,0,0,0,,,,,
1219,Macedonia,2015,0,0,0,,,,,
1220,Macedonia,2014,0,0,0,,,,,
1221,Macedonia,2013,0,0,0,,,,,
1222,Macedonia,2012,0,0,0,,,,,
1223,Macedonia,2011,0,0,0,,,,,
1224,Macedonia,2010,0,0,0,,,,,
1225,Macedonia,2009,0,0,0,,,,,
1226,Macedonia,2008,0,0,0,,,,,
1227,Macedonia,2007,0,0,0,,,,,
1228,Macedonia,2006,1,0,1,,,,,
1229,Macedonia,2005,0,0,0,,,,,
1230,Macedonia,2004,0,0,0,,,,,
1231,Macedonia,2003,0,0,0,,,,,
1232,Macedonia,2002,0,0,0,,,,,
1233,Macedonia,2001,0,0,0,,,,,
1234,Macedonia,2000,0,0,0,,,,,
1235,Macedonia,1999,0,0,0,,,,,
1236,Macedonia,1998,0,0,0,,,,,
1237,Macedonia,1997,0,0,0,,,,,
1238,Macedonia,1996,0,0,0,,,,,
1239,Macedonia,1995,0,0,0,,,,,
1240,Macedonia,1994,0,0,0,,,,,
1241,Macedonia,1993,0,0,0,,,,,
1242,Macedonia,1992,0,0,0,,,,,
1243,Macedonia,1991,0,0,0,,,,,
1244,Macedonia,1990,0,0,0,,,,,
1245,Macedonia,1989,0,0,0,,,,,
1246,Macedonia,1988,0,0,0,,,,,
1247,Macedonia,1987,0,0,0,,,,,
1248,Macedonia,1986,0,0,0,,,,,
1249,Macedonia,1985,0,0,0,,,,,
1250,Macedonia,1984,0,0,0,,,,,
1251,Macedonia,1983,0,0,0,,,,,
1252,Macedonia,1982,0,0,0,,,,,
1253,Macedonia,1981,0,0,0,,,,,
1254,Macedonia,1980,0,0,0,,,,,
1255,Malaysia,2016,5,0,5,,,,,
1256,Malaysia,2015,5,0,5,,,,,
1257,Malaysia,2014,3,0,3,,,,,
1258,Malaysia,2013,1,0,1,,,,,
1259,Malaysia,2012,1,0,1,,,,,
1260,Malaysia,2011,1,0,1,,,,,
1261,Malaysia,2010,1,0,1,,,,,
1262,Malaysia,2009,1,0,1,,,,,
1263,Malaysia,2008,1,0,1,,,,,
1264,Malaysia,2007,1,0,1,,,,,
1265,Malaysia,2006,5,0,5,,,,,
1266,Malaysia,2005,0,0,0,,,,,
1267,Malaysia,2004,0,0,0,,,,,
1268,Malaysia,2003,0,0,0,,,,,
1269,Malaysia,2002,0,0,0,,,,,
1270,Malaysia,2001,0,0,0,,,,,
1271,Malaysia,2000,0,0,0,,,,,
1272,Malaysia,1999,0,0,0,,,,,
1273,Malaysia,1998,0,0,0,,,,,
1274,Malaysia,1997,0,0,0,,,,,
1275,Malaysia,1996,0,0,0,,,,,
1276,Malaysia,1995,0,0,0,,,,,
1277,Malaysia,1994,0,0,0,,,,,
1278,Malaysia,1993,0,0,0,,,,,
1279,Malaysia,1992,0,0,0,,,,,
1280,Malaysia,1991,0,0,0,,,,,
1281,Malaysia,1990,0,0,0,,,,,
1282,Malaysia,1989,0,0,0,,,,,
1283,Malaysia,1988,0,0,0,,,,,
1284,Malaysia,1987,0,0,0,,,,,
1285,Malaysia,1986,0,0,0,,,,,
1286,Malaysia,1985,0,0,0,,,,,
1287,Malaysia,1984,0,0,0,,,,,
1288,Malaysia,1983,0,0,0,,,,,
1289,Malaysia,1982,0,0,0,,,,,
1290,Malaysia,1981,0,0,0,,,,,
1291,Malaysia,1980,0,0,0,,,,,
1292,Malta,2016,1,0,1,,,,,
1293,Malta,2015,1,0,1,,,,,
1294,Malta,2014,1,0,1,,,,,
1295,Malta,2013,0,0,0,,,,,
1296,Malta,2012,0,0,0,,,,,
1297,Malta,2011,0,0,0,,,,,
1298,Malta,2010,0,0,0,,,,,
1299,Malta,2009,0,0,0,,,,,
1300,Malta,2008,0,0,0,,,,,
1301,Malta,2007,0,0,0,,,,,
1302,Malta,2006,0,0,0,,,,,
1303,Malta,2005,0,0,0,,,,,
1304,Malta,2004,1,0,1,,,,,
1305,Malta,2003,0,0,0,,,,,
1306,Malta,2002,0,0,0,,,,,
1307,Malta,2001,0,0,0,,,,,
1308,Malta,2000,5,0,5,,,,,
1309,Malta,1999,0,0,0,,,,,
1310,Malta,1998,2,0,2,,,,,
1311,Malta,1997,1,0,1,,,,,
1312,Malta,1996,1,0,1,,,,,
1313,Malta,1995,1,0,1,,,,,
1314,Malta,1994,0,0,0,,,,,
1315,Malta,1993,0,0,0,,,,,
1316,Malta,1992,0,0,0,,,,,
1317,Malta,1991,0,0,0,,,,,
1318,Malta,1990,0,0,0,,,,,
1319,Malta,1989,0,0,0,,,,,
1320,Malta,1988,0,0,0,,,,,
1321,Malta,1987,0,0,0,,,,,
1322,Malta,1986,0,0,0,,,,,
1323,Malta,1985,0,0,0,,,,,
1324,Malta,1984,0,0,0,,,,,
1325,Malta,1983,0,0,0,,,,,
1326,Malta,1982,0,0,0,,,,,
1327,Malta,1981,0,0,0,,,,,
1328,Malta,1980,0,0,0,,,,,
1329,Mauritania,2016,2,0,2,,,,,
1330,Mauritania,2015,0,0,0,,,,,
1331,Mauritania,2014,0,0,0,,,,,
1332,Mauritania,2013,0,0,0,,,,,
1333,Mauritania,2012,0,0,0,,,,,
1334,Mauritania,2011,0,0,0,,,,,
1335,Mauritania,2010,0,0,0,,,,,
1336,Mauritania,2009,0,0,0,,,,,
1337,Mauritania,2008,0,0,0,,,,,
1338,Mauritania,2007,0,0,0,,,,,
1339,Mauritania,2006,0,0,0,,,,,
1340,Mauritania,2005,0,0,0,,,,,
1341,Mauritania,2004,0,0,0,,,,,
1342,Mauritania,2003,0,0,0,,,,,
1343,Mauritania,2002,0,0,0,,,,,
1344,Mauritania,2001,0,0,0,,,,,
1345,Mauritania,2000,0,0,0,,,,,
1346,Mauritania,1999,0,0,0,,,,,
1347,Mauritania,1998,0,0,0,,,,,
1348,Mauritania,1997,0,0,0,,,,,
1349,Mauritania,1996,0,0,0,,,,,
1350,Mauritania,1995,0,0,0,,,,,
1351,Mauritania,1994,0,0,0,,,,,
1352,Mauritania,1993,0,0,0,,,,,
1353,Mauritania,1992,0,0,0,,,,,
1354,Mauritania,1991,0,0,0,,,,,
1355,Mauritania,1990,0,0,0,,,,,
1356,Mauritania,1989,0,0,0,,,,,
1357,Mauritania,1988,0,0,0,,,,,
1358,Mauritania,1987,0,0,0,,,,,
1359,Mauritania,1986,0,0,0,,,,,
1360,Mauritania,1985,0,0,0,,,,,
1361,Mauritania,1984,0,0,0,,,,,
1362,Mauritania,1983,0,0,0,,,,,
1363,Mauritania,1982,0,0,0,,,,,
1364,Mauritania,1981,0,0,0,,,,,
1365,Mauritania,1980,0,0,0,,,,,
1366,Mexico,2016,1,0,1,,,,,
1367,Mexico,2015,1,0,1,,,,,
1368,Mexico,2014,1,0,1,,,,,
1369,Mexico,2013,1,0,1,,,,,
1370,Mexico,2012,1,0,1,,,,,
1371,Mexico,2011,1,0,1,,,,,
1372,Mexico,2010,1,0,1,,,,,
1373,Mexico,2009,1,0,1,,,,,
1374,Mexico,2008,1,0,1,,,,,
1375,Mexico,2007,1,0,1,,,,,
1376,Mexico,2006,2,0,2,,,,,
1377,Mexico,2005,2,0,2,,,,,
1378,Mexico,2004,2,0,2,,,,,
1379,Mexico,2003,2,0,2,,,,,
1380,Mexico,2002,2,0,2,,,,,
1381,Mexico,2001,2,0,2,,,,,
1382,Mexico,2000,2,0,2,,,,,
1383,Mexico,1999,2,0,2,,,,,
1384,Mexico,1998,0,0,0,,,,,
1385,Mexico,1997,0,0,0,,,,,
1386,Mexico,1996,0,0,0,,,,,
1387,Mexico,1995,0,0,0,,,,,
1388,Mexico,1994,0,0,0,,,,,
1389,Mexico,1993,0,0,0,,,,,
1390,Mexico,1992,0,0,0,,,,,
1391,Mexico,1991,0,0,0,,,,,
1392,Mexico,1990,0,0,0,,,,,
1393,Mexico,1989,0,0,0,,,,,
1394,Mexico,1988,0,0,0,,,,,
1395,Mexico,1987,0,0,0,,,,,
1396,Mexico,1986,0,0,0,,,,,
1397,Mexico,1985,0,0,0,,,,,
1398,Mexico,1984,0,0,0,,,,,
1399,Mexico,1983,0,0,0,,,,,
1400,Mexico,1982,0,0,0,,,,,
1401,Mexico,1981,0,0,0,,,,,
1402,Mexico,1980,0,0,0,,,,,
1403,Moldova,2016,0,0,0,,,,,
1404,Moldova,2015,0,0,0,,,,,
1405,Moldova,2014,0,0,0,,,,,
1406,Moldova,2013,0,0,0,,,,,
1407,Moldova,2012,0,0,0,,,,,
1408,Moldova,2011,0,0,0,,,,,
1409,Moldova,2010,0,0,0,,,,,
1410,Moldova,2009,0,0,0,,,,,
1411,Moldova,2008,0,0,0,,,,,
1412,Moldova,2007,0,0,0,,,,,
1413,Moldova,2006,24,0,24,,,,,
1414,Moldova,2005,0,0,0,,,,,
1415,Moldova,2004,0,0,0,,,,,
1416,Moldova,2003,0,0,0,,,,,
1417,Moldova,2002,0,0,0,,,,,
1418,Moldova,2001,0,0,0,,,,,
1419,Moldova,2000,0,0,0,,,,,
1420,Moldova,1999,0,0,0,,,,,
1421,Moldova,1998,0,0,0,,,,,
1422,Moldova,1997,0,0,0,,,,,
1423,Moldova,1996,0,0,0,,,,,
1424,Moldova,1995,0,0,0,,,,,
1425,Moldova,1994,0,0,0,,,,,
1426,Moldova,1993,0,0,0,,,,,
1427,Moldova,1992,0,0,0,,,,,
1428,Moldova,1991,0,0,0,,,,,
1429,Moldova,1990,0,0,0,,,,,
1430,Moldova,1989,0,0,0,,,,,
1431,Moldova,1988,0,0,0,,,,,
1432,Moldova,1987,0,0,0,,,,,
1433,Moldova,1986,0,0,0,,,,,
1434,Moldova,1985,0,0,0,,,,,
1435,Moldova,1984,0,0,0,,,,,
1436,Moldova,1983,0,0,0,,,,,
1437,Moldova,1982,0,0,0,,,,,
1438,Moldova,1981,0,0,0,,,,,
1439,Moldova,1980,0,0,0,,,,,
1440,Nauru,2016,10,0,10,,,,,
1441,Nauru,2015,10,0,10,,,,,
1442,Nauru,2014,10,0,10,,,,,
1443,Nauru,2013,0,0,0,,,,,
1444,Nauru,2012,0,0,0,,,,,
1445,Nauru,2011,0,0,0,,,,,
1446,Nauru,2010,0,0,0,,,,,
1447,Nauru,2009,0,0,0,,,,,
1448,Nauru,2008,0,0,0,,,,,
1449,Nauru,2007,0,0,0,,,,,
1450,Nauru,2006,0,0,0,,,,,
1451,Nauru,2005,0,0,0,,,,,
1452,Nauru,2004,0,0,0,,,,,
1453,Nauru,2003,0,0,0,,,,,
1454,Nauru,2002,0,0,0,,,,,
1455,Nauru,2001,0,0,0,,,,,
1456,Nauru,2000,0,0,0,,,,,
1457,Nauru,1999,0,0,0,,,,,
1458,Nauru,1998,0,0,0,,,,,
1459,Nauru,1997,0,0,0,,,,,
1460,Nauru,1996,0,0,0,,,,,
1461,Nauru,1995,0,0,0,,,,,
1462,Nauru,1994,0,0,0,,,,,
1463,Nauru,1993,0,0,0,,,,,
1464,Nauru,1992,0,0,0,,,,,
1465,Nauru,1991,0,0,0,,,,,
1466,Nauru,1990,0,0,0,,,,,
1467,Nauru,1989,0,0,0,,,,,
1468,Nauru,1988,0,0,0,,,,,
1469,Nauru,1987,0,0,0,,,,,
1470,Nauru,1986,0,0,0,,,,,
1471,Nauru,1985,0,0,0,,,,,
1472,Nauru,1984,0,0,0,,,,,
1473,Nauru,1983,0,0,0,,,,,
1474,Nauru,1982,0,0,0,,,,,
1475,Nauru,1981,0,0,0,,,,,
1476,Nauru,1980,0,0,0,,,,,
1477,Netherlands,2016,32,0,32,,,,,
1478,Netherlands,2015,37,0,37,,,,,
1479,Netherlands,2014,37,0,37,,,,,
1480,Netherlands,2013,53,0,53,,,,,
1481,Netherlands,2012,67,0,67,,,,,
1482,Netherlands,2011,52,0,52,,,,,
1483,Netherlands,2010,61,0,61,,,,,
1484,Netherlands,2009,69,0,69,,,,,
1485,Netherlands,2008,79,0,79,,,,,
1486,Netherlands,2007,96,0,96,,,,,
1487,Netherlands,2006,139,0,139,,,,,
1488,Netherlands,2005,176,0,176,,,,,
1489,Netherlands,2004,206,0,206,,,,,
1490,Netherlands,2003,212,0,212,,,,,
1491,Netherlands,2002,206,0,206,,,,,
1492,Netherlands,2001,325,0,325,,,,,
1493,Netherlands,2000,352,0,352,,,,,
1494,Netherlands,1999,360,0,360,,,,,
1495,Netherlands,1998,388,0,388,,,,,
1496,Netherlands,1997,386,0,386,,,,,
1497,Netherlands,1996,343,0,343,,,,,
1498,Netherlands,1995,294,0,294,,,,,
1499,Netherlands,1994,264,0,264,,,,,
1500,Netherlands,1993,252,0,252,,,,,
1501,Netherlands,1992,252,0,252,,,,,
1502,Netherlands,1991,0,0,0,,,,,
1503,Netherlands,1990,0,0,0,,,,,
1504,Netherlands,1989,0,0,0,,,,,
1505,Netherlands,1988,0,0,0,,,,,
1506,Netherlands,1987,0,0,0,,,,,
1507,Netherlands,1986,0,0,0,,,,,
1508,Netherlands,1985,0,0,0,,,,,
1509,Netherlands,1984,0,0,0,,,,,
1510,Netherlands,1983,0,0,0,,,,,
1511,Netherlands,1982,0,0,0,,,,,
1512,Netherlands,1981,0,0,0,,,,,
1513,Netherlands,1980,0,0,0,,,,,
1514,New Zealand,2016,2,0,2,,,,,
1515,New Zealand,2015,2,0,2,,,,,
1516,New Zealand,2014,5,0,5,,,,,
1517,New Zealand,2013,6,0,6,,,,,
1518,New Zealand,2012,10,0,10,,,,,
1519,New Zealand,2011,10,0,10,,,,,
1520,New Zealand,2010,12,0,12,,,,,
1521,New Zealand,2009,18,0,18,,,,,
1522,New Zealand,2008,11,0,11,,,,,
1523,New Zealand,2007,10,0,10,,,,,
1524,New Zealand,2006,8,0,8,,,,,
1525,New Zealand,2005,10,0,10,,,,,
1526,New Zealand,2004,10,0,10,,,,,
1527,New Zealand,2003,10,0,10,,,,,
1528,New Zealand,2002,4,0,4,,,,,
1529,New Zealand,2001,10,0,10,,,,,
1530,New Zealand,2000,6,0,6,,,,,
1531,New Zealand,1999,13,0,13,,,,,
1532,New Zealand,1998,4,0,4,,,,,
1533,New Zealand,1997,1,0,1,,,,,
1534,New Zealand,1996,7,0,7,,,,,
1535,New Zealand,1995,3,0,3,,,,,
1536,New Zealand,1994,12,0,12,,,,,
1537,New Zealand,1993,7,0,7,,,,,
1538,New Zealand,1992,1,0,1,,,,,
1539,New Zealand,1991,2,0,2,,,,,
1540,New Zealand,1990,0,0,0,,,,,
1541,New Zealand,1989,6,0,6,,,,,
1542,New Zealand,1988,2,0,2,,,,,
1543,New Zealand,1987,0,0,0,,,,,
1544,New Zealand,1986,0,0,0,,,,,
1545,New Zealand,1985,0,0,0,,,,,
1546,New Zealand,1984,0,0,0,,,,,
1547,New Zealand,1983,2,0,2,,,,,
1548,New Zealand,1982,0,0,0,,,,,
1549,New Zealand,1981,4,0,4,,,,,
1550,New Zealand,1980,1,0,1,,,,,
1551,Norway,2016,40,0,40,,,,,
1552,Norway,2015,30,0,30,,,,,
1553,Norway,2014,38,0,38,,,,,
1554,Norway,2013,44,0,44,,,,,
1555,Norway,2012,37,0,37,,,,,
1556,Norway,2011,43,0,43,,,,,
1557,Norway,2010,45,0,45,,,,,
1558,Norway,2009,48,0,48,,,,,
1559,Norway,2008,45,0,45,,,,,
1560,Norway,2007,38,0,38,,,,,
1561,Norway,2006,37,0,37,,,,,
1562,Norway,2005,39,0,39,,,,,
1563,Norway,2004,31,0,31,,,,,
1564,Norway,2003,33,0,33,,,,,
1565,Norway,2002,60,0,60,,,,,
1566,Norway,2001,52,0,52,,,,,
1567,Norway,2000,173,0,173,,,,,
1568,Norway,1999,234,0,234,,,,,
1569,Norway,1998,210,0,210,,,,,
1570,Norway,1997,206,0,206,,,,,
1571,Norway,1996,13,0,13,,,,,
1572,Norway,1995,19,0,19,,,,,
1573,Norway,1994,82,0,82,,,,,
1574,Norway,1993,66,0,66,,,,,
1575,Norway,1992,77,0,77,,,,,
1576,Norway,1991,39,0,39,,,,,
1577,Norway,1990,23,0,23,,,,,
1578,Norway,1989,14,0,14,,,,,
1579,Norway,1988,4,0,4,,,,,
1580,Norway,1987,5,0,5,,,,,
1581,Norway,1986,1,0,1,,,,,
1582,Norway,1985,4,0,4,,,,,
1583,Norway,1984,4,0,4,,,,,
1584,Norway,1983,3,0,3,,,,,
1585,Norway,1982,0,0,0,,,,,
1586,Norway,1981,5,0,5,,,,,
1587,Norway,1980,2,0,2,,,,,
1588,Nigeria,2016,1,0,1,,,,,
1589,Nigeria,2015,0,0,0,,,,,
1590,Nigeria,2014,0,0,0,,,,,
1591,Nigeria,2013,0,0,0,,,,,
1592,Nigeria,2012,0,0,0,,,,,
1593,Nigeria,2011,0,0,0,,,,,
1594,Nigeria,2010,0,0,0,,,,,
1595,Nigeria,2009,0,0,0,,,,,
1596,Nigeria,2008,0,0,0,,,,,
1597,Nigeria,2007,0,0,0,,,,,
1598,Nigeria,2006,0,0,0,,,,,
1599,Nigeria,2005,0,0,0,,,,,
1600,Nigeria,2004,0,0,0,,,,,
1601,Nigeria,2003,0,0,0,,,,,
1602,Nigeria,2002,0,0,0,,,,,
1603,Nigeria,2001,0,0,0,,,,,
1604,Nigeria,2000,0,0,0,,,,,
1605,Nigeria,1999,0,0,0,,,,,
1606,Nigeria,1998,0,0,0,,,,,
1607,Nigeria,1997,0,0,0,,,,,
1608,Nigeria,1996,0,0,0,,,,,
1609,Nigeria,1995,0,0,0,,,,,
1610,Nigeria,1994,1,0,1,,,,,
1611,Nigeria,1993,1,0,1,,,,,
1612,Nigeria,1992,0,0,0,,,,,
1613,Nigeria,1991,0,0,0,,,,,
1614,Nigeria,1990,0,0,0,,,,,
1615,Nigeria,1989,0,0,0,,,,,
1616,Nigeria,1988,0,0,0,,,,,
1617,Nigeria,1987,0,0,0,,,,,
1618,Nigeria,1986,0,0,0,,,,,
1619,Nigeria,1985,0,0,0,,,,,
1620,Nigeria,1984,0,0,0,,,,,
1621,Nigeria,1983,0,0,0,,,,,
1622,Nigeria,1982,0,0,0,,,,,
1623,Nigeria,1981,0,0,0,,,,,
1624,Nigeria,1980,0,0,0,,,,,
1625,Portugal,2016,0,0,0,,,,,
1626,Portugal,2015,0,0,0,,,,,
1627,Portugal,2014,0,0,0,,,,,
1628,Portugal,2013,0,0,0,,,,,
1629,Portugal,2012,0,0,0,,,,,
1630,Portugal,2011,0,0,0,,,,,
1631,Portugal,2010,0,0,0,,,,,
1632,Portugal,2009,0,0,0,,,,,
1633,Portugal,2008,0,0,0,,,,,
1634,Portugal,2007,0,0,0,,,,,
1635,Portugal,2006,0,0,0,,,,,
1636,Portugal,2005,0,0,0,,,,,
1637,Portugal,2004,0,0,0,,,,,
1638,Portugal,2003,0,0,0,,,,,
1639,Portugal,2002,0,0,0,,,,,
1640,Portugal,2001,0,0,0,,,,,
1641,Portugal,2000,0,0,0,,,,,
1642,Portugal,1999,0,0,0,,,,,
1643,Portugal,1998,0,0,0,,,,,
1644,Portugal,1997,2,0,2,,,,,
1645,Portugal,1996,3,0,3,,,,,
1646,Portugal,1995,1,0,1,,,,,
1647,Portugal,1994,2,0,2,,,,,
1648,Portugal,1993,1,0,1,,,,,
1649,Portugal,1992,7,0,7,,,,,
1650,Portugal,1991,0,0,0,,,,,
1651,Portugal,1990,0,0,0,,,,,
1652,Portugal,1989,0,0,0,,,,,
1653,Portugal,1988,0,0,0,,,,,
1654,Portugal,1987,0,0,0,,,,,
1655,Portugal,1986,0,0,0,,,,,
1656,Portugal,1985,0,0,0,,,,,
1657,Portugal,1984,0,0,0,,,,,
1658,Portugal,1983,0,0,0,,,,,
1659,Portugal,1982,0,0,0,,,,,
1660,Portugal,1981,0,0,0,,,,,
1661,Portugal,1980,0,0,0,,,,,
1662,Peru,2016,1,0,1,,,,,
1663,Peru,2015,1,0,1,,,,,
1664,Peru,2014,1,0,1,,,,,
1665,Peru,2013,1,0,1,,,,,
1666,Peru,2012,1,0,1,,,,,
1667,Peru,2011,0,0,0,,,,,
1668,Peru,2010,0,0,0,,,,,
1669,Peru,2009,0,0,0,,,,,
1670,Peru,2008,0,0,0,,,,,
1671,Peru,2007,0,0,0,,,,,
1672,Peru,2006,0,0,0,,,,,
1673,Peru,2005,0,0,0,,,,,
1674,Peru,2004,0,0,0,,,,,
1675,Peru,2003,0,0,0,,,,,
1676,Peru,2002,0,0,0,,,,,
1677,Peru,2001,0,0,0,,,,,
1678,Peru,2000,0,0,0,,,,,
1679,Peru,1999,0,0,0,,,,,
1680,Peru,1998,0,0,0,,,,,
1681,Peru,1997,0,0,0,,,,,
1682,Peru,1996,0,0,0,,,,,
1683,Peru,1995,0,0,0,,,,,
1684,Peru,1994,0,0,0,,,,,
1685,Peru,1993,0,0,0,,,,,
1686,Peru,1992,0,0,0,,,,,
1687,Peru,1991,0,0,0,,,,,
1688,Peru,1990,0,0,0,,,,,
1689,Peru,1989,0,0,0,,,,,
1690,Peru,1988,0,0,0,,,,,
1691,Peru,1987,0,0,0,,,,,
1692,Peru,1986,0,0,0,,,,,
1693,Peru,1985,0,0,0,,,,,
1694,Peru,1984,0,0,0,,,,,
1695,Peru,1983,0,0,0,,,,,
1696,Peru,1982,0,0,0,,,,,
1697,Peru,1981,0,0,0,,,,,
1698,Peru,1980,0,0,0,,,,,
1699,Philippines,2016,1,0,1,,,,,
1700,Philippines,2015,1,0,1,,,,,
1701,Philippines,2014,1,0,1,,,,,
1702,Philippines,2013,2,0,2,,,,,
1703,Philippines,2012,2,0,2,,,,,
1704,Philippines,2011,2,0,2,,,,,
1705,Philippines,2010,2,0,2,,,,,
1706,Philippines,2009,1,0,1,,,,,
1707,Philippines,2008,0,0,0,,,,,
1708,Philippines,2007,0,0,0,,,,,
1709,Philippines,2006,0,0,0,,,,,
1710,Philippines,2005,0,0,0,,,,,
1711,Philippines,2004,0,0,0,,,,,
1712,Philippines,2003,0,0,0,,,,,
1713,Philippines,2002,0,0,0,,,,,
1714,Philippines,2001,0,0,0,,,,,
1715,Philippines,2000,0,0,0,,,,,
1716,Philippines,1999,0,0,0,,,,,
1717,Philippines,1998,0,0,0,,,,,
1718,Philippines,1997,1,0,1,,,,,
1719,Philippines,1996,0,0,0,,,,,
1720,Philippines,1995,0,0,0,,,,,
1721,Philippines,1994,0,0,0,,,,,
1722,Philippines,1993,0,0,0,,,,,
1723,Philippines,1992,0,0,0,,,,,
1724,Philippines,1991,0,0,0,,,,,
1725,Philippines,1990,0,0,0,,,,,
1726,Philippines,1989,0,0,0,,,,,
1727,Philippines,1988,0,0,0,,,,,
1728,Philippines,1987,0,0,0,,,,,
1729,Philippines,1986,0,0,0,,,,,
1730,Philippines,1985,0,0,0,,,,,
1731,Philippines,1984,0,0,0,,,,,
1732,Philippines,1983,0,0,0,,,,,
1733,Philippines,1982,0,0,0,,,,,
1734,Philippines,1981,0,0,0,,,,,
1735,Philippines,1980,0,0,0,,,,,
1736,Poland,2016,2,0,2,,,,,
1737,Poland,2015,2,0,2,,,,,
1738,Poland,2014,2,0,2,,,,,
1739,Poland,2013,3,0,3,,,,,
1740,Poland,2012,4,0,4,,,,,
1741,Poland,2011,4,0,4,,,,,
1742,Poland,2010,4,0,4,,,,,
1743,Poland,2009,2,0,2,,,,,
1744,Poland,2008,16,0,16,,,,,
1745,Poland,2007,4,0,4,,,,,
1746,Poland,2006,5,0,5,,,,,
1747,Poland,2005,4,0,4,,,,,
1748,Poland,2004,5,0,5,,,,,
1749,Poland,2003,18,0,18,,,,,
1750,Poland,2002,17,0,17,,,,,
1751,Poland,2001,17,0,17,,,,,
1752,Poland,2000,16,0,16,,,,,
1753,Poland,1999,16,0,16,,,,,
1754,Poland,1998,14,0,14,,,,,
1755,Poland,1997,14,0,14,,,,,
1756,Poland,1996,0,0,0,,,,,
1757,Poland,1995,0,0,0,,,,,
1758,Poland,1994,0,0,0,,,,,
1759,Poland,1993,0,0,0,,,,,
1760,Poland,1992,0,0,0,,,,,
1761,Poland,1991,0,0,0,,,,,
1762,Poland,1990,0,0,0,,,,,
1763,Poland,1989,0,0,0,,,,,
1764,Poland,1988,0,0,0,,,,,
1765,Poland,1987,0,0,0,,,,,
1766,Poland,1986,0,0,0,,,,,
1767,Poland,1985,0,0,0,,,,,
1768,Poland,1984,0,0,0,,,,,
1769,Poland,1983,0,0,0,,,,,
1770,Poland,1982,0,0,0,,,,,
1771,Poland,1981,0,0,0,,,,,
1772,Poland,1980,0,0,0,,,,,
1773,Qatar,2016,0,0,0,,,,,
1774,Qatar,2015,1,0,1,,,,,
1775,Qatar,2014,0,0,0,,,,,
1776,Qatar,2013,0,0,0,,,,,
1777,Qatar,2012,0,0,0,,,,,
1778,Qatar,2011,0,0,0,,,,,
1779,Qatar,2010,0,0,0,,,,,
1780,Qatar,2009,0,0,0,,,,,
1781,Qatar,2008,0,0,0,,,,,
1782,Qatar,2007,0,0,0,,,,,
1783,Qatar,2006,0,0,0,,,,,
1784,Qatar,2005,0,0,0,,,,,
1785,Qatar,2004,0,0,0,,,,,
1786,Qatar,2003,0,0,0,,,,,
1787,Qatar,2002,0,0,0,,,,,
1788,Qatar,2001,0,0,0,,,,,
1789,Qatar,2000,0,0,0,,,,,
1790,Qatar,1999,0,0,0,,,,,
1791,Qatar,1998,0,0,0,,,,,
1792,Qatar,1997,0,0,0,,,,,
1793,Qatar,1996,0,0,0,,,,,
1794,Qatar,1995,0,0,0,,,,,
1795,Qatar,1994,0,0,0,,,,,
1796,Qatar,1993,0,0,0,,,,,
1797,Qatar,1992,0,0,0,,,,,
1798,Qatar,1991,0,0,0,,,,,
1799,Qatar,1990,0,0,0,,,,,
1800,Qatar,1989,0,0,0,,,,,
1801,Qatar,1988,0,0,0,,,,,
1802,Qatar,1987,0,0,0,,,,,
1803,Qatar,1986,0,0,0,,,,,
1804,Qatar,1985,0,0,0,,,,,
1805,Qatar,1984,0,0,0,,,,,
1806,Qatar,1983,0,0,0,,,,,
1807,Qatar,1982,0,0,0,,,,,
1808,Qatar,1981,0,0,0,,,,,
1809,Qatar,1980,0,0,0,,,,,
1810,Romania,2016,5,0,5,,,,,
1811,Romania,2015,4,0,4,,,,,
1812,Romania,2014,3,0,3,,,,,
1813,Romania,2013,5,0,5,,,,,
1814,Romania,2012,9,0,9,,,,,
1815,Romania,2011,7,0,7,,,,,
1816,Romania,2010,7,0,7,,,,,
1817,Romania,2009,8,0,8,,,,,
1818,Romania,2008,21,0,21,,,,,
1819,Romania,2007,8,0,8,,,,,
1820,Romania,2006,8,0,8,,,,,
1821,Romania,2005,17,0,17,,,,,
1822,Romania,2004,15,0,15,,,,,
1823,Romania,2003,15,0,15,,,,,
1824,Romania,2002,10,0,10,,,,,
1825,Romania,2001,14,0,14,,,,,
1826,Romania,2000,1,0,1,,,,,
1827,Romania,1999,0,0,0,,,,,
1828,Romania,1998,0,0,0,,,,,
1829,Romania,1997,0,0,0,,,,,
1830,Romania,1996,0,0,0,,,,,
1831,Romania,1995,0,0,0,,,,,
1832,Romania,1994,0,0,0,,,,,
1833,Romania,1993,0,0,0,,,,,
1834,Romania,1992,0,0,0,,,,,
1835,Romania,1991,0,0,0,,,,,
1836,Romania,1990,0,0,0,,,,,
1837,Romania,1989,0,0,0,,,,,
1838,Romania,1988,0,0,0,,,,,
1839,Romania,1987,0,0,0,,,,,
1840,Romania,1986,0,0,0,,,,,
1841,Romania,1985,0,0,0,,,,,
1842,Romania,1984,0,0,0,,,,,
1843,Romania,1983,0,0,0,,,,,
1844,Romania,1982,0,0,0,,,,,
1845,Romania,1981,0,0,0,,,,,
1846,Romania,1980,0,0,0,,,,,
1847,Russia,2016,7,0,7,,,,,
1848,Russia,2015,8,0,8,,,,,
1849,Russia,2014,8,0,8,,,,,
1850,Russia,2013,7,0,7,,,,,
1851,Russia,2012,7,0,7,,,,,
1852,Russia,2011,3,0,3,,,,,
1853,Russia,2010,3,0,3,,,,,
1854,Russia,2009,6,0,6,,,,,
1855,Russia,2008,9,0,9,,,,,
1856,Russia,2007,14,0,14,,,,,
1857,Russia,2006,39,0,39,,,,,
1858,Russia,2005,33,0,33,,,,,
1859,Russia,2004,0,0,0,,,,,
1860,Russia,2003,0,0,0,,,,,
1861,Russia,2002,0,0,0,,,,,
1862,Russia,2001,0,0,0,,,,,
1863,Russia,2000,0,0,0,,,,,
1864,Russia,1999,0,0,0,,,,,
1865,Russia,1998,0,0,0,,,,,
1866,Russia,1997,0,0,0,,,,,
1867,Russia,1996,0,0,0,,,,,
1868,Russia,1995,0,0,0,,,,,
1869,Russia,1994,0,0,0,,,,,
1870,Russia,1993,0,0,0,,,,,
1871,Russia,1992,0,0,0,,,,,
1872,Russia,1991,0,0,0,,,,,
1873,Russia,1990,0,0,0,,,,,
1874,Russia,1989,0,0,0,,,,,
1875,Russia,1988,0,0,0,,,,,
1876,Russia,1987,0,0,0,,,,,
1877,Russia,1986,0,0,0,,,,,
1878,Russia,1985,0,0,0,,,,,
1879,Russia,1984,0,0,0,,,,,
1880,Russia,1983,0,0,0,,,,,
1881,Russia,1982,0,0,0,,,,,
1882,Russia,1981,0,0,0,,,,,
1883,Russia,1980,0,0,0,,,,,
1884,Serbia,2016,2,0,2,,,,,
1885,Serbia,2015,2,0,2,,,,,
1886,Serbia,2014,0,0,0,,,,,
1887,Serbia,2013,0,0,0,,,,,
1888,Serbia,2012,0,0,0,,,,,
1889,Serbia,2011,0,0,0,,,,,
1890,Serbia,2010,0,0,0,,,,,
1891,Serbia,2009,0,0,0,,,,,
1892,Serbia,2008,0,0,0,,,,,
1893,Serbia,2007,0,0,0,,,,,
1894,Serbia,2006,0,0,0,,,,,
1895,Serbia,2005,0,0,0,,,,,
1896,Serbia,2004,0,0,0,,,,,
1897,Serbia,2003,0,0,0,,,,,
1898,Serbia,2002,0,0,0,,,,,
1899,Serbia,2001,0,0,0,,,,,
1900,Serbia,2000,0,0,0,,,,,
1901,Serbia,1999,0,0,0,,,,,
1902,Serbia,1998,0,0,0,,,,,
1903,Serbia,1997,0,0,0,,,,,
1904,Serbia,1996,0,0,0,,,,,
1905,Serbia,1995,0,0,0,,,,,
1906,Serbia,1994,0,0,0,,,,,
1907,Serbia,1993,0,0,0,,,,,
1908,Serbia,1992,0,0,0,,,,,
1909,Serbia,1991,0,0,0,,,,,
1910,Serbia,1990,0,0,0,,,,,
1911,Serbia,1989,0,0,0,,,,,
1912,Serbia,1988,0,0,0,,,,,
1913,Serbia,1987,0,0,0,,,,,
1914,Serbia,1986,0,0,0,,,,,
1915,Serbia,1985,0,0,0,,,,,
1916,Serbia,1984,0,0,0,,,,,
1917,Serbia,1983,0,0,0,,,,,
1918,Serbia,1982,0,0,0,,,,,
1919,Serbia,1981,0,0,0,,,,,
1920,Serbia,1980,0,0,0,,,,,
1921,Slovakia,2016,0,0,0,,,,,
1922,Slovakia,2015,0,0,0,,,,,
1923,Slovakia,2014,0,0,0,,,,,
1924,Slovakia,2013,6,0,6,,,,,
1925,Slovakia,2012,1,0,1,,,,,
1926,Slovakia,2011,0,0,0,,,,,
1927,Slovakia,2010,22,0,22,,,,,
1928,Slovakia,2009,23,0,23,,,,,
1929,Slovakia,2008,23,0,23,,,,,
1930,Slovakia,2007,14,0,14,,,,,
1931,Slovakia,2006,21,0,21,,,,,
1932,Slovakia,2005,17,0,17,,,,,
1933,Slovakia,2004,12,0,12,,,,,
1934,Slovakia,2003,11,0,11,,,,,
1935,Slovakia,2002,2,0,2,,,,,
1936,Slovakia,2001,0,0,0,,,,,
1937,Slovakia,2000,0,0,0,,,,,
1938,Slovakia,1999,0,0,0,,,,,
1939,Slovakia,1998,0,0,0,,,,,
1940,Slovakia,1997,0,0,0,,,,,
1941,Slovakia,1996,0,0,0,,,,,
1942,Slovakia,1995,0,0,0,,,,,
1943,Slovakia,1994,0,0,0,,,,,
1944,Slovakia,1993,0,0,0,,,,,
1945,Slovakia,1992,0,0,0,,,,,
1946,Slovakia,1991,0,0,0,,,,,
1947,Slovakia,1990,0,0,0,,,,,
1948,Slovakia,1989,0,0,0,,,,,
1949,Slovakia,1988,0,0,0,,,,,
1950,Slovakia,1987,0,0,0,,,,,
1951,Slovakia,1986,0,0,0,,,,,
1952,Slovakia,1985,0,0,0,,,,,
1953,Slovakia,1984,0,0,0,,,,,
1954,Slovakia,1983,0,0,0,,,,,
1955,Slovakia,1982,0,0,0,,,,,
1956,Slovakia,1981,0,0,0,,,,,
1957,Slovakia,1980,0,0,0,,,,,
1958,Slovenia,2016,0,0,0,,,,,
1959,Slovenia,2015,0,0,0,,,,,
1960,Slovenia,2014,0,0,0,,,,,
1961,Slovenia,2013,2,0,2,,,,,
1962,Slovenia,2012,2,0,2,,,,,
1963,Slovenia,2011,2,0,2,,,,,
1964,Slovenia,2010,1,0,1,,,,,
1965,Slovenia,2009,0,0,0,,,,,
1966,Slovenia,2008,2,0,2,,,,,
1967,Slovenia,2007,0,0,0,,,,,
1968,Slovenia,2006,0,0,0,,,,,
1969,Slovenia,2005,3,0,3,,,,,
1970,Slovenia,2004,1,0,1,,,,,
1971,Slovenia,2003,0,0,0,,,,,
1972,Slovenia,2002,0,0,0,,,,,
1973,Slovenia,2001,0,0,0,,,,,
1974,Slovenia,2000,3,0,3,,,,,
1975,Slovenia,1999,0,0,0,,,,,
1976,Slovenia,1998,0,0,0,,,,,
1977,Slovenia,1997,0,0,0,,,,,
1978,Slovenia,1996,0,0,0,,,,,
1979,Slovenia,1995,1,0,1,,,,,
1980,Slovenia,1994,0,0,0,,,,,
1981,Slovenia,1993,0,0,0,,,,,
1982,Slovenia,1992,0,0,0,,,,,
1983,Slovenia,1991,0,0,0,,,,,
1984,Slovenia,1990,0,0,0,,,,,
1985,Slovenia,1989,0,0,0,,,,,
1986,Slovenia,1988,0,0,0,,,,,
1987,Slovenia,1987,0,0,0,,,,,
1988,Slovenia,1986,0,0,0,,,,,
1989,Slovenia,1985,0,0,0,,,,,
1990,Slovenia,1984,0,0,0,,,,,
1991,Slovenia,1983,0,0,0,,,,,
1992,Slovenia,1982,0,0,0,,,,,
1993,Slovenia,1981,0,0,0,,,,,
1994,Slovenia,1980,0,0,0,,,,,
1995,South Africa,2016,2,0,2,,,,,
1996,South Africa,2015,3,0,3,,,,,
1997,South Africa,2014,3,0,3,,,,,
1998,South Africa,2013,0,0,0,,,,,
1999,South Africa,2012,0,0,0,,,,,
2000,South Africa,2011,0,0,0,,,,,
2001,South Africa,2010,0,0,0,,,,,
2002,South Africa,2009,0,0,0,,,,,
2003,South Africa,2008,0,0,0,,,,,
2004,South Africa,2007,0,0,0,,,,,
2005,South Africa,2006,0,0,0,,,,,
2006,South Africa,2005,0,0,0,,,,,
2007,South Africa,2004,0,0,0,,,,,
2008,South Africa,2003,0,0,0,,,,,
2009,South Africa,2002,0,0,0,,,,,
2010,South Africa,2001,0,0,0,,,,,
2011,South Africa,2000,0,0,0,,,,,
2012,South Africa,1999,0,0,0,,,,,
2013,South Africa,1998,0,0,0,,,,,
2014,South Africa,1997,0,0,0,,,,,
2015,South Africa,1996,0,0,0,,,,,
2016,South Africa,1995,0,0,0,,,,,
2017,South Africa,1994,0,0,0,,,,,
2018,South Africa,1993,0,0,0,,,,,
2019,South Africa,1992,0,0,0,,,,,
2020,South Africa,1991,0,0,0,,,,,
2021,South Africa,1990,0,0,0,,,,,
2022,South Africa,1989,0,0,0,,,,,
2023,South Africa,1988,0,0,0,,,,,
2024,South Africa,1987,0,0,0,,,,,
2025,South Africa,1986,0,0,0,,,,,
2026,South Africa,1985,0,0,0,,,,,
2027,South Africa,1984,0,0,0,,,,,
2028,South Africa,1983,0,0,0,,,,,
2029,South Africa,1982,0,0,0,,,,,
2030,South Africa,1981,0,0,0,,,,,
2031,South Africa,1980,0,0,0,,,,,
2032,Spain,2016,10,0,10,,,,,
2033,Spain,2015,2,0,2,,,,,
2034,Spain,2014,2,0,2,,,,,
2035,Spain,2013,40,0,40,,,,,
2036,Spain,2012,97,0,97,,,,,
2037,Spain,2011,78,0,78,,,,,
2038,Spain,2010,51,0,51,,,,,
2039,Spain,2009,120,0,120,,,,,
2040,Spain,2008,80,0,80,,,,,
2041,Spain,2007,33,0,33,,,,,
2042,Spain,2006,35,0,35,,,,,
2043,Spain,2005,28,0,28,,,,,
2044,Spain,2004,5,0,5,,,,,
2045,Spain,2003,18,0,18,,,,,
2046,Spain,2002,27,0,27,,,,,
2047,Spain,2001,2,0,2,,,,,
2048,Spain,2000,2,0,2,,,,,
2049,Spain,1999,2,0,2,,,,,
2050,Spain,1998,2,0,2,,,,,
2051,Spain,1997,2,0,2,,,,,
2052,Spain,1996,1,0,1,,,,,
2053,Spain,1995,1,0,1,,,,,
2054,Spain,1994,1,0,1,,,,,
2055,Spain,1993,1,0,1,,,,,
2056,Spain,1992,0,0,0,,,,,
2057,Spain,1991,0,0,0,,,,,
2058,Spain,1990,0,0,0,,,,,
2059,Spain,1989,0,0,0,,,,,
2060,Spain,1988,0,0,0,,,,,
2061,Spain,1987,0,0,0,,,,,
2062,Spain,1986,0,0,0,,,,,
2063,Spain,1985,0,0,0,,,,,
2064,Spain,1984,0,0,0,,,,,
2065,Spain,1983,0,0,0,,,,,
2066,Spain,1982,0,0,0,,,,,
2067,Spain,1981,0,0,0,,,,,
2068,Spain,1980,0,0,0,,,,,
2069,Sweden,2016,638,0,638,,,,,
2070,Sweden,2015,532,0,532,,,,,
2071,Sweden,2014,511,0,511,,,,,
2072,Sweden,2013,453,0,453,,,,,
2073,Sweden,2012,380,0,380,,,,,
2074,Sweden,2011,415,0,415,,,,,
2075,Sweden,2010,454,0,454,,,,,
2076,Sweden,2009,445,0,445,,,,,
2077,Sweden,2008,424,0,424,,,,,
2078,Sweden,2007,435,0,435,,,,,
2079,Sweden,2006,440,0,440,,,,,
2080,Sweden,2005,451,0,451,,,,,
2081,Sweden,2004,406,0,406,,,,,
2082,Sweden,2003,462,0,462,,,,,
2083,Sweden,2002,481,0,481,,,,,
2084,Sweden,2001,1201,0,1201,,,,,
2085,Sweden,2000,2328,0,2328,,,,,
2086,Sweden,1999,3192,0,3192,,,,,
2087,Sweden,1998,5069,0,5069,,,,,
2088,Sweden,1997,5483,0,5483,,,,,
2089,Sweden,1996,5648,0,5648,,,,,
2090,Sweden,1995,6125,0,6125,,,,,
2091,Sweden,1994,6284,0,6284,,,,,
2092,Sweden,1993,6624,0,6624,,,,,
2093,Sweden,1992,6575,0,6575,,,,,
2094,Sweden,1991,5807,0,5807,,,,,
2095,Sweden,1990,4616,0,4616,,,,,
2096,Sweden,1989,5,0,5,,,,,
2097,Sweden,1988,9,0,9,,,,,
2098,Sweden,1987,31,0,31,,,,,
2099,Sweden,1986,26,0,26,,,,,
2100,Sweden,1985,42,0,42,,,,,
2101,Sweden,1984,25,0,25,,,,,
2102,Sweden,1983,28,0,28,,,,,
2103,Sweden,1982,25,0,25,,,,,
2104,Sweden,1981,30,0,30,,,,,
2105,Sweden,1980,28,0,28,,,,,
2106,Switzerland,2016,44,0,44,,,,,
2107,Switzerland,2015,44,0,44,,,,,
2108,Switzerland,2014,41,0,41,,,,,
2109,Switzerland,2013,226,0,226,,,,,
2110,Switzerland,2012,172,0,172,,,,,
2111,Switzerland,2011,44,0,44,,,,,
2112,Switzerland,2010,50,0,50,,,,,
2113,Switzerland,2009,57,0,57,,,,,
2114,Switzerland,2008,47,0,47,,,,,
2115,Switzerland,2007,33,0,33,,,,,
2116,Switzerland,2006,32,0,32,,,,,
2117,Switzerland,2005,34,0,34,,,,,
2118,Switzerland,2004,38,0,38,,,,,
2119,Switzerland,2003,55,0,55,,,,,
2120,Switzerland,2002,63,0,63,,,,,
2121,Switzerland,2001,64,0,64,,,,,
2122,Switzerland,2000,60,0,60,,,,,
2123,Switzerland,1999,63,0,63,,,,,
2124,Switzerland,1998,20,0,20,,,,,
2125,Switzerland,1997,54,0,54,,,,,
2126,Switzerland,1996,0,0,0,,,,,
2127,Switzerland,1995,0,0,0,,,,,
2128,Switzerland,1994,0,0,0,,,,,
2129,Switzerland,1993,0,0,0,,,,,
2130,Switzerland,1992,0,0,0,,,,,
2131,Switzerland,1991,0,0,0,,,,,
2132,Switzerland,1990,0,0,0,,,,,
2133,Switzerland,1989,0,0,0,,,,,
2134,Switzerland,1988,0,0,0,,,,,
2135,Switzerland,1987,0,0,0,,,,,
2136,Switzerland,1986,0,0,0,,,,,
2137,Switzerland,1985,0,0,0,,,,,
2138,Switzerland,1984,0,0,0,,,,,
2139,Switzerland,1983,0,0,0,,,,,
2140,Switzerland,1982,0,0,0,,,,,
2141,Switzerland,1981,0,0,0,,,,,
2142,Switzerland,1980,0,0,0,,,,,
2143,Syria,2016,27,0,27,,,,,
2144,Syria,2015,26,0,26,,,,,
2145,Syria,2014,22,0,22,,,,,
2146,Syria,2013,25,0,25,,,,,
2147,Syria,2012,30,0,30,,,,,
2148,Syria,2011,27,0,27,,,,,
2149,Syria,2010,18,0,18,,,,,
2150,Syria,2009,4,0,4,,,,,
2151,Syria,2008,4,0,4,,,,,
2152,Syria,2007,4,0,4,,,,,
2153,Syria,2006,5,0,5,,,,,
2154,Syria,2005,4,0,4,,,,,
2155,Syria,2004,7,0,7,,,,,
2156,Syria,2003,0,0,0,,,,,
2157,Syria,2002,0,0,0,,,,,
2158,Syria,2001,1,0,1,,,,,
2159,Syria,2000,1,0,1,,,,,
2160,Syria,1999,6,0,6,,,,,
2161,Syria,1998,4,0,4,,,,,
2162,Syria,1997,0,0,0,,,,,
2163,Syria,1996,0,0,0,,,,,
2164,Syria,1995,0,0,0,,,,,
2165,Syria,1994,0,0,0,,,,,
2166,Syria,1993,0,0,0,,,,,
2167,Syria,1992,0,0,0,,,,,
2168,Syria,1991,0,0,0,,,,,
2169,Syria,1990,0,0,0,,,,,
2170,Syria,1989,0,0,0,,,,,
2171,Syria,1988,0,0,0,,,,,
2172,Syria,1987,0,0,0,,,,,
2173,Syria,1986,630,0,630,,,,,
2174,Syria,1985,33080,0,33080,,,,,
2175,Syria,1984,30000,0,30000,,,,,
2176,Syria,1983,27180,0,27180,,,,,
2177,Syria,1982,12500,0,12500,,,,,
2178,Syria,1981,0,0,0,,,,,
2179,Syria,1980,0,0,0,,,,,
2180,Turkey,2016,13,0,13,,,,,
2181,Turkey,2015,7,0,7,,,,,
2182,Turkey,2014,7,0,7,,,,,
2183,Turkey,2013,4,0,4,,,,,
2184,Turkey,2012,6,0,6,,,,,
2185,Turkey,2011,2,0,2,,,,,
2186,Turkey,2010,1,0,1,,,,,
2187,Turkey,2009,1,0,1,,,,,
2188,Turkey,2008,1,0,1,,,,,
2189,Turkey,2007,1,0,1,,,,,
2190,Turkey,2006,0,0,0,,,,,
2191,Turkey,2005,0,0,0,,,,,
2192,Turkey,2004,1,0,1,,,,,
2193,Turkey,2003,0,0,0,,,,,
2194,Turkey,2002,0,0,0,,,,,
2195,Turkey,2001,1,0,1,,,,,
2196,Turkey,2000,0,0,0,,,,,
2197,Turkey,1999,0,0,0,,,,,
2198,Turkey,1998,0,0,0,,,,,
2199,Turkey,1997,0,0,0,,,,,
2200,Turkey,1996,0,0,0,,,,,
2201,Turkey,1995,0,0,0,,,,,
2202,Turkey,1994,0,0,0,,,,,
2203,Turkey,1993,0,0,0,,,,,
2204,Turkey,1992,0,0,0,,,,,
2205,Turkey,1991,0,0,0,,,,,
2206,Turkey,1990,0,0,0,,,,,
2207,Turkey,1989,0,0,0,,,,,
2208,Turkey,1988,0,0,0,,,,,
2209,Turkey,1987,0,0,0,,,,,
2210,Turkey,1986,0,0,0,,,,,
2211,Turkey,1985,0,0,0,,,,,
2212,Turkey,1984,0,0,0,,,,,
2213,Turkey,1983,0,0,0,,,,,
2214,Turkey,1982,0,0,0,,,,,
2215,Turkey,1981,0,0,0,,,,,
2216,Turkey,1980,0,0,0,,,,,
2217,Ukraine,2016,9,0,9,,,,,
2218,Ukraine,2015,7,0,7,,,,,
2219,Ukraine,2014,6,0,6,,,,,
2220,Ukraine,2013,6,0,6,,,,,
2221,Ukraine,2012,6,0,6,,,,,
2222,Ukraine,2011,5,0,5,,,,,
2223,Ukraine,2010,4,0,4,,,,,
2224,Ukraine,2009,4,0,4,,,,,
2225,Ukraine,2008,4,0,4,,,,,
2226,Ukraine,2007,4,0,4,,,,,
2227,Ukraine,2006,4,0,4,,,,,
2228,Ukraine,2005,4,0,4,,,,,
2229,Ukraine,2004,2,0,2,,,,,
2230,Ukraine,2003,2,0,2,,,,,
2231,Ukraine,2002,2,0,2,,,,,
2232,Ukraine,2001,2,0,2,,,,,
2233,Ukraine,2000,0,0,0,,,,,
2234,Ukraine,1999,0,0,0,,,,,
2235,Ukraine,1998,22,0,22,,,,,
2236,Ukraine,1997,21,0,21,,,,,
2237,Ukraine,1996,17,0,17,,,,,
2238,Ukraine,1995,0,0,0,,,,,
2239,Ukraine,1994,0,0,0,,,,,
2240,Ukraine,1993,0,0,0,,,,,
2241,Ukraine,1992,0,0,0,,,,,
2242,Ukraine,1991,0,0,0,,,,,
2243,Ukraine,1990,0,0,0,,,,,
2244,Ukraine,1989,0,0,0,,,,,
2245,Ukraine,1988,0,0,0,,,,,
2246,Ukraine,1987,0,0,0,,,,,
2247,Ukraine,1986,0,0,0,,,,,
2248,Ukraine,1985,0,0,0,,,,,
2249,Ukraine,1984,0,0,0,,,,,
2250,Ukraine,1983,0,0,0,,,,,
2251,Ukraine,1982,0,0,0,,,,,
2252,Ukraine,1981,0,0,0,,,,,
2253,Ukraine,1980,0,0,0,,,,,
2254,United Kingdom,2016,129,0,129,,,,,
2255,United Kingdom,2015,129,0,129,,,,,
2256,United Kingdom,2014,114,0,114,,,,,
2257,United Kingdom,2013,102,0,102,,,,,
2258,United Kingdom,2012,107,0,107,,,,,
2259,United Kingdom,2011,97,0,97,,,,,
2260,United Kingdom,2010,87,0,87,,,,,
2261,United Kingdom,2009,73,0,73,,,,,
2262,United Kingdom,2008,69,0,69,,,,,
2263,United Kingdom,2007,64,0,64,,,,,
2264,United Kingdom,2006,100,0,100,,,,,
2265,United Kingdom,2005,193,0,193,,,,,
2266,United Kingdom,2004,260,0,260,,,,,
2267,United Kingdom,2003,229,0,229,,,,,
2268,United Kingdom,2002,653,0,653,,,,,
2269,United Kingdom,2001,1130,0,1130,,,,,
2270,United Kingdom,2000,1245,0,1245,,,,,
2271,United Kingdom,1999,1430,0,1430,,,,,
2272,United Kingdom,1998,1635,0,1635,,,,,
2273,United Kingdom,1997,1668,0,1668,,,,,
2274,United Kingdom,1996,1645,0,1645,,,,,
2275,United Kingdom,1995,1551,0,1551,,,,,
2276,United Kingdom,1994,1545,0,1545,,,,,
2277,United Kingdom,1993,1527,0,1527,,,,,
2278,United Kingdom,1992,1240,0,1240,,,,,
2279,United Kingdom,1991,606,0,606,,,,,
2280,United Kingdom,1990,492,0,492,,,,,
2281,United Kingdom,1989,312,0,312,,,,,
2282,United Kingdom,1988,108,0,108,,,,,
2283,United Kingdom,1987,0,0,0,,,,,
2284,United Kingdom,1986,0,0,0,,,,,
2285,United Kingdom,1985,0,0,0,,,,,
2286,United Kingdom,1984,0,0,0,,,,,
2287,United Kingdom,1983,0,0,0,,,,,
2288,United Kingdom,1982,0,0,0,,,,,
2289,United Kingdom,1981,0,0,0,,,,,
2290,United Kingdom,1980,0,0,0,,,,,
2291,United States,2016,404,0,404,,,,,
2292,United States,2015,413,0,413,,,,,
2293,United States,2014,434,0,434,,,,,
2294,United States,2013,2783,0,2783,,,,,
2295,United States,2012,2879,0,2879,,,,,
2296,United States,2011,3295,0,3295,,,,,
2297,United States,2010,3487,0,3487,,,,,
2298,United States,2009,3831,0,3831,,,,,
2299,United States,2008,4254,0,4254,,,,,
2300,United States,2007,4267,0,4267,,,,,
2301,United States,2006,4083,0,4083,,,,,
2302,United States,2005,4282,0,4282,,,,,
2303,United States,2004,3818,0,3818,,,,,
2304,United States,2003,2956,0,2956,,,,,
2305,United States,2002,3935,0,3935,,,,,
2306,United States,2001,4579,0,4579,,,,,
2307,United States,2000,3662,0,3662,,,,,
2308,United States,1999,3033,0,3033,,,,,
2309,United States,1998,3283,0,3283,,,,,
2310,United States,1997,3567,0,3567,,,,,
2311,United States,1996,4380,0,4380,,,,,
2312,United States,1995,3884,0,3884,,,,,
2313,United States,1994,4319,0,4319,,,,,
2314,United States,1993,5465,0,5465,,,,,
2315,United States,1992,5838,0,5838,,,,,
2316,United States,1991,6009,0,6009,,,,,
2317,United States,1990,5634,0,5634,,,,,
2318,United States,1989,5716,0,5716,,,,,
2319,United States,1988,4910,0,4910,,,,,
2320,United States,1987,4367,0,4367,,,,,
2321,United States,1986,3994,0,3994,,,,,
2322,United States,1985,3385,0,3385,,,,,
2323,United States,1984,3203,0,3203,,,,,
2324,United States,1983,2941,0,2941,,,,,
2325,United States,1982,3529,0,3529,,,,,
2326,United States,1981,3955,0,3955,,,,,
2327,United States,1980,4136,0,4136,,,,,
2328,Venezuela,2016,12,0,12,,,,,
2329,Venezuela,2015,0,0,0,,,,,
2330,Venezuela,2014,0,0,0,,,,,
2331,Venezuela,2013,0,0,0,,,,,
2332,Venezuela,2012,0,0,0,,,,,
2333,Venezuela,2011,0,0,0,,,,,
2334,Venezuela,2010,0,0,0,,,,,
2335,Venezuela,2009,0,0,0,,,,,
2336,Venezuela,2008,0,0,0,,,,,
2337,Venezuela,2007,0,0,0,,,,,
2338,Venezuela,2006,0,0,0,,,,,
2339,Venezuela,2005,0,0,0,,,,,
2340,Venezuela,2004,0,0,0,,,,,
2341,Venezuela,2003,0,0,0,,,,,
2342,Venezuela,2002,0,0,0,,,,,
2343,Venezuela,2001,0,0,0,,,,,
2344,Venezuela,2000,0,0,0,,,,,
2345,Venezuela,1999,0,0,0,,,,,
2346,Venezuela,1998,0,0,0,,,,,
2347,Venezuela,1997,0,0,0,,,,,
2348,Venezuela,1996,0,0,0,,,,,
2349,Venezuela,1995,0,0,0,,,,,
2350,Venezuela,1994,1,0,1,,,,,
2351,Venezuela,1993,1,0,1,,,,,
2352,Venezuela,1992,0,0,0,,,,,
2353,Venezuela,1991,0,0,0,,,,,
2354,Venezuela,1990,0,0,0,,,,,
2355,Venezuela,1989,0,0,0,,,,,
2356,Venezuela,1988,0,0,0,,,,,
2357,Venezuela,1987,0,0,0,,,,,
2358,Venezuela,1986,0,0,0,,,,,
2359,Venezuela,1985,0,0,0,,,,,
2360,Venezuela,1984,0,0,0,,,,,
2361,Venezuela,1983,0,0,0,,,,,
2362,Venezuela,1982,0,0,0,,,,,
2363,Venezuela,1981,0,0,0,,,,,
2364,Venezuela,1980,0,0,0,,,,,
2365,Zambia,2016,6,0,6,,,,,
2366,Zambia,2015,6,0,6,,,,,
2367,Zambia,2014,6,0,6,,,,,
2368,Zambia,2013,6,0,6,,,,,
2369,Zambia,2012,6,0,6,,,,,
2370,Zambia,2011,1,0,1,,,,,
2371,Zambia,2010,8,0,8,,,,,
2372,Zambia,2009,9,0,9,,,,,
2373,Zambia,2008,9,0,9,,,,,
2374,Zambia,2007,0,0,0,,,,,
2375,Zambia,2006,0,0,0,,,,,
2376,Zambia,2005,0,0,0,,,,,
2377,Zambia,2004,0,0,0,,,,,
2378,Zambia,2003,0,0,0,,,,,
2379,Zambia,2002,0,0,0,,,,,
2380,Zambia,2001,0,0,0,,,,,
2381,Zambia,2000,0,0,0,,,,,
2382,Zambia,1999,0,0,0,,,,,
2383,Zambia,1998,0,0,0,,,,,
2384,Zambia,1997,0,0,0,,,,,
2385,Zambia,1996,0,0,0,,,,,
2386,Zambia,1995,0,0,0,,,,,
2387,Zambia,1994,0,0,0,,,,,
2388,Zambia,1993,0,0,0,,,,,
2389,Zambia,1992,0,0,0,,,,,
2390,Zambia,1991,0,0,0,,,,,
2391,Zambia,1990,0,0,0,,,,,
2392,Zambia,1989,0,0,0,,,,,
2393,Zambia,1988,0,0,0,,,,,
2394,Zambia,1987,0,0,0,,,,,
2395,Zambia,1986,0,0,0,,,,,
2396,Zambia,1985,0,0,0,,,,,
2397,Zambia,1984,0,0,0,,,,,
2398,Zambia,1983,0,0,0,,,,,
2399,Zambia,1982,0,0,0,,,,,
2400,Zambia,1981,0,0,0,,,,,
2401,Zambia,1980,0,0,0,,,,,
2402,Zimbabwe,2016,1,0,1,,,,,
2403,Zimbabwe,2015,1,0,1,,,,,
2404,Zimbabwe,2014,1,0,1,,,,,
2405,Zimbabwe,2013,1,0,1,,,,,
2406,Zimbabwe,2012,0,0,0,,,,,
2407,Zimbabwe,2011,1,0,1,,,,,
2408,Zimbabwe,2010,1,0,1,,,,,
2409,Zimbabwe,2009,1,0,1,,,,,
2410,Zimbabwe,2008,1,0,1,,,,,
2411,Zimbabwe,2007,1,0,1,,,,,
2412,Zimbabwe,2006,0,0,0,,,,,
2413,Zimbabwe,2005,0,0,0,,,,,
2414,Zimbabwe,2004,2,0,2,,,,,
2415,Zimbabwe,2003,0,0,0,,,,,
2416,Zimbabwe,2002,0,0,0,,,,,
2417,Zimbabwe,2001,0,0,0,,,,,
2418,Zimbabwe,2000,0,0,0,,,,,
2419,Zimbabwe,1999,0,0,0,,,,,
2420,Zimbabwe,1998,0,0,0,,,,,
2421,Zimbabwe,1997,0,0,0,,,,,
2422,Zimbabwe,1996,0,0,0,,,,,
2423,Zimbabwe,1995,0,0,0,,,,,
2424,Zimbabwe,1994,0,0,0,,,,,
2425,Zimbabwe,1993,1,0,1,,,,,
2426,Zimbabwe,1992,0,0,0,,,,,
2427,Zimbabwe,1991,0,0,0,,,,,
2428,Zimbabwe,1990,0,0,0,,,,,
2429,Zimbabwe,1989,0,0,0,,,,,
2430,Zimbabwe,1988,0,0,0,,,,,
2431,Zimbabwe,1987,0,0,0,,,,,
2432,Zimbabwe,1986,0,0,0,,,,,
2433,Zimbabwe,1985,0,0,0,,,,,
2434,Zimbabwe,1984,0,0,0,,,,,
2435,Zimbabwe,1983,0,0,0,,,,,
2436,Zimbabwe,1982,0,0,0,,,,,
2437,Zimbabwe,1981,0,0,0,,,,,
2438,Zimbabwe,1980,0,0,0,,,,,