,country,year,donations,receipts,net_donations,cumulative_donations,,,,
1,Argentina,1980,0,0,0,0,,,,
2,Argentina,1981,0,0,0,0,,,,
3,Argentina,1982,0,0,0,0,,,,
4,Argentina,1983,0,0,0,0,,,,
5,Argentina,1984,0,0,0,0,,,,
6,Argentina,1985,0,0,0,0,,,,
7,Argentina,1986,0,0,0,0,,,,
8,Argentina,1987,0,0,0,0,,,,
9,Argentina,1988,0,0,0,0,,,,
10,Argentina,1989,0,0,0,0,,,,
11,Argentina,1990,0,0,0,0,,,,
12,Argentina,1991,0,0,0,0,,,,
13,Argentina,1992,0,0,0,0,,,,
14,Argentina,1993,0,0,0,0,,,,
15,Argentina,1994,0,0,0,0,,,,
16,Argentina,1995,0,0,0,0,,,,
17,Argentina,1996,0,0,0,0,,,,
18,Argentina,1997,0,0,0,0,,,,
19,Argentina,1998,3,0,3,3,,,,
20,Argentina,1999,3,0,3,6,,,,
21,Argentina,2000,3,0,3,9,,,,
22,Argentina,2001,3,0,3,12,,,,
23,Argentina,2002,3,0,3,15,,,,
24,Argentina,2003,4,0,4,19,,,,
25,Argentina,2004,4,0,4,23,,,,
26,Argentina,2005,4,0,4,27,,,,
27,Argentina,2006,4,0,4,31,,,,
28,Argentina,2007,4,0,4,35,,,,
29,Argentina,2008,0,0,0,35,,,,
30,Argentina,2009,0,0,0,35,,,,
31,Argentina,2010,0,0,0,35,,,,
32,Argentina,2011,0,0,0,35,,,,
33,Argentina,2012,0,0,0,35,,,,
34,Argentina,2013,0,0,0,35,,,,
35,Argentina,2014,0,0,0,35,,,,
36,Argentina,2015,0,0,0,35,,,,
37,Argentina,2016,1,0,1,36,,,,
38,Armenia,1980,0,0,0,0,,,,
39,Armenia,1981,0,0,0,0,,,,
40,Armenia,1982,0,0,0,0,,,,
41,Armenia,1983,0,0,0,0,,,,
42,Armenia,1984,0,0,0,0,,,,
43,Armenia,1985,0,0,0,0,,,,
44,Armenia,1986,0,0,0,0,,,,
45,Armenia,1987,0,0,0,0,,,,
46,Armenia,1988,0,0,0,0,,,,
47,Armenia,1989,0,0,0,0,,,,
48,Armenia,1990,0,0,0,0,,,,
49,Armenia,1991,0,0,0,0,,,,
50,Armenia,1992,0,0,0,0,,,,
51,Armenia,1993,0,0,0,0,,,,
52,Armenia,1994,0,0,0,0,,,,
53,Armenia,1995,0,0,0,0,,,,
54,Armenia,1996,0,0,0,0,,,,
55,Armenia,1997,0,0,0,0,,,,
56,Armenia,1998,0,0,0,0,,,,
57,Armenia,1999,0,0,0,0,,,,
58,Armenia,2000,0,0,0,0,,,,
59,Armenia,2001,0,0,0,0,,,,
60,Armenia,2002,3,0,3,3,,,,
61,Armenia,2003,1,0,1,4,,,,
62,Armenia,2004,1,0,1,5,,,,
63,Armenia,2005,0,0,0,5,,,,
64,Armenia,2006,14,0,14,19,,,,
65,Armenia,2007,14,0,14,33,,,,
66,Armenia,2008,14,0,14,47,,,,
67,Armenia,2009,14,0,14,61,,,,
68,Armenia,2010,14,0,14,75,,,,
69,Armenia,2011,14,0,14,89,,,,
70,Armenia,2012,14,0,14,103,,,,
71,Armenia,2013,17,0,17,120,,,,
72,Armenia,2014,18,0,18,138,,,,
73,Armenia,2015,19,0,19,157,,,,
74,Armenia,2016,19,0,19,176,,,,
75,Australia,1980,230,0,230,230,,,,
76,Australia,1981,190,0,190,420,,,,
77,Australia,1982,210,0,210,630,,,,
78,Australia,1983,200,0,200,830,,,,
79,Australia,1984,250,0,250,1080,,,,
80,Australia,1985,250,0,250,1330,,,,
81,Australia,1986,170,0,170,1500,,,,
82,Australia,1987,200,0,200,1700,,,,
83,Australia,1988,320,0,320,2020,,,,
84,Australia,1989,270,0,270,2290,,,,
85,Australia,1990,350,0,350,2640,,,,
86,Australia,1991,790,0,790,3430,,,,
87,Australia,1992,650,0,650,4080,,,,
88,Australia,1993,780,0,780,4860,,,,
89,Australia,1994,810,0,810,5670,,,,
90,Australia,1995,900,0,900,6570,,,,
91,Australia,1996,960,0,960,7530,,,,
92,Australia,1997,1070,0,1070,8600,,,,
93,Australia,1998,980,0,980,9580,,,,
94,Australia,1999,1140,0,1140,10720,,,,
95,Australia,2000,1000,0,1000,11720,,,,
96,Australia,2001,900,0,900,12620,,,,
97,Australia,2002,890,0,890,13510,,,,
98,Australia,2003,1070,0,1070,14580,,,,
99,Australia,2004,1320,0,1320,15900,,,,
100,Australia,2005,1120,0,1120,17020,,,,
101,Australia,2006,830,0,830,17850,,,,
102,Australia,2007,1010,0,1010,18860,,,,
103,Australia,2008,1300,0,1300,20160,,,,
104,Australia,2009,183,0,183,20343,,,,
105,Australia,2010,209,0,209,20552,,,,
106,Australia,2011,271,0,271,20823,,,,
107,Australia,2012,315,0,315,21138,,,,
108,Australia,2013,346,0,346,21484,,,,
109,Australia,2014,393,0,393,21877,,,,
110,Australia,2015,485,0,485,22362,,,,
111,Australia,2016,529,0,529,22891,,,,
112,Austria,1980,0,0,0,0,,,,
113,Austria,1981,0,0,0,0,,,,
114,Austria,1982,0,0,0,0,,,,
115,Austria,1983,0,0,0,0,,,,
116,Austria,1984,0,0,0,0,,,,
117,Austria,1985,0,0,0,0,,,,
118,Austria,1986,0,0,0,0,,,,
119,Austria,1987,0,0,0,0,,,,
120,Austria,1988,0,0,0,0,,,,
121,Austria,1989,0,0,0,0,,,,
122,Austria,1990,0,0,0,0,,,,
123,Austria,1991,0,0,0,0,,,,
124,Austria,1992,0,0,0,0,,,,
125,Austria,1993,0,0,0,0,,,,
126,Austria,1994,0,0,0,0,,,,
127,Austria,1995,0,0,0,0,,,,
128,Austria,1996,48,0,48,48,,,,
129,Austria,1997,46,0,46,94,,,,
130,Austria,1998,53,0,53,147,,,,
131,Austria,1999,41,0,41,188,,,,
132,Austria,2000,58,0,58,246,,,,
133,Austria,2001,43,0,43,289,,,,
134,Austria,2002,80,0,80,369,,,,
135,Austria,2003,60,0,60,429,,,,
136,Austria,2004,79,0,79,508,,,,
137,Austria,2005,99,0,99,607,,,,
138,Austria,2006,94,0,94,701,,,,
139,Austria,2007,68,0,68,769,,,,
140,Austria,2008,59,0,59,828,,,,
141,Austria,2009,33,0,33,861,,,,
142,Austria,2010,36,0,36,897,,,,
143,Austria,2011,49,0,49,946,,,,
144,Austria,2012,39,0,39,985,,,,
145,Austria,2013,50,0,50,1035,,,,
146,Austria,2014,52,0,52,1087,,,,
147,Austria,2015,63,0,63,1150,,,,
148,Austria,2016,76,0,76,1226,,,,
149,Belarus,1980,0,0,0,0,,,,
150,Belarus,1981,0,0,0,0,,,,
151,Belarus,1982,0,0,0,0,,,,
152,Belarus,1983,0,0,0,0,,,,
153,Belarus,1984,0,0,0,0,,,,
154,Belarus,1985,0,0,0,0,,,,
155,Belarus,1986,0,0,0,0,,,,
156,Belarus,1987,0,0,0,0,,,,
157,Belarus,1988,0,0,0,0,,,,
158,Belarus,1989,0,0,0,0,,,,
159,Belarus,1990,0,0,0,0,,,,
160,Belarus,1991,0,0,0,0,,,,
161,Belarus,1992,0,0,0,0,,,,
162,Belarus,1993,0,0,0,0,,,,
163,Belarus,1994,0,0,0,0,,,,
164,Belarus,1995,0,0,0,0,,,,
165,Belarus,1996,0,0,0,0,,,,
166,Belarus,1997,0,0,0,0,,,,
167,Belarus,1998,0,0,0,0,,,,
168,Belarus,1999,0,0,0,0,,,,
169,Belarus,2000,103,0,103,103,,,,
170,Belarus,2001,116,0,116,219,,,,
171,Belarus,2002,103,0,103,322,,,,
172,Belarus,2003,88,0,88,410,,,,
173,Belarus,2004,73,0,73,483,,,,
174,Belarus,2005,98,0,98,581,,,,
175,Belarus,2006,87,0,87,668,,,,
176,Belarus,2007,73,0,73,741,,,,
177,Belarus,2008,52,0,52,793,,,,
178,Belarus,2009,58,0,58,851,,,,
179,Belarus,2010,0,0,0,851,,,,
180,Belarus,2011,0,0,0,851,,,,
181,Belarus,2012,0,0,0,851,,,,
182,Belarus,2013,0,0,0,851,,,,
183,Belarus,2014,0,0,0,851,,,,
184,Belarus,2015,2,0,2,853,,,,
185,Belarus,2016,2,0,2,855,,,,
186,Belgium,1980,0,0,0,0,,,,
187,Belgium,1981,0,0,0,0,,,,
188,Belgium,1982,0,0,0,0,,,,
189,Belgium,1983,0,0,0,0,,,,
190,Belgium,1984,0,0,0,0,,,,
191,Belgium,1985,0,0,0,0,,,,
192,Belgium,1986,0,0,0,0,,,,
193,Belgium,1987,0,0,0,0,,,,
194,Belgium,1988,0,0,0,0,,,,
195,Belgium,1989,0,0,0,0,,,,
196,Belgium,1990,0,0,0,0,,,,
197,Belgium,1991,0,0,0,0,,,,
198,Belgium,1992,0,0,0,0,,,,
199,Belgium,1993,0,0,0,0,,,,
200,Belgium,1994,0,0,0,0,,,,
201,Belgium,1995,0,0,0,0,,,,
202,Belgium,1996,177,0,177,177,,,,
203,Belgium,1997,177,0,177,354,,,,
204,Belgium,1998,124,0,124,478,,,,
205,Belgium,1999,118,0,118,596,,,,
206,Belgium,2000,88,0,88,684,,,,
207,Belgium,2001,26,0,26,710,,,,
208,Belgium,2002,40,0,40,750,,,,
209,Belgium,2003,32,0,32,782,,,,
210,Belgium,2004,34,0,34,816,,,,
211,Belgium,2005,22,0,22,838,,,,
212,Belgium,2006,14,0,14,852,,,,
213,Belgium,2007,28,0,28,880,,,,
214,Belgium,2008,41,0,41,921,,,,
215,Belgium,2009,50,0,50,971,,,,
216,Belgium,2010,142,0,142,1113,,,,
217,Belgium,2011,164,0,164,1277,,,,
218,Belgium,2012,182,0,182,1459,,,,
219,Belgium,2013,209,0,209,1668,,,,
220,Belgium,2014,77,0,77,1745,,,,
221,Belgium,2015,109,0,109,1854,,,,
222,Belgium,2016,99,0,99,1953,,,,
223,Brazil,1980,0,0,0,0,,,,
224,Brazil,1981,0,0,0,0,,,,
225,Brazil,1982,0,0,0,0,,,,
226,Brazil,1983,0,0,0,0,,,,
227,Brazil,1984,0,0,0,0,,,,
228,Brazil,1985,0,0,0,0,,,,
229,Brazil,1986,0,0,0,0,,,,
230,Brazil,1987,0,0,0,0,,,,
231,Brazil,1988,0,0,0,0,,,,
232,Brazil,1989,0,0,0,0,,,,
233,Brazil,1990,0,0,0,0,,,,
234,Brazil,1991,0,0,0,0,,,,
235,Brazil,1992,0,0,0,0,,,,
236,Brazil,1993,0,0,0,0,,,,
237,Brazil,1994,0,0,0,0,,,,
238,Brazil,1995,19,0,19,19,,,,
239,Brazil,1996,18,0,18,37,,,,
240,Brazil,1997,19,0,19,56,,,,
241,Brazil,1998,25,0,25,81,,,,
242,Brazil,1999,23,0,23,104,,,,
243,Brazil,2000,23,0,23,127,,,,
244,Brazil,2001,19,0,19,146,,,,
245,Brazil,2002,14,0,14,160,,,,
246,Brazil,2003,14,0,14,174,,,,
247,Brazil,2004,14,0,14,188,,,,
248,Brazil,2005,38,0,38,226,,,,
249,Brazil,2006,27,0,27,253,,,,
250,Brazil,2007,27,0,27,280,,,,
251,Brazil,2008,27,0,27,307,,,,
252,Brazil,2009,29,0,29,336,,,,
253,Brazil,2010,29,0,29,365,,,,
254,Brazil,2011,29,0,29,394,,,,
255,Brazil,2012,29,0,29,423,,,,
256,Brazil,2013,34,0,34,457,,,,
257,Brazil,2014,394,0,394,851,,,,
258,Brazil,2015,399,0,399,1250,,,,
259,Brazil,2016,399,0,399,1649,,,,
260,Bulgaria,1980,0,0,0,0,,,,
261,Bulgaria,1981,0,0,0,0,,,,
262,Bulgaria,1982,0,0,0,0,,,,
263,Bulgaria,1983,0,0,0,0,,,,
264,Bulgaria,1984,0,0,0,0,,,,
265,Bulgaria,1985,0,0,0,0,,,,
266,Bulgaria,1986,0,0,0,0,,,,
267,Bulgaria,1987,0,0,0,0,,,,
268,Bulgaria,1988,0,0,0,0,,,,
269,Bulgaria,1989,0,0,0,0,,,,
270,Bulgaria,1990,0,0,0,0,,,,
271,Bulgaria,1991,0,0,0,0,,,,
272,Bulgaria,1992,0,0,0,0,,,,
273,Bulgaria,1993,1,0,1,1,,,,
274,Bulgaria,1994,1,0,1,2,,,,
275,Bulgaria,1995,9,0,9,11,,,,
276,Bulgaria,1996,13,0,13,24,,,,
277,Bulgaria,1997,0,0,0,24,,,,
278,Bulgaria,1998,4,0,4,28,,,,
279,Bulgaria,1999,4,0,4,32,,,,
280,Bulgaria,2000,8,0,8,40,,,,
281,Bulgaria,2001,25,0,25,65,,,,
282,Bulgaria,2002,22,0,22,87,,,,
283,Bulgaria,2003,22,0,22,109,,,,
284,Bulgaria,2004,27,0,27,136,,,,
285,Bulgaria,2005,23,0,23,159,,,,
286,Bulgaria,2006,23,0,23,182,,,,
287,Bulgaria,2007,26,0,26,208,,,,
288,Bulgaria,2008,27,0,27,235,,,,
289,Bulgaria,2009,27,0,27,262,,,,
290,Bulgaria,2010,28,0,28,290,,,,
291,Bulgaria,2011,28,0,28,318,,,,
292,Bulgaria,2012,46,0,46,364,,,,
293,Bulgaria,2013,29,0,29,393,,,,
294,Bulgaria,2014,17,0,17,410,,,,
295,Bulgaria,2015,18,0,18,428,,,,
296,Bulgaria,2016,25,0,25,453,,,,
297,Canada,1980,1409,0,1409,1409,,,,
298,Canada,1981,1119,0,1119,2528,,,,
299,Canada,1982,1159,0,1159,3687,,,,
300,Canada,1983,789,0,789,4476,,,,
301,Canada,1984,1253,0,1253,5729,,,,
302,Canada,1985,1683,0,1683,7412,,,,
303,Canada,1986,2576,0,2576,9988,,,,
304,Canada,1987,3803,0,3803,13791,,,,
305,Canada,1988,3970,0,3970,17761,,,,
306,Canada,1989,7157,0,7157,24918,,,,
307,Canada,1990,13568,0,13568,38486,,,,
308,Canada,1991,12567,0,12567,51053,,,,
309,Canada,1992,6915,0,6915,57968,,,,
310,Canada,1993,4902,0,4902,62870,,,,
311,Canada,1994,5298,0,5298,68168,,,,
312,Canada,1995,3177,0,3177,71345,,,,
313,Canada,1996,1919,0,1919,73264,,,,
314,Canada,1997,1472,0,1472,74736,,,,
315,Canada,1998,1329,0,1329,76065,,,,
316,Canada,1999,1594,0,1594,77659,,,,
317,Canada,2000,1903,0,1903,79562,,,,
318,Canada,2001,2578,0,2578,82140,,,,
319,Canada,2002,2332,0,2332,84472,,,,
320,Canada,2003,3179,0,3179,87651,,,,
321,Canada,2004,3293,0,3293,90944,,,,
322,Canada,2005,3709,0,3709,94653,,,,
323,Canada,2006,3802,0,3802,98455,,,,
324,Canada,2007,3467,0,3467,101922,,,,
325,Canada,2008,3566,0,3566,105488,,,,
326,Canada,2009,3077,0,3077,108565,,,,
327,Canada,2010,3432,0,3432,111997,,,,
328,Canada,2011,3072,0,3072,115069,,,,
329,Canada,2012,1614,0,1614,116683,,,,
330,Canada,2013,2172,0,2172,118855,,,,
331,Canada,2014,1024,0,1024,119879,,,,
332,Canada,2015,867,0,867,120746,,,,
333,Canada,2016,741,0,741,121487,,,,
334,Croatia,1980,0,0,0,0,,,,
335,Croatia,1981,0,0,0,0,,,,
336,Croatia,1982,0,0,0,0,,,,
337,Croatia,1983,0,0,0,0,,,,
338,Croatia,1984,0,0,0,0,,,,
339,Croatia,1985,0,0,0,0,,,,
340,Croatia,1986,0,0,0,0,,,,
341,Croatia,1987,0,0,0,0,,,,
342,Croatia,1988,0,0,0,0,,,,
343,Croatia,1989,0,0,0,0,,,,
344,Croatia,1990,0,0,0,0,,,,
345,Croatia,1991,0,0,0,0,,,,
346,Croatia,1992,0,0,0,0,,,,
347,Croatia,1993,0,0,0,0,,,,
348,Croatia,1994,0,0,0,0,,,,
349,Croatia,1995,0,0,0,0,,,,
350,Croatia,1996,0,0,0,0,,,,
351,Croatia,1997,0,0,0,0,,,,
352,Croatia,1998,0,0,0,0,,,,
353,Croatia,1999,0,0,0,0,,,,
354,Croatia,2000,0,0,0,0,,,,
355,Croatia,2001,0,0,0,0,,,,
356,Croatia,2002,0,0,0,0,,,,
357,Croatia,2003,0,0,0,0,,,,
358,Croatia,2004,0,0,0,0,,,,
359,Croatia,2005,0,0,0,0,,,,
360,Croatia,2006,0,0,0,0,,,,
361,Croatia,2007,0,0,0,0,,,,
362,Croatia,2008,0,0,0,0,,,,
363,Croatia,2009,0,0,0,0,,,,
364,Croatia,2010,0,0,0,0,,,,
365,Croatia,2011,2,0,2,2,,,,
366,Croatia,2012,0,0,0,2,,,,
367,Croatia,2013,5,0,5,7,,,,
368,Croatia,2014,0,0,0,7,,,,
369,Croatia,2015,0,0,0,7,,,,
370,Croatia,2016,0,0,0,7,,,,
371,Côte d'Ivoire,1982,0,0,0,0,,,,
372,Côte d'Ivoire,1983,0,0,0,0,,,,
373,Côte d'Ivoire,1984,0,0,0,0,,,,
374,Côte d'Ivoire,1985,0,0,0,0,,,,
375,Côte d'Ivoire,1986,0,0,0,0,,,,
376,Côte d'Ivoire,1987,0,0,0,0,,,,
377,Côte d'Ivoire,1988,0,0,0,0,,,,
378,Côte d'Ivoire,1989,0,0,0,0,,,,
379,Côte d'Ivoire,1990,0,0,0,0,,,,
380,Côte d'Ivoire,1991,0,0,0,0,,,,
381,Côte d'Ivoire,1992,0,0,0,0,,,,
382,Côte d'Ivoire,1993,0,0,0,0,,,,
383,Côte d'Ivoire,1994,0,0,0,0,,,,
384,Côte d'Ivoire,1995,0,0,0,0,,,,
385,Côte d'Ivoire,1996,0,0,0,0,,,,
386,Côte d'Ivoire,1997,0,0,0,0,,,,
387,Côte d'Ivoire,1998,0,0,0,0,,,,
388,Côte d'Ivoire,1999,0,0,0,0,,,,
389,Côte d'Ivoire,2000,0,0,0,0,,,,
390,Côte d'Ivoire,2001,0,0,0,0,,,,
391,Côte d'Ivoire,2002,0,0,0,0,,,,
392,Côte d'Ivoire,2003,0,0,0,0,,,,
393,Côte d'Ivoire,2004,0,0,0,0,,,,
394,Côte d'Ivoire,2005,0,0,0,0,,,,
395,Côte d'Ivoire,2006,0,0,0,0,,,,
396,Côte d'Ivoire,2007,1,0,1,1,,,,
397,Côte d'Ivoire,2008,1,0,1,2,,,,
398,Côte d'Ivoire,2009,1,0,1,3,,,,
399,Côte d'Ivoire,2010,1,0,1,4,,,,
400,Côte d'Ivoire,2011,1,0,1,5,,,,
401,Côte d'Ivoire,2012,1,0,1,6,,,,
402,Côte d'Ivoire,2013,1,0,1,7,,,,
403,Côte d'Ivoire,2014,1,0,1,8,,,,
404,Côte d'Ivoire,2015,1,0,1,9,,,,
405,Côte d'Ivoire,2016,0,0,0,9,,,,
406,Curacao,1982,0,0,0,0,,,,
407,Curacao,1983,0,0,0,0,,,,
408,Curacao,1984,0,0,0,0,,,,
409,Curacao,1985,0,0,0,0,,,,
410,Curacao,1986,0,0,0,0,,,,
411,Curacao,1987,0,0,0,0,,,,
412,Curacao,1988,0,0,0,0,,,,
413,Curacao,1989,0,0,0,0,,,,
414,Curacao,1990,0,0,0,0,,,,
415,Curacao,1991,0,0,0,0,,,,
416,Curacao,1992,0,0,0,0,,,,
417,Curacao,1993,0,0,0,0,,,,
418,Curacao,1994,0,0,0,0,,,,
419,Curacao,1995,0,0,0,0,,,,
420,Curacao,1996,0,0,0,0,,,,
421,Curacao,1997,0,0,0,0,,,,
422,Curacao,1998,0,0,0,0,,,,
423,Curacao,1999,0,0,0,0,,,,
424,Curacao,2000,0,0,0,0,,,,
425,Curacao,2001,0,0,0,0,,,,
426,Curacao,2002,0,0,0,0,,,,
427,Curacao,2003,0,0,0,0,,,,
428,Curacao,2004,0,0,0,0,,,,
429,Curacao,2005,0,0,0,0,,,,
430,Curacao,2006,0,0,0,0,,,,
431,Curacao,2007,0,0,0,0,,,,
432,Curacao,2008,0,0,0,0,,,,
433,Curacao,2009,0,0,0,0,,,,
434,Curacao,2010,0,0,0,0,,,,
435,Curacao,2011,0,0,0,0,,,,
436,Curacao,2012,0,0,0,0,,,,
437,Curacao,2013,0,0,0,0,,,,
438,Curacao,2014,0,0,0,0,,,,
439,Curacao,2015,1,0,1,1,,,,
440,Curacao,2016,1,0,1,2,,,,
441,Cyprus,1980,0,0,0,0,,,,
442,Cyprus,1981,0,0,0,0,,,,
443,Cyprus,1982,0,0,0,0,,,,
444,Cyprus,1983,0,0,0,0,,,,
445,Cyprus,1984,0,0,0,0,,,,
446,Cyprus,1985,0,0,0,0,,,,
447,Cyprus,1986,0,0,0,0,,,,
448,Cyprus,1987,0,0,0,0,,,,
449,Cyprus,1988,0,0,0,0,,,,
450,Cyprus,1989,0,0,0,0,,,,
451,Cyprus,1990,0,0,0,0,,,,
452,Cyprus,1991,0,0,0,0,,,,
453,Cyprus,1992,0,0,0,0,,,,
454,Cyprus,1993,0,0,0,0,,,,
455,Cyprus,1994,0,0,0,0,,,,
456,Cyprus,1995,0,0,0,0,,,,
457,Cyprus,1996,0,0,0,0,,,,
458,Cyprus,1997,2,0,2,2,,,,
459,Cyprus,1998,2,0,2,4,,,,
460,Cyprus,1999,2,0,2,6,,,,
461,Cyprus,2000,206,0,206,212,,,,
462,Cyprus,2001,217,0,217,429,,,,
463,Cyprus,2002,6,0,6,435,,,,
464,Cyprus,2003,14,0,14,449,,,,
465,Cyprus,2004,12,0,12,461,,,,
466,Cyprus,2005,19,0,19,480,,,,
467,Cyprus,2006,16,0,16,496,,,,
468,Cyprus,2007,20,0,20,516,,,,
469,Cyprus,2008,39,0,39,555,,,,
470,Cyprus,2009,20,0,20,575,,,,
471,Cyprus,2010,25,0,25,600,,,,
472,Cyprus,2011,25,0,25,625,,,,
473,Cyprus,2012,32,0,32,657,,,,
474,Cyprus,2013,32,0,32,689,,,,
475,Cyprus,2014,36,0,36,725,,,,
476,Cyprus,2015,39,0,39,764,,,,
477,Cyprus,2016,45,0,45,809,,,,
478,Czechia,1980,0,0,0,0,,,,
479,Czechia,1981,0,0,0,0,,,,
480,Czechia,1982,0,0,0,0,,,,
481,Czechia,1983,0,0,0,0,,,,
482,Czechia,1984,0,0,0,0,,,,
483,Czechia,1985,0,0,0,0,,,,
484,Czechia,1986,0,0,0,0,,,,
485,Czechia,1987,0,0,0,0,,,,
486,Czechia,1988,0,0,0,0,,,,
487,Czechia,1989,0,0,0,0,,,,
488,Czechia,1990,0,0,0,0,,,,
489,Czechia,1991,0,0,0,0,,,,
490,Czechia,1992,0,0,0,0,,,,
491,Czechia,1993,0,0,0,0,,,,
492,Czechia,1994,0,0,0,0,,,,
493,Czechia,1995,0,0,0,0,,,,
494,Czechia,1996,1,0,1,1,,,,
495,Czechia,1997,0,0,0,1,,,,
496,Czechia,1998,0,0,0,1,,,,
497,Czechia,1999,0,0,0,1,,,,
498,Czechia,2000,0,0,0,1,,,,
499,Czechia,2001,0,0,0,1,,,,
500,Czechia,2002,17,0,17,18,,,,
501,Czechia,2003,5,0,5,23,,,,
502,Czechia,2004,10,0,10,33,,,,
503,Czechia,2005,21,0,21,54,,,,
504,Czechia,2006,16,0,16,70,,,,
505,Czechia,2007,9,0,9,79,,,,
506,Czechia,2008,0,0,0,79,,,,
507,Czechia,2009,0,0,0,79,,,,
508,Czechia,2010,0,0,0,79,,,,
509,Czechia,2011,0,0,0,79,,,,
510,Czechia,2012,0,0,0,79,,,,
511,Czechia,2013,0,0,0,79,,,,
512,Czechia,2014,0,0,0,79,,,,
513,Czechia,2015,4,0,4,83,,,,
514,Czechia,2016,4,0,4,87,,,,
515,Denmark,1980,39,0,39,39,,,,
516,Denmark,1981,20,0,20,59,,,,
517,Denmark,1982,19,0,19,78,,,,
518,Denmark,1983,21,0,21,99,,,,
519,Denmark,1984,22,0,22,121,,,,
520,Denmark,1985,16,0,16,137,,,,
521,Denmark,1986,34,0,34,171,,,,
522,Denmark,1987,30,0,30,201,,,,
523,Denmark,1988,77,0,77,278,,,,
524,Denmark,1989,1376,0,1376,1654,,,,
525,Denmark,1990,1547,0,1547,3201,,,,
526,Denmark,1991,1679,0,1679,4880,,,,
527,Denmark,1992,1741,0,1741,6621,,,,
528,Denmark,1993,1763,0,1763,8384,,,,
529,Denmark,1994,1763,0,1763,10147,,,,
530,Denmark,1995,1763,0,1763,11910,,,,
531,Denmark,1996,1070,0,1070,12980,,,,
532,Denmark,1997,577,0,577,13557,,,,
533,Denmark,1998,445,0,445,14002,,,,
534,Denmark,1999,541,0,541,14543,,,,
535,Denmark,2000,373,0,373,14916,,,,
536,Denmark,2001,218,0,218,15134,,,,
537,Denmark,2002,203,0,203,15337,,,,
538,Denmark,2003,165,0,165,15502,,,,
539,Denmark,2004,199,0,199,15701,,,,
540,Denmark,2005,294,0,294,15995,,,,
541,Denmark,2006,330,0,330,16325,,,,
542,Denmark,2007,164,0,164,16489,,,,
543,Denmark,2008,187,0,187,16676,,,,
544,Denmark,2009,174,0,174,16850,,,,
545,Denmark,2010,158,0,158,17008,,,,
546,Denmark,2011,128,0,128,17136,,,,
547,Denmark,2012,92,0,92,17228,,,,
548,Denmark,2013,108,0,108,17336,,,,
549,Denmark,2014,25,0,25,17361,,,,
550,Denmark,2015,24,0,24,17385,,,,
551,Denmark,2016,25,0,25,17410,,,,
552,Ecuador,1980,0,0,0,0,,,,
553,Ecuador,1981,0,0,0,0,,,,
554,Ecuador,1982,0,0,0,0,,,,
555,Ecuador,1983,0,0,0,0,,,,
556,Ecuador,1984,0,0,0,0,,,,
557,Ecuador,1985,0,0,0,0,,,,
558,Ecuador,1986,0,0,0,0,,,,
559,Ecuador,1987,0,0,0,0,,,,
560,Ecuador,1988,0,0,0,0,,,,
561,Ecuador,1989,0,0,0,0,,,,
562,Ecuador,1990,0,0,0,0,,,,
563,Ecuador,1991,0,0,0,0,,,,
564,Ecuador,1992,0,0,0,0,,,,
565,Ecuador,1993,0,0,0,0,,,,
566,Ecuador,1994,0,0,0,0,,,,
567,Ecuador,1995,0,0,0,0,,,,
568,Ecuador,1996,0,0,0,0,,,,
569,Ecuador,1997,0,0,0,0,,,,
570,Ecuador,1998,0,0,0,0,,,,
571,Ecuador,1999,0,0,0,0,,,,
572,Ecuador,2000,0,0,0,0,,,,
573,Ecuador,2001,1,0,1,1,,,,
574,Ecuador,2002,1,0,1,2,,,,
575,Ecuador,2003,1,0,1,3,,,,
576,Ecuador,2004,1,0,1,4,,,,
577,Ecuador,2005,1,0,1,5,,,,
578,Ecuador,2006,1,0,1,6,,,,
579,Ecuador,2007,2,0,2,8,,,,
580,Ecuador,2008,4,0,4,12,,,,
581,Ecuador,2009,5,0,5,17,,,,
582,Ecuador,2010,5,0,5,22,,,,
583,Ecuador,2011,5,0,5,27,,,,
584,Ecuador,2012,6,0,6,33,,,,
585,Ecuador,2013,5,0,5,38,,,,
586,Ecuador,2014,6,0,6,44,,,,
587,Ecuador,2015,6,0,6,50,,,,
588,Ecuador,2016,0,0,0,50,,,,
589,Estonia,1980,0,0,0,0,,,,
590,Estonia,1981,0,0,0,0,,,,
591,Estonia,1982,0,0,0,0,,,,
592,Estonia,1983,0,0,0,0,,,,
593,Estonia,1984,0,0,0,0,,,,
594,Estonia,1985,0,0,0,0,,,,
595,Estonia,1986,0,0,0,0,,,,
596,Estonia,1987,0,0,0,0,,,,
597,Estonia,1988,0,0,0,0,,,,
598,Estonia,1989,0,0,0,0,,,,
599,Estonia,1990,0,0,0,0,,,,
600,Estonia,1991,0,0,0,0,,,,
601,Estonia,1992,0,0,0,0,,,,
602,Estonia,1993,0,0,0,0,,,,
603,Estonia,1994,0,0,0,0,,,,
604,Estonia,1995,0,0,0,0,,,,
605,Estonia,1996,0,0,0,0,,,,
606,Estonia,1997,0,0,0,0,,,,
607,Estonia,1998,0,0,0,0,,,,
608,Estonia,1999,0,0,0,0,,,,
609,Estonia,2000,0,0,0,0,,,,
610,Estonia,2001,0,0,0,0,,,,
611,Estonia,2002,0,0,0,0,,,,
612,Estonia,2003,0,0,0,0,,,,
613,Estonia,2004,0,0,0,0,,,,
614,Estonia,2005,0,0,0,0,,,,
615,Estonia,2006,0,0,0,0,,,,
616,Estonia,2007,0,0,0,0,,,,
617,Estonia,2008,0,0,0,0,,,,
618,Estonia,2009,0,0,0,0,,,,
619,Estonia,2010,0,0,0,0,,,,
620,Estonia,2011,0,0,0,0,,,,
621,Estonia,2012,1,0,1,1,,,,
622,Estonia,2013,0,0,0,1,,,,
623,Estonia,2014,0,0,0,1,,,,
624,Estonia,2015,0,0,0,1,,,,
625,Estonia,2016,0,0,0,1,,,,
626,Finland,1980,0,0,0,0,,,,
627,Finland,1981,0,0,0,0,,,,
628,Finland,1982,0,0,0,0,,,,
629,Finland,1983,1,0,1,1,,,,
630,Finland,1984,0,0,0,1,,,,
631,Finland,1985,2,0,2,3,,,,
632,Finland,1986,0,0,0,3,,,,
633,Finland,1987,4,0,4,7,,,,
634,Finland,1988,2,0,2,9,,,,
635,Finland,1989,1,0,1,10,,,,
636,Finland,1990,0,0,0,10,,,,
637,Finland,1991,0,0,0,10,,,,
638,Finland,1992,0,0,0,10,,,,
639,Finland,1993,5,0,5,15,,,,
640,Finland,1994,0,0,0,15,,,,
641,Finland,1995,1,0,1,16,,,,
642,Finland,1996,4,0,4,20,,,,
643,Finland,1997,4,0,4,24,,,,
644,Finland,1998,27,0,27,51,,,,
645,Finland,1999,27,0,27,78,,,,
646,Finland,2000,23,0,23,101,,,,
647,Finland,2001,23,0,23,124,,,,
648,Finland,2002,6,0,6,130,,,,
649,Finland,2003,5,0,5,135,,,,
650,Finland,2004,3,0,3,138,,,,
651,Finland,2005,3,0,3,141,,,,
652,Finland,2006,4,0,4,145,,,,
653,Finland,2007,9,0,9,154,,,,
654,Finland,2008,11,0,11,165,,,,
655,Finland,2009,11,0,11,176,,,,
656,Finland,2010,10,0,10,186,,,,
657,Finland,2011,10,0,10,196,,,,
658,Finland,2012,11,0,11,207,,,,
659,Finland,2013,12,0,12,219,,,,
660,Finland,2014,12,0,12,231,,,,
661,Finland,2015,11,0,11,242,,,,
662,Finland,2016,19,0,19,261,,,,
663,France,1980,0,0,0,0,,,,
664,France,1981,0,0,0,0,,,,
665,France,1982,0,0,0,0,,,,
666,France,1983,0,0,0,0,,,,
667,France,1984,0,0,0,0,,,,
668,France,1985,0,0,0,0,,,,
669,France,1986,0,0,0,0,,,,
670,France,1987,0,0,0,0,,,,
671,France,1988,0,0,0,0,,,,
672,France,1989,0,0,0,0,,,,
673,France,1990,0,0,0,0,,,,
674,France,1991,0,0,0,0,,,,
675,France,1992,0,0,0,0,,,,
676,France,1993,0,0,0,0,,,,
677,France,1994,0,0,0,0,,,,
678,France,1995,71,0,71,71,,,,
679,France,1996,74,0,74,145,,,,
680,France,1997,75,0,75,220,,,,
681,France,1998,84,0,84,304,,,,
682,France,1999,81,0,81,385,,,,
683,France,2000,70,0,70,455,,,,
684,France,2001,74,0,74,529,,,,
685,France,2002,76,0,76,605,,,,
686,France,2003,76,0,76,681,,,,
687,France,2004,79,0,79,760,,,,
688,France,2005,83,0,83,843,,,,
689,France,2006,84,0,84,927,,,,
690,France,2007,86,0,86,1013,,,,
691,France,2008,89,0,89,1102,,,,
692,France,2009,98,0,98,1200,,,,
693,France,2010,101,0,101,1301,,,,
694,France,2011,100,0,100,1401,,,,
695,France,2012,103,0,103,1504,,,,
696,France,2013,105,0,105,1609,,,,
697,France,2014,108,0,108,1717,,,,
698,France,2015,117,0,117,1834,,,,
699,France,2016,134,0,134,1968,,,,
700,Georgia,1980,0,0,0,0,,,,
701,Georgia,1981,0,0,0,0,,,,
702,Georgia,1982,0,0,0,0,,,,
703,Georgia,1983,0,0,0,0,,,,
704,Georgia,1984,0,0,0,0,,,,
705,Georgia,1985,0,0,0,0,,,,
706,Georgia,1986,0,0,0,0,,,,
707,Georgia,1987,0,0,0,0,,,,
708,Georgia,1988,0,0,0,0,,,,
709,Georgia,1989,0,0,0,0,,,,
710,Georgia,1990,0,0,0,0,,,,
711,Georgia,1991,0,0,0,0,,,,
712,Georgia,1992,0,0,0,0,,,,
713,Georgia,1993,0,0,0,0,,,,
714,Georgia,1994,0,0,0,0,,,,
715,Georgia,1995,0,0,0,0,,,,
716,Georgia,1996,0,0,0,0,,,,
717,Georgia,1997,0,0,0,0,,,,
718,Georgia,1998,0,0,0,0,,,,
719,Georgia,1999,0,0,0,0,,,,
720,Georgia,2000,0,0,0,0,,,,
721,Georgia,2001,0,0,0,0,,,,
722,Georgia,2002,0,0,0,0,,,,
723,Georgia,2003,0,0,0,0,,,,
724,Georgia,2004,0,0,0,0,,,,
725,Georgia,2005,0,0,0,0,,,,
726,Georgia,2006,0,0,0,0,,,,
727,Georgia,2007,0,0,0,0,,,,
728,Georgia,2008,0,0,0,0,,,,
729,Georgia,2009,0,0,0,0,,,,
730,Georgia,2010,0,0,0,0,,,,
731,Georgia,2011,0,0,0,0,,,,
732,Georgia,2012,0,0,0,0,,,,
733,Georgia,2013,0,0,0,0,,,,
734,Georgia,2014,1,0,1,1,,,,
735,Georgia,2015,6,0,6,7,,,,
736,Georgia,2016,6,0,6,13,,,,
737,Germany,1980,3422,0,3422,3422,,,,
738,Germany,1981,3594,0,3594,7016,,,,
739,Germany,1982,4183,0,4183,11199,,,,
740,Germany,1983,3625,0,3625,14824,,,,
741,Germany,1984,2537,0,2537,17361,,,,
742,Germany,1985,3393,0,3393,20754,,,,
743,Germany,1986,4996,0,4996,25750,,,,
744,Germany,1987,2107,0,2107,27857,,,,
745,Germany,1988,1429,0,1429,29286,,,,
746,Germany,1989,1785,0,1785,31071,,,,
747,Germany,1990,2819,0,2819,33890,,,,
748,Germany,1991,4349,0,4349,38239,,,,
749,Germany,1992,3043,0,3043,41282,,,,
750,Germany,1993,3748,0,3748,45030,,,,
751,Germany,1994,4031,0,4031,49061,,,,
752,Germany,1995,2654,0,2654,51715,,,,
753,Germany,1996,2367,0,2367,54082,,,,
754,Germany,1997,2846,0,2846,56928,,,,
755,Germany,1998,2676,0,2676,59604,,,,
756,Germany,1999,0,0,0,59604,,,,
757,Germany,2000,625,0,625,60229,,,,
758,Germany,2001,1848,0,1848,62077,,,,
759,Germany,2002,19035,0,19035,81112,,,,
760,Germany,2003,18410,0,18410,99522,,,,
761,Germany,2004,17302,0,17302,116824,,,,
762,Germany,2005,15619,0,15619,132443,,,,
763,Germany,2006,9336,0,9336,141779,,,,
764,Germany,2007,9485,0,9485,151264,,,,
765,Germany,2008,9650,0,9650,160914,,,,
766,Germany,2009,12950,0,12950,173864,,,,
767,Germany,2010,12514,0,12514,186378,,,,
768,Germany,2011,11697,0,11697,198075,,,,
769,Germany,2012,11819,0,11819,209894,,,,
770,Germany,2013,449,0,449,210343,,,,
771,Germany,2014,489,0,489,210832,,,,
772,Germany,2015,521,0,521,211353,,,,
773,Germany,2016,804,0,804,212157,,,,
774,Ghana,1980,0,0,0,0,,,,
775,Ghana,1981,0,0,0,0,,,,
776,Ghana,1982,0,0,0,0,,,,
777,Ghana,1983,0,0,0,0,,,,
778,Ghana,1984,0,0,0,0,,,,
779,Ghana,1985,0,0,0,0,,,,
780,Ghana,1986,0,0,0,0,,,,
781,Ghana,1987,0,0,0,0,,,,
782,Ghana,1988,0,0,0,0,,,,
783,Ghana,1989,0,0,0,0,,,,
784,Ghana,1990,0,0,0,0,,,,
785,Ghana,1991,0,0,0,0,,,,
786,Ghana,1992,0,0,0,0,,,,
787,Ghana,1993,0,0,0,0,,,,
788,Ghana,1994,0,0,0,0,,,,
789,Ghana,1995,0,0,0,0,,,,
790,Ghana,1996,0,0,0,0,,,,
791,Ghana,1997,0,0,0,0,,,,
792,Ghana,1998,0,0,0,0,,,,
793,Ghana,1999,0,0,0,0,,,,
794,Ghana,2000,0,0,0,0,,,,
795,Ghana,2001,0,0,0,0,,,,
796,Ghana,2002,0,0,0,0,,,,
797,Ghana,2003,0,0,0,0,,,,
798,Ghana,2004,0,0,0,0,,,,
799,Ghana,2005,0,0,0,0,,,,
800,Ghana,2006,0,0,0,0,,,,
801,Ghana,2007,0,0,0,0,,,,
802,Ghana,2008,0,0,0,0,,,,
803,Ghana,2009,0,0,0,0,,,,
804,Ghana,2010,0,0,0,0,,,,
805,Ghana,2011,0,0,0,0,,,,
806,Ghana,2012,0,0,0,0,,,,
807,Ghana,2013,7,0,7,7,,,,
808,Ghana,2014,7,0,7,14,,,,
809,Ghana,2015,7,0,7,21,,,,
810,Ghana,2016,7,0,7,28,,,,
811,Greece,1980,0,0,0,0,,,,
812,Greece,1981,0,0,0,0,,,,
813,Greece,1982,90,0,90,90,,,,
814,Greece,1983,90,0,90,180,,,,
815,Greece,1984,60,0,60,240,,,,
816,Greece,1985,60,0,60,300,,,,
817,Greece,1986,0,0,0,300,,,,
818,Greece,1987,0,0,0,300,,,,
819,Greece,1988,150,0,150,450,,,,
820,Greece,1989,230,0,230,680,,,,
821,Greece,1990,0,0,0,680,,,,
822,Greece,1991,0,0,0,680,,,,
823,Greece,1992,0,0,0,680,,,,
824,Greece,1993,6,0,6,686,,,,
825,Greece,1994,21,0,21,707,,,,
826,Greece,1995,0,0,0,707,,,,
827,Greece,1996,0,0,0,707,,,,
828,Greece,1997,0,0,0,707,,,,
829,Greece,1998,0,0,0,707,,,,
830,Greece,1999,0,0,0,707,,,,
831,Greece,2000,22,0,22,729,,,,
832,Greece,2001,23,0,23,752,,,,
833,Greece,2002,64,0,64,816,,,,
834,Greece,2003,62,0,62,878,,,,
835,Greece,2004,64,0,64,942,,,,
836,Greece,2005,57,0,57,999,,,,
837,Greece,2006,42,0,42,1041,,,,
838,Greece,2007,40,0,40,1081,,,,
839,Greece,2008,26,0,26,1107,,,,
840,Greece,2009,2,0,2,1109,,,,
841,Greece,2010,1,0,1,1110,,,,
842,Greece,2011,0,0,0,1110,,,,
843,Greece,2012,5,0,5,1115,,,,
844,Greece,2013,5,0,5,1120,,,,
845,Greece,2014,9,0,9,1129,,,,
846,Greece,2015,9,0,9,1138,,,,
847,Greece,2016,16,0,16,1154,,,,
848,Hungary,1980,0,0,0,0,,,,
849,Hungary,1981,0,0,0,0,,,,
850,Hungary,1982,0,0,0,0,,,,
851,Hungary,1983,0,0,0,0,,,,
852,Hungary,1984,0,0,0,0,,,,
853,Hungary,1985,0,0,0,0,,,,
854,Hungary,1986,0,0,0,0,,,,
855,Hungary,1987,0,0,0,0,,,,
856,Hungary,1988,0,0,0,0,,,,
857,Hungary,1989,0,0,0,0,,,,
858,Hungary,1990,0,0,0,0,,,,
859,Hungary,1991,0,0,0,0,,,,
860,Hungary,1992,0,0,0,0,,,,
861,Hungary,1993,1,0,1,1,,,,
862,Hungary,1994,1,0,1,2,,,,
863,Hungary,1995,0,0,0,2,,,,
864,Hungary,1996,0,0,0,2,,,,
865,Hungary,1997,0,0,0,2,,,,
866,Hungary,1998,0,0,0,2,,,,
867,Hungary,1999,2,0,2,4,,,,
868,Hungary,2000,2,0,2,6,,,,
869,Hungary,2001,3,0,3,9,,,,
870,Hungary,2002,3,0,3,12,,,,
871,Hungary,2003,3,0,3,15,,,,
872,Hungary,2004,5,0,5,20,,,,
873,Hungary,2005,6,0,6,26,,,,
874,Hungary,2006,5,0,5,31,,,,
875,Hungary,2007,7,0,7,38,,,,
876,Hungary,2008,6,0,6,44,,,,
877,Hungary,2009,6,0,6,50,,,,
878,Hungary,2010,13,0,13,63,,,,
879,Hungary,2011,12,0,12,75,,,,
880,Hungary,2012,12,0,12,87,,,,
881,Hungary,2013,11,0,11,98,,,,
882,Hungary,2014,13,0,13,111,,,,
883,Hungary,2015,13,0,13,124,,,,
884,Hungary,2016,7,0,7,131,,,,
885,Iceland,1980,0,0,0,0,,,,
886,Iceland,1981,0,0,0,0,,,,
887,Iceland,1982,0,0,0,0,,,,
888,Iceland,1983,0,0,0,0,,,,
889,Iceland,1984,0,0,0,0,,,,
890,Iceland,1985,0,0,0,0,,,,
891,Iceland,1986,0,0,0,0,,,,
892,Iceland,1987,0,0,0,0,,,,
893,Iceland,1988,1,0,1,1,,,,
894,Iceland,1989,0,0,0,1,,,,
895,Iceland,1990,3,0,3,4,,,,
896,Iceland,1991,0,0,0,4,,,,
897,Iceland,1992,0,0,0,4,,,,
898,Iceland,1993,0,0,0,4,,,,
899,Iceland,1994,1,0,1,5,,,,
900,Iceland,1995,0,0,0,5,,,,
901,Iceland,1996,1,0,1,6,,,,
902,Iceland,1997,3,0,3,9,,,,
903,Iceland,1998,0,0,0,9,,,,
904,Iceland,1999,0,0,0,9,,,,
905,Iceland,2000,3,0,3,12,,,,
906,Iceland,2001,0,0,0,12,,,,
907,Iceland,2002,0,0,0,12,,,,
908,Iceland,2003,0,0,0,12,,,,
909,Iceland,2004,0,0,0,12,,,,
910,Iceland,2005,0,0,0,12,,,,
911,Iceland,2006,0,0,0,12,,,,
912,Iceland,2007,0,0,0,12,,,,
913,Iceland,2008,0,0,0,12,,,,
914,Iceland,2009,2,0,2,14,,,,
915,Iceland,2010,4,0,4,18,,,,
916,Iceland,2011,0,0,0,18,,,,
917,Iceland,2012,1,0,1,19,,,,
918,Iceland,2013,1,0,1,20,,,,
919,Iceland,2014,0,0,0,20,,,,
920,Iceland,2015,0,0,0,20,,,,
921,Iceland,2016,0,0,0,20,,,,
922,Ireland,1980,0,0,0,0,,,,
923,Ireland,1981,0,0,0,0,,,,
924,Ireland,1982,0,0,0,0,,,,
925,Ireland,1983,0,0,0,0,,,,
926,Ireland,1984,0,0,0,0,,,,
927,Ireland,1985,0,0,0,0,,,,
928,Ireland,1986,0,0,0,0,,,,
929,Ireland,1987,0,0,0,0,,,,
930,Ireland,1988,0,0,0,0,,,,
931,Ireland,1989,0,0,0,0,,,,
932,Ireland,1990,0,0,0,0,,,,
933,Ireland,1991,0,0,0,0,,,,
934,Ireland,1992,0,0,0,0,,,,
935,Ireland,1993,0,0,0,0,,,,
936,Ireland,1994,0,0,0,0,,,,
937,Ireland,1995,0,0,0,0,,,,
938,Ireland,1996,0,0,0,0,,,,
939,Ireland,1997,0,0,0,0,,,,
940,Ireland,1998,0,0,0,0,,,,
941,Ireland,1999,1,0,1,1,,,,
942,Ireland,2000,0,0,0,1,,,,
943,Ireland,2001,2,0,2,3,,,,
944,Ireland,2002,1,0,1,4,,,,
945,Ireland,2003,8,0,8,12,,,,
946,Ireland,2004,10,0,10,22,,,,
947,Ireland,2005,10,0,10,32,,,,
948,Ireland,2006,37,0,37,69,,,,
949,Ireland,2007,18,0,18,87,,,,
950,Ireland,2008,19,0,19,106,,,,
951,Ireland,2009,19,0,19,125,,,,
952,Ireland,2010,21,0,21,146,,,,
953,Ireland,2011,20,0,20,166,,,,
954,Ireland,2012,20,0,20,186,,,,
955,Ireland,2013,27,0,27,213,,,,
956,Ireland,2014,13,0,13,226,,,,
957,Ireland,2015,13,0,13,239,,,,
958,Ireland,2016,13,0,13,252,,,,
959,Israel,1980,0,0,0,0,,,,
960,Israel,1981,0,0,0,0,,,,
961,Israel,1982,0,0,0,0,,,,
962,Israel,1983,0,0,0,0,,,,
963,Israel,1984,0,0,0,0,,,,
964,Israel,1985,0,0,0,0,,,,
965,Israel,1986,0,0,0,0,,,,
966,Israel,1987,0,0,0,0,,,,
967,Israel,1988,0,0,0,0,,,,
968,Israel,1989,0,0,0,0,,,,
969,Israel,1990,0,0,0,0,,,,
970,Israel,1991,0,0,0,0,,,,
971,Israel,1992,0,0,0,0,,,,
972,Israel,1993,0,0,0,0,,,,
973,Israel,1994,0,0,0,0,,,,
974,Israel,1995,0,0,0,0,,,,
975,Israel,1996,0,0,0,0,,,,
976,Israel,1997,0,0,0,0,,,,
977,Israel,1998,0,0,0,0,,,,
978,Israel,1999,0,0,0,0,,,,
979,Israel,2000,3909,0,3909,3909,,,,
980,Israel,2001,3909,0,3909,7818,,,,
981,Israel,2002,3909,0,3909,11727,,,,
982,Israel,2003,3909,0,3909,15636,,,,
983,Israel,2004,0,0,0,15636,,,,
984,Israel,2005,0,0,0,15636,,,,
985,Israel,2006,0,0,0,15636,,,,
986,Israel,2007,0,0,0,15636,,,,
987,Israel,2008,0,0,0,15636,,,,
988,Israel,2009,0,0,0,15636,,,,
989,Israel,2010,0,0,0,15636,,,,
990,Israel,2011,2,0,2,15638,,,,
991,Israel,2012,2,0,2,15640,,,,
992,Israel,2013,2,0,2,15642,,,,
993,Israel,2014,2,0,2,15644,,,,
994,Israel,2015,2,0,2,15646,,,,
995,Israel,2016,2,0,2,15648,,,,
996,Italy,1980,0,0,0,0,,,,
997,Italy,1981,0,0,0,0,,,,
998,Italy,1982,0,0,0,0,,,,
999,Italy,1983,0,0,0,0,,,,
1000,Italy,1984,0,0,0,0,,,,
1001,Italy,1985,0,0,0,0,,,,
1002,Italy,1986,0,0,0,0,,,,
1003,Italy,1987,0,0,0,0,,,,
1004,Italy,1988,10,0,10,10,,,,
1005,Italy,1989,51,0,51,61,,,,
1006,Italy,1990,51,0,51,112,,,,
1007,Italy,1991,59,0,59,171,,,,
1008,Italy,1992,66,0,66,237,,,,
1009,Italy,1993,66,0,66,303,,,,
1010,Italy,1994,68,0,68,371,,,,
1011,Italy,1995,76,0,76,447,,,,
1012,Italy,1996,73,0,73,520,,,,
1013,Italy,1997,71,0,71,591,,,,
1014,Italy,1998,61,0,61,652,,,,
1015,Italy,1999,27,0,27,679,,,,
1016,Italy,2000,28,0,28,707,,,,
1017,Italy,2001,31,0,31,738,,,,
1018,Italy,2002,24,0,24,762,,,,
1019,Italy,2003,24,0,24,786,,,,
1020,Italy,2004,34,0,34,820,,,,
1021,Italy,2005,56,0,56,876,,,,
1022,Italy,2006,70,0,70,946,,,,
1023,Italy,2007,129,0,129,1075,,,,
1024,Italy,2008,166,0,166,1241,,,,
1025,Italy,2009,194,0,194,1435,,,,
1026,Italy,2010,214,0,214,1649,,,,
1027,Italy,2011,210,0,210,1859,,,,
1028,Italy,2012,227,0,227,2086,,,,
1029,Italy,2013,279,0,279,2365,,,,
1030,Italy,2014,310,0,310,2675,,,,
1031,Italy,2015,348,0,348,3023,,,,
1032,Italy,2016,349,0,349,3372,,,,
1033,Jordan,1980,0,0,0,0,,,,
1034,Jordan,1981,0,0,0,0,,,,
1035,Jordan,1982,0,0,0,0,,,,
1036,Jordan,1983,0,0,0,0,,,,
1037,Jordan,1984,0,0,0,0,,,,
1038,Jordan,1985,0,0,0,0,,,,
1039,Jordan,1986,0,0,0,0,,,,
1040,Jordan,1987,0,0,0,0,,,,
1041,Jordan,1988,0,0,0,0,,,,
1042,Jordan,1989,0,0,0,0,,,,
1043,Jordan,1990,0,0,0,0,,,,
1044,Jordan,1991,0,0,0,0,,,,
1045,Jordan,1992,0,0,0,0,,,,
1046,Jordan,1993,0,0,0,0,,,,
1047,Jordan,1994,0,0,0,0,,,,
1048,Jordan,1995,0,0,0,0,,,,
1049,Jordan,1996,0,0,0,0,,,,
1050,Jordan,1997,0,0,0,0,,,,
1051,Jordan,1998,0,0,0,0,,,,
1052,Jordan,1999,0,0,0,0,,,,
1053,Jordan,2000,0,0,0,0,,,,
1054,Jordan,2001,0,0,0,0,,,,
1055,Jordan,2002,0,0,0,0,,,,
1056,Jordan,2003,0,0,0,0,,,,
1057,Jordan,2004,4,0,4,4,,,,
1058,Jordan,2005,4,0,4,8,,,,
1059,Jordan,2006,5,0,5,13,,,,
1060,Jordan,2007,4,0,4,17,,,,
1061,Jordan,2008,5,0,5,22,,,,
1062,Jordan,2009,5,0,5,27,,,,
1063,Jordan,2010,5,0,5,32,,,,
1064,Jordan,2011,5,0,5,37,,,,
1065,Jordan,2012,1,0,1,38,,,,
1066,Jordan,2013,1,0,1,39,,,,
1067,Jordan,2014,2,0,2,41,,,,
1068,Jordan,2015,3,0,3,44,,,,
1069,Jordan,2016,3,0,3,47,,,,
1070,Kuwait,1980,0,0,0,0,,,,
1071,Kuwait,1981,0,0,0,0,,,,
1072,Kuwait,1982,0,0,0,0,,,,
1073,Kuwait,1983,0,0,0,0,,,,
1074,Kuwait,1984,0,0,0,0,,,,
1075,Kuwait,1985,0,0,0,0,,,,
1076,Kuwait,1986,0,0,0,0,,,,
1077,Kuwait,1987,0,0,0,0,,,,
1078,Kuwait,1988,0,0,0,0,,,,
1079,Kuwait,1989,0,0,0,0,,,,
1080,Kuwait,1990,0,0,0,0,,,,
1081,Kuwait,1991,0,0,0,0,,,,
1082,Kuwait,1992,0,0,0,0,,,,
1083,Kuwait,1993,0,0,0,0,,,,
1084,Kuwait,1994,0,0,0,0,,,,
1085,Kuwait,1995,0,0,0,0,,,,
1086,Kuwait,1996,0,0,0,0,,,,
1087,Kuwait,1997,0,0,0,0,,,,
1088,Kuwait,1998,0,0,0,0,,,,
1089,Kuwait,1999,0,0,0,0,,,,
1090,Kuwait,2000,0,0,0,0,,,,
1091,Kuwait,2001,0,0,0,0,,,,
1092,Kuwait,2002,0,0,0,0,,,,
1093,Kuwait,2003,0,0,0,0,,,,
1094,Kuwait,2004,0,0,0,0,,,,
1095,Kuwait,2005,0,0,0,0,,,,
1096,Kuwait,2006,0,0,0,0,,,,
1097,Kuwait,2007,0,0,0,0,,,,
1098,Kuwait,2008,0,0,0,0,,,,
1099,Kuwait,2009,0,0,0,0,,,,
1100,Kuwait,2010,0,0,0,0,,,,
1101,Kuwait,2011,0,0,0,0,,,,
1102,Kuwait,2012,3,0,3,3,,,,
1103,Kuwait,2013,5,0,5,8,,,,
1104,Kuwait,2014,5,0,5,13,,,,
1105,Kuwait,2015,5,0,5,18,,,,
1106,Kuwait,2016,5,0,5,23,,,,
1107,Latvia,1980,0,0,0,0,,,,
1108,Latvia,1981,0,0,0,0,,,,
1109,Latvia,1982,0,0,0,0,,,,
1110,Latvia,1983,0,0,0,0,,,,
1111,Latvia,1984,0,0,0,0,,,,
1112,Latvia,1985,0,0,0,0,,,,
1113,Latvia,1986,0,0,0,0,,,,
1114,Latvia,1987,0,0,0,0,,,,
1115,Latvia,1988,0,0,0,0,,,,
1116,Latvia,1989,0,0,0,0,,,,
1117,Latvia,1990,0,0,0,0,,,,
1118,Latvia,1991,0,0,0,0,,,,
1119,Latvia,1992,0,0,0,0,,,,
1120,Latvia,1993,0,0,0,0,,,,
1121,Latvia,1994,0,0,0,0,,,,
1122,Latvia,1995,0,0,0,0,,,,
1123,Latvia,1996,1,0,1,1,,,,
1124,Latvia,1997,0,0,0,1,,,,
1125,Latvia,1998,0,0,0,1,,,,
1126,Latvia,1999,0,0,0,1,,,,
1127,Latvia,2000,0,0,0,1,,,,
1128,Latvia,2001,9,0,9,10,,,,
1129,Latvia,2002,24,0,24,34,,,,
1130,Latvia,2003,11,0,11,45,,,,
1131,Latvia,2004,14,0,14,59,,,,
1132,Latvia,2005,0,0,0,59,,,,
1133,Latvia,2006,11,0,11,70,,,,
1134,Latvia,2007,1,0,1,71,,,,
1135,Latvia,2008,4,0,4,75,,,,
1136,Latvia,2009,0,0,0,75,,,,
1137,Latvia,2010,0,0,0,75,,,,
1138,Latvia,2011,0,0,0,75,,,,
1139,Latvia,2012,0,0,0,75,,,,
1140,Latvia,2013,0,0,0,75,,,,
1141,Latvia,2014,0,0,0,75,,,,
1142,Latvia,2015,0,0,0,75,,,,
1143,Latvia,2016,0,0,0,75,,,,
1144,Lithunia,1980,0,0,0,0,,,,
1145,Lithunia,1981,0,0,0,0,,,,
1146,Lithunia,1982,0,0,0,0,,,,
1147,Lithunia,1983,0,0,0,0,,,,
1148,Lithunia,1984,0,0,0,0,,,,
1149,Lithunia,1985,0,0,0,0,,,,
1150,Lithunia,1986,0,0,0,0,,,,
1151,Lithunia,1987,0,0,0,0,,,,
1152,Lithunia,1988,0,0,0,0,,,,
1153,Lithunia,1989,0,0,0,0,,,,
1154,Lithunia,1990,0,0,0,0,,,,
1155,Lithunia,1991,0,0,0,0,,,,
1156,Lithunia,1992,0,0,0,0,,,,
1157,Lithunia,1993,0,0,0,0,,,,
1158,Lithunia,1994,0,0,0,0,,,,
1159,Lithunia,1995,0,0,0,0,,,,
1160,Lithunia,1996,0,0,0,0,,,,
1161,Lithunia,1997,0,0,0,0,,,,
1162,Lithunia,1998,0,0,0,0,,,,
1163,Lithunia,1999,0,0,0,0,,,,
1164,Lithunia,2000,1,0,1,1,,,,
1165,Lithunia,2001,792,0,792,793,,,,
1166,Lithunia,2002,191,0,191,984,,,,
1167,Lithunia,2003,195,0,195,1179,,,,
1168,Lithunia,2004,101,0,101,1280,,,,
1169,Lithunia,2005,137,0,137,1417,,,,
1170,Lithunia,2006,113,0,113,1530,,,,
1171,Lithunia,2007,76,0,76,1606,,,,
1172,Lithunia,2008,138,0,138,1744,,,,
1173,Lithunia,2009,126,0,126,1870,,,,
1174,Lithunia,2010,43,0,43,1913,,,,
1175,Lithunia,2011,28,0,28,1941,,,,
1176,Lithunia,2012,20,0,20,1961,,,,
1177,Lithunia,2013,47,0,47,2008,,,,
1178,Lithunia,2014,0,0,0,2008,,,,
1179,Lithunia,2015,0,0,0,2008,,,,
1180,Lithunia,2016,0,0,0,2008,,,,
1181,Luxembourg,1980,0,0,0,0,,,,
1182,Luxembourg,1981,0,0,0,0,,,,
1183,Luxembourg,1982,0,0,0,0,,,,
1184,Luxembourg,1983,0,0,0,0,,,,
1185,Luxembourg,1984,0,0,0,0,,,,
1186,Luxembourg,1985,0,0,0,0,,,,
1187,Luxembourg,1986,0,0,0,0,,,,
1188,Luxembourg,1987,0,0,0,0,,,,
1189,Luxembourg,1988,0,0,0,0,,,,
1190,Luxembourg,1989,0,0,0,0,,,,
1191,Luxembourg,1990,0,0,0,0,,,,
1192,Luxembourg,1991,0,0,0,0,,,,
1193,Luxembourg,1992,0,0,0,0,,,,
1194,Luxembourg,1993,0,0,0,0,,,,
1195,Luxembourg,1994,0,0,0,0,,,,
1196,Luxembourg,1995,0,0,0,0,,,,
1197,Luxembourg,1996,0,0,0,0,,,,
1198,Luxembourg,1997,0,0,0,0,,,,
1199,Luxembourg,1998,0,0,0,0,,,,
1200,Luxembourg,1999,0,0,0,0,,,,
1201,Luxembourg,2000,0,0,0,0,,,,
1202,Luxembourg,2001,0,0,0,0,,,,
1203,Luxembourg,2002,0,0,0,0,,,,
1204,Luxembourg,2003,0,0,0,0,,,,
1205,Luxembourg,2004,0,0,0,0,,,,
1206,Luxembourg,2005,0,0,0,0,,,,
1207,Luxembourg,2006,0,0,0,0,,,,
1208,Luxembourg,2007,0,0,0,0,,,,
1209,Luxembourg,2008,0,0,0,0,,,,
1210,Luxembourg,2009,0,0,0,0,,,,
1211,Luxembourg,2010,0,0,0,0,,,,
1212,Luxembourg,2011,0,0,0,0,,,,
1213,Luxembourg,2012,0,0,0,0,,,,
1214,Luxembourg,2013,2,0,2,2,,,,
1215,Luxembourg,2014,2,0,2,4,,,,
1216,Luxembourg,2015,2,0,2,6,,,,
1217,Luxembourg,2016,2,0,2,8,,,,
1218,Macedonia,1980,0,0,0,0,,,,
1219,Macedonia,1981,0,0,0,0,,,,
1220,Macedonia,1982,0,0,0,0,,,,
1221,Macedonia,1983,0,0,0,0,,,,
1222,Macedonia,1984,0,0,0,0,,,,
1223,Macedonia,1985,0,0,0,0,,,,
1224,Macedonia,1986,0,0,0,0,,,,
1225,Macedonia,1987,0,0,0,0,,,,
1226,Macedonia,1988,0,0,0,0,,,,
1227,Macedonia,1989,0,0,0,0,,,,
1228,Macedonia,1990,0,0,0,0,,,,
1229,Macedonia,1991,0,0,0,0,,,,
1230,Macedonia,1992,0,0,0,0,,,,
1231,Macedonia,1993,0,0,0,0,,,,
1232,Macedonia,1994,0,0,0,0,,,,
1233,Macedonia,1995,0,0,0,0,,,,
1234,Macedonia,1996,0,0,0,0,,,,
1235,Macedonia,1997,0,0,0,0,,,,
1236,Macedonia,1998,0,0,0,0,,,,
1237,Macedonia,1999,0,0,0,0,,,,
1238,Macedonia,2000,0,0,0,0,,,,
1239,Macedonia,2001,0,0,0,0,,,,
1240,Macedonia,2002,0,0,0,0,,,,
1241,Macedonia,2003,0,0,0,0,,,,
1242,Macedonia,2004,0,0,0,0,,,,
1243,Macedonia,2005,0,0,0,0,,,,
1244,Macedonia,2006,1,0,1,1,,,,
1245,Macedonia,2007,0,0,0,1,,,,
1246,Macedonia,2008,0,0,0,1,,,,
1247,Macedonia,2009,0,0,0,1,,,,
1248,Macedonia,2010,0,0,0,1,,,,
1249,Macedonia,2011,0,0,0,1,,,,
1250,Macedonia,2012,0,0,0,1,,,,
1251,Macedonia,2013,0,0,0,1,,,,
1252,Macedonia,2014,0,0,0,1,,,,
1253,Macedonia,2015,0,0,0,1,,,,
1254,Macedonia,2016,0,0,0,1,,,,
1255,Malaysia,1980,0,0,0,0,,,,
1256,Malaysia,1981,0,0,0,0,,,,
1257,Malaysia,1982,0,0,0,0,,,,
1258,Malaysia,1983,0,0,0,0,,,,
1259,Malaysia,1984,0,0,0,0,,,,
1260,Malaysia,1985,0,0,0,0,,,,
1261,Malaysia,1986,0,0,0,0,,,,
1262,Malaysia,1987,0,0,0,0,,,,
1263,Malaysia,1988,0,0,0,0,,,,
1264,Malaysia,1989,0,0,0,0,,,,
1265,Malaysia,1990,0,0,0,0,,,,
1266,Malaysia,1991,0,0,0,0,,,,
1267,Malaysia,1992,0,0,0,0,,,,
1268,Malaysia,1993,0,0,0,0,,,,
1269,Malaysia,1994,0,0,0,0,,,,
1270,Malaysia,1995,0,0,0,0,,,,
1271,Malaysia,1996,0,0,0,0,,,,
1272,Malaysia,1997,0,0,0,0,,,,
1273,Malaysia,1998,0,0,0,0,,,,
1274,Malaysia,1999,0,0,0,0,,,,
1275,Malaysia,2000,0,0,0,0,,,,
1276,Malaysia,2001,0,0,0,0,,,,
1277,Malaysia,2002,0,0,0,0,,,,
1278,Malaysia,2003,0,0,0,0,,,,
1279,Malaysia,2004,0,0,0,0,,,,
1280,Malaysia,2005,0,0,0,0,,,,
1281,Malaysia,2006,5,0,5,5,,,,
1282,Malaysia,2007,1,0,1,6,,,,
1283,Malaysia,2008,1,0,1,7,,,,
1284,Malaysia,2009,1,0,1,8,,,,
1285,Malaysia,2010,1,0,1,9,,,,
1286,Malaysia,2011,1,0,1,10,,,,
1287,Malaysia,2012,1,0,1,11,,,,
1288,Malaysia,2013,1,0,1,12,,,,
1289,Malaysia,2014,3,0,3,15,,,,
1290,Malaysia,2015,5,0,5,20,,,,
1291,Malaysia,2016,5,0,5,25,,,,
1292,Malta,1980,0,0,0,0,,,,
1293,Malta,1981,0,0,0,0,,,,
1294,Malta,1982,0,0,0,0,,,,
1295,Malta,1983,0,0,0,0,,,,
1296,Malta,1984,0,0,0,0,,,,
1297,Malta,1985,0,0,0,0,,,,
1298,Malta,1986,0,0,0,0,,,,
1299,Malta,1987,0,0,0,0,,,,
1300,Malta,1988,0,0,0,0,,,,
1301,Malta,1989,0,0,0,0,,,,
1302,Malta,1990,0,0,0,0,,,,
1303,Malta,1991,0,0,0,0,,,,
1304,Malta,1992,0,0,0,0,,,,
1305,Malta,1993,0,0,0,0,,,,
1306,Malta,1994,0,0,0,0,,,,
1307,Malta,1995,1,0,1,1,,,,
1308,Malta,1996,1,0,1,2,,,,
1309,Malta,1997,1,0,1,3,,,,
1310,Malta,1998,2,0,2,5,,,,
1311,Malta,1999,0,0,0,5,,,,
1312,Malta,2000,5,0,5,10,,,,
1313,Malta,2001,0,0,0,10,,,,
1314,Malta,2002,0,0,0,10,,,,
1315,Malta,2003,0,0,0,10,,,,
1316,Malta,2004,1,0,1,11,,,,
1317,Malta,2005,0,0,0,11,,,,
1318,Malta,2006,0,0,0,11,,,,
1319,Malta,2007,0,0,0,11,,,,
1320,Malta,2008,0,0,0,11,,,,
1321,Malta,2009,0,0,0,11,,,,
1322,Malta,2010,0,0,0,11,,,,
1323,Malta,2011,0,0,0,11,,,,
1324,Malta,2012,0,0,0,11,,,,
1325,Malta,2013,0,0,0,11,,,,
1326,Malta,2014,1,0,1,12,,,,
1327,Malta,2015,1,0,1,13,,,,
1328,Malta,2016,1,0,1,14,,,,
1329,Mauritania,1980,0,0,0,0,,,,
1330,Mauritania,1981,0,0,0,0,,,,
1331,Mauritania,1982,0,0,0,0,,,,
1332,Mauritania,1983,0,0,0,0,,,,
1333,Mauritania,1984,0,0,0,0,,,,
1334,Mauritania,1985,0,0,0,0,,,,
1335,Mauritania,1986,0,0,0,0,,,,
1336,Mauritania,1987,0,0,0,0,,,,
1337,Mauritania,1988,0,0,0,0,,,,
1338,Mauritania,1989,0,0,0,0,,,,
1339,Mauritania,1990,0,0,0,0,,,,
1340,Mauritania,1991,0,0,0,0,,,,
1341,Mauritania,1992,0,0,0,0,,,,
1342,Mauritania,1993,0,0,0,0,,,,
1343,Mauritania,1994,0,0,0,0,,,,
1344,Mauritania,1995,0,0,0,0,,,,
1345,Mauritania,1996,0,0,0,0,,,,
1346,Mauritania,1997,0,0,0,0,,,,
1347,Mauritania,1998,0,0,0,0,,,,
1348,Mauritania,1999,0,0,0,0,,,,
1349,Mauritania,2000,0,0,0,0,,,,
1350,Mauritania,2001,0,0,0,0,,,,
1351,Mauritania,2002,0,0,0,0,,,,
1352,Mauritania,2003,0,0,0,0,,,,
1353,Mauritania,2004,0,0,0,0,,,,
1354,Mauritania,2005,0,0,0,0,,,,
1355,Mauritania,2006,0,0,0,0,,,,
1356,Mauritania,2007,0,0,0,0,,,,
1357,Mauritania,2008,0,0,0,0,,,,
1358,Mauritania,2009,0,0,0,0,,,,
1359,Mauritania,2010,0,0,0,0,,,,
1360,Mauritania,2011,0,0,0,0,,,,
1361,Mauritania,2012,0,0,0,0,,,,
1362,Mauritania,2013,0,0,0,0,,,,
1363,Mauritania,2014,0,0,0,0,,,,
1364,Mauritania,2015,0,0,0,0,,,,
1365,Mauritania,2016,2,0,2,2,,,,
1366,Mexico,1980,0,0,0,0,,,,
1367,Mexico,1981,0,0,0,0,,,,
1368,Mexico,1982,0,0,0,0,,,,
1369,Mexico,1983,0,0,0,0,,,,
1370,Mexico,1984,0,0,0,0,,,,
1371,Mexico,1985,0,0,0,0,,,,
1372,Mexico,1986,0,0,0,0,,,,
1373,Mexico,1987,0,0,0,0,,,,
1374,Mexico,1988,0,0,0,0,,,,
1375,Mexico,1989,0,0,0,0,,,,
1376,Mexico,1990,0,0,0,0,,,,
1377,Mexico,1991,0,0,0,0,,,,
1378,Mexico,1992,0,0,0,0,,,,
1379,Mexico,1993,0,0,0,0,,,,
1380,Mexico,1994,0,0,0,0,,,,
1381,Mexico,1995,0,0,0,0,,,,
1382,Mexico,1996,0,0,0,0,,,,
1383,Mexico,1997,0,0,0,0,,,,
1384,Mexico,1998,0,0,0,0,,,,
1385,Mexico,1999,2,0,2,2,,,,
1386,Mexico,2000,2,0,2,4,,,,
1387,Mexico,2001,2,0,2,6,,,,
1388,Mexico,2002,2,0,2,8,,,,
1389,Mexico,2003,2,0,2,10,,,,
1390,Mexico,2004,2,0,2,12,,,,
1391,Mexico,2005,2,0,2,14,,,,
1392,Mexico,2006,2,0,2,16,,,,
1393,Mexico,2007,1,0,1,17,,,,
1394,Mexico,2008,1,0,1,18,,,,
1395,Mexico,2009,1,0,1,19,,,,
1396,Mexico,2010,1,0,1,20,,,,
1397,Mexico,2011,1,0,1,21,,,,
1398,Mexico,2012,1,0,1,22,,,,
1399,Mexico,2013,1,0,1,23,,,,
1400,Mexico,2014,1,0,1,24,,,,
1401,Mexico,2015,1,0,1,25,,,,
1402,Mexico,2016,1,0,1,26,,,,
1403,Moldova,1980,0,0,0,0,,,,
1404,Moldova,1981,0,0,0,0,,,,
1405,Moldova,1982,0,0,0,0,,,,
1406,Moldova,1983,0,0,0,0,,,,
1407,Moldova,1984,0,0,0,0,,,,
1408,Moldova,1985,0,0,0,0,,,,
1409,Moldova,1986,0,0,0,0,,,,
1410,Moldova,1987,0,0,0,0,,,,
1411,Moldova,1988,0,0,0,0,,,,
1412,Moldova,1989,0,0,0,0,,,,
1413,Moldova,1990,0,0,0,0,,,,
1414,Moldova,1991,0,0,0,0,,,,
1415,Moldova,1992,0,0,0,0,,,,
1416,Moldova,1993,0,0,0,0,,,,
1417,Moldova,1994,0,0,0,0,,,,
1418,Moldova,1995,0,0,0,0,,,,
1419,Moldova,1996,0,0,0,0,,,,
1420,Moldova,1997,0,0,0,0,,,,
1421,Moldova,1998,0,0,0,0,,,,
1422,Moldova,1999,0,0,0,0,,,,
1423,Moldova,2000,0,0,0,0,,,,
1424,Moldova,2001,0,0,0,0,,,,
1425,Moldova,2002,0,0,0,0,,,,
1426,Moldova,2003,0,0,0,0,,,,
1427,Moldova,2004,0,0,0,0,,,,
1428,Moldova,2005,0,0,0,0,,,,
1429,Moldova,2006,24,0,24,24,,,,
1430,Moldova,2007,0,0,0,24,,,,
1431,Moldova,2008,0,0,0,24,,,,
1432,Moldova,2009,0,0,0,24,,,,
1433,Moldova,2010,0,0,0,24,,,,
1434,Moldova,2011,0,0,0,24,,,,
1435,Moldova,2012,0,0,0,24,,,,
1436,Moldova,2013,0,0,0,24,,,,
1437,Moldova,2014,0,0,0,24,,,,
1438,Moldova,2015,0,0,0,24,,,,
1439,Moldova,2016,0,0,0,24,,,,
1440,Nauru,1980,0,0,0,0,,,,
1441,Nauru,1981,0,0,0,0,,,,
1442,Nauru,1982,0,0,0,0,,,,
1443,Nauru,1983,0,0,0,0,,,,
1444,Nauru,1984,0,0,0,0,,,,
1445,Nauru,1985,0,0,0,0,,,,
1446,Nauru,1986,0,0,0,0,,,,
1447,Nauru,1987,0,0,0,0,,,,
1448,Nauru,1988,0,0,0,0,,,,
1449,Nauru,1989,0,0,0,0,,,,
1450,Nauru,1990,0,0,0,0,,,,
1451,Nauru,1991,0,0,0,0,,,,
1452,Nauru,1992,0,0,0,0,,,,
1453,Nauru,1993,0,0,0,0,,,,
1454,Nauru,1994,0,0,0,0,,,,
1455,Nauru,1995,0,0,0,0,,,,
1456,Nauru,1996,0,0,0,0,,,,
1457,Nauru,1997,0,0,0,0,,,,
1458,Nauru,1998,0,0,0,0,,,,
1459,Nauru,1999,0,0,0,0,,,,
1460,Nauru,2000,0,0,0,0,,,,
1461,Nauru,2001,0,0,0,0,,,,
1462,Nauru,2002,0,0,0,0,,,,
1463,Nauru,2003,0,0,0,0,,,,
1464,Nauru,2004,0,0,0,0,,,,
1465,Nauru,2005,0,0,0,0,,,,
1466,Nauru,2006,0,0,0,0,,,,
1467,Nauru,2007,0,0,0,0,,,,
1468,Nauru,2008,0,0,0,0,,,,
1469,Nauru,2009,0,0,0,0,,,,
1470,Nauru,2010,0,0,0,0,,,,
1471,Nauru,2011,0,0,0,0,,,,
1472,Nauru,2012,0,0,0,0,,,,
1473,Nauru,2013,0,0,0,0,,,,
1474,Nauru,2014,10,0,10,10,,,,
1475,Nauru,2015,10,0,10,20,,,,
1476,Nauru,2016,10,0,10,30,,,,
1477,Netherlands,1980,0,0,0,0,,,,
1478,Netherlands,1981,0,0,0,0,,,,
1479,Netherlands,1982,0,0,0,0,,,,
1480,Netherlands,1983,0,0,0,0,,,,
1481,Netherlands,1984,0,0,0,0,,,,
1482,Netherlands,1985,0,0,0,0,,,,
1483,Netherlands,1986,0,0,0,0,,,,
1484,Netherlands,1987,0,0,0,0,,,,
1485,Netherlands,1988,0,0,0,0,,,,
1486,Netherlands,1989,0,0,0,0,,,,
1487,Netherlands,1990,0,0,0,0,,,,
1488,Netherlands,1991,0,0,0,0,,,,
1489,Netherlands,1992,252,0,252,252,,,,
1490,Netherlands,1993,252,0,252,504,,,,
1491,Netherlands,1994,264,0,264,768,,,,
1492,Netherlands,1995,294,0,294,1062,,,,
1493,Netherlands,1996,343,0,343,1405,,,,
1494,Netherlands,1997,386,0,386,1791,,,,
1495,Netherlands,1998,388,0,388,2179,,,,
1496,Netherlands,1999,360,0,360,2539,,,,
1497,Netherlands,2000,352,0,352,2891,,,,
1498,Netherlands,2001,325,0,325,3216,,,,
1499,Netherlands,2002,206,0,206,3422,,,,
1500,Netherlands,2003,212,0,212,3634,,,,
1501,Netherlands,2004,206,0,206,3840,,,,
1502,Netherlands,2005,176,0,176,4016,,,,
1503,Netherlands,2006,139,0,139,4155,,,,
1504,Netherlands,2007,96,0,96,4251,,,,
1505,Netherlands,2008,79,0,79,4330,,,,
1506,Netherlands,2009,69,0,69,4399,,,,
1507,Netherlands,2010,61,0,61,4460,,,,
1508,Netherlands,2011,52,0,52,4512,,,,
1509,Netherlands,2012,67,0,67,4579,,,,
1510,Netherlands,2013,53,0,53,4632,,,,
1511,Netherlands,2014,37,0,37,4669,,,,
1512,Netherlands,2015,37,0,37,4706,,,,
1513,Netherlands,2016,32,0,32,4738,,,,
1514,New Zealand,1980,1,0,1,1,,,,
1515,New Zealand,1981,4,0,4,5,,,,
1516,New Zealand,1982,0,0,0,5,,,,
1517,New Zealand,1983,2,0,2,7,,,,
1518,New Zealand,1984,0,0,0,7,,,,
1519,New Zealand,1985,0,0,0,7,,,,
1520,New Zealand,1986,0,0,0,7,,,,
1521,New Zealand,1987,0,0,0,7,,,,
1522,New Zealand,1988,2,0,2,9,,,,
1523,New Zealand,1989,6,0,6,15,,,,
1524,New Zealand,1990,0,0,0,15,,,,
1525,New Zealand,1991,2,0,2,17,,,,
1526,New Zealand,1992,1,0,1,18,,,,
1527,New Zealand,1993,7,0,7,25,,,,
1528,New Zealand,1994,12,0,12,37,,,,
1529,New Zealand,1995,3,0,3,40,,,,
1530,New Zealand,1996,7,0,7,47,,,,
1531,New Zealand,1997,1,0,1,48,,,,
1532,New Zealand,1998,4,0,4,52,,,,
1533,New Zealand,1999,13,0,13,65,,,,
1534,New Zealand,2000,6,0,6,71,,,,
1535,New Zealand,2001,10,0,10,81,,,,
1536,New Zealand,2002,4,0,4,85,,,,
1537,New Zealand,2003,10,0,10,95,,,,
1538,New Zealand,2004,10,0,10,105,,,,
1539,New Zealand,2005,10,0,10,115,,,,
1540,New Zealand,2006,8,0,8,123,,,,
1541,New Zealand,2007,10,0,10,133,,,,
1542,New Zealand,2008,11,0,11,144,,,,
1543,New Zealand,2009,18,0,18,162,,,,
1544,New Zealand,2010,12,0,12,174,,,,
1545,New Zealand,2011,10,0,10,184,,,,
1546,New Zealand,2012,10,0,10,194,,,,
1547,New Zealand,2013,6,0,6,200,,,,
1548,New Zealand,2014,5,0,5,205,,,,
1549,New Zealand,2015,2,0,2,207,,,,
1550,New Zealand,2016,2,0,2,209,,,,
1551,Norway,1980,2,0,2,2,,,,
1552,Norway,1981,5,0,5,7,,,,
1553,Norway,1982,0,0,0,7,,,,
1554,Norway,1983,3,0,3,10,,,,
1555,Norway,1984,4,0,4,14,,,,
1556,Norway,1985,4,0,4,18,,,,
1557,Norway,1986,1,0,1,19,,,,
1558,Norway,1987,5,0,5,24,,,,
1559,Norway,1988,4,0,4,28,,,,
1560,Norway,1989,14,0,14,42,,,,
1561,Norway,1990,23,0,23,65,,,,
1562,Norway,1991,39,0,39,104,,,,
1563,Norway,1992,77,0,77,181,,,,
1564,Norway,1993,66,0,66,247,,,,
1565,Norway,1994,82,0,82,329,,,,
1566,Norway,1995,19,0,19,348,,,,
1567,Norway,1996,13,0,13,361,,,,
1568,Norway,1997,206,0,206,567,,,,
1569,Norway,1998,210,0,210,777,,,,
1570,Norway,1999,234,0,234,1011,,,,
1571,Norway,2000,173,0,173,1184,,,,
1572,Norway,2001,52,0,52,1236,,,,
1573,Norway,2002,60,0,60,1296,,,,
1574,Norway,2003,33,0,33,1329,,,,
1575,Norway,2004,31,0,31,1360,,,,
1576,Norway,2005,39,0,39,1399,,,,
1577,Norway,2006,37,0,37,1436,,,,
1578,Norway,2007,38,0,38,1474,,,,
1579,Norway,2008,45,0,45,1519,,,,
1580,Norway,2009,48,0,48,1567,,,,
1581,Norway,2010,45,0,45,1612,,,,
1582,Norway,2011,43,0,43,1655,,,,
1583,Norway,2012,37,0,37,1692,,,,
1584,Norway,2013,44,0,44,1736,,,,
1585,Norway,2014,38,0,38,1774,,,,
1586,Norway,2015,30,0,30,1804,,,,
1587,Norway,2016,40,0,40,1844,,,,
1588,Nigeria,1980,0,0,0,0,,,,
1589,Nigeria,1981,0,0,0,0,,,,
1590,Nigeria,1982,0,0,0,0,,,,
1591,Nigeria,1983,0,0,0,0,,,,
1592,Nigeria,1984,0,0,0,0,,,,
1593,Nigeria,1985,0,0,0,0,,,,
1594,Nigeria,1986,0,0,0,0,,,,
1595,Nigeria,1987,0,0,0,0,,,,
1596,Nigeria,1988,0,0,0,0,,,,
1597,Nigeria,1989,0,0,0,0,,,,
1598,Nigeria,1990,0,0,0,0,,,,
1599,Nigeria,1991,0,0,0,0,,,,
1600,Nigeria,1992,0,0,0,0,,,,
1601,Nigeria,1993,1,0,1,1,,,,
1602,Nigeria,1994,1,0,1,2,,,,
1603,Nigeria,1995,0,0,0,2,,,,
1604,Nigeria,1996,0,0,0,2,,,,
1605,Nigeria,1997,0,0,0,2,,,,
1606,Nigeria,1998,0,0,0,2,,,,
1607,Nigeria,1999,0,0,0,2,,,,
1608,Nigeria,2000,0,0,0,2,,,,
1609,Nigeria,2001,0,0,0,2,,,,
1610,Nigeria,2002,0,0,0,2,,,,
1611,Nigeria,2003,0,0,0,2,,,,
1612,Nigeria,2004,0,0,0,2,,,,
1613,Nigeria,2005,0,0,0,2,,,,
1614,Nigeria,2006,0,0,0,2,,,,
1615,Nigeria,2007,0,0,0,2,,,,
1616,Nigeria,2008,0,0,0,2,,,,
1617,Nigeria,2009,0,0,0,2,,,,
1618,Nigeria,2010,0,0,0,2,,,,
1619,Nigeria,2011,0,0,0,2,,,,
1620,Nigeria,2012,0,0,0,2,,,,
1621,Nigeria,2013,0,0,0,2,,,,
1622,Nigeria,2014,0,0,0,2,,,,
1623,Nigeria,2015,0,0,0,2,,,,
1624,Nigeria,2016,1,0,1,3,,,,
1625,Portugal,1980,0,0,0,0,,,,
1626,Portugal,1981,0,0,0,0,,,,
1627,Portugal,1982,0,0,0,0,,,,
1628,Portugal,1983,0,0,0,0,,,,
1629,Portugal,1984,0,0,0,0,,,,
1630,Portugal,1985,0,0,0,0,,,,
1631,Portugal,1986,0,0,0,0,,,,
1632,Portugal,1987,0,0,0,0,,,,
1633,Portugal,1988,0,0,0,0,,,,
1634,Portugal,1989,0,0,0,0,,,,
1635,Portugal,1990,0,0,0,0,,,,
1636,Portugal,1991,0,0,0,0,,,,
1637,Portugal,1992,7,0,7,7,,,,
1638,Portugal,1993,1,0,1,8,,,,
1639,Portugal,1994,2,0,2,10,,,,
1640,Portugal,1995,1,0,1,11,,,,
1641,Portugal,1996,3,0,3,14,,,,
1642,Portugal,1997,2,0,2,16,,,,
1643,Portugal,1998,0,0,0,16,,,,
1644,Portugal,1999,0,0,0,16,,,,
1645,Portugal,2000,0,0,0,16,,,,
1646,Portugal,2001,0,0,0,16,,,,
1647,Portugal,2002,0,0,0,16,,,,
1648,Portugal,2003,0,0,0,16,,,,
1649,Portugal,2004,0,0,0,16,,,,
1650,Portugal,2005,0,0,0,16,,,,
1651,Portugal,2006,0,0,0,16,,,,
1652,Portugal,2007,0,0,0,16,,,,
1653,Portugal,2008,0,0,0,16,,,,
1654,Portugal,2009,0,0,0,16,,,,
1655,Portugal,2010,0,0,0,16,,,,
1656,Portugal,2011,0,0,0,16,,,,
1657,Portugal,2012,0,0,0,16,,,,
1658,Portugal,2013,0,0,0,16,,,,
1659,Portugal,2014,0,0,0,16,,,,
1660,Portugal,2015,0,0,0,16,,,,
1661,Portugal,2016,0,0,0,16,,,,
1662,Peru,1980,0,0,0,0,,,,
1663,Peru,1981,0,0,0,0,,,,
1664,Peru,1982,0,0,0,0,,,,
1665,Peru,1983,0,0,0,0,,,,
1666,Peru,1984,0,0,0,0,,,,
1667,Peru,1985,0,0,0,0,,,,
1668,Peru,1986,0,0,0,0,,,,
1669,Peru,1987,0,0,0,0,,,,
1670,Peru,1988,0,0,0,0,,,,
1671,Peru,1989,0,0,0,0,,,,
1672,Peru,1990,0,0,0,0,,,,
1673,Peru,1991,0,0,0,0,,,,
1674,Peru,1992,0,0,0,0,,,,
1675,Peru,1993,0,0,0,0,,,,
1676,Peru,1994,0,0,0,0,,,,
1677,Peru,1995,0,0,0,0,,,,
1678,Peru,1996,0,0,0,0,,,,
1679,Peru,1997,0,0,0,0,,,,
1680,Peru,1998,0,0,0,0,,,,
1681,Peru,1999,0,0,0,0,,,,
1682,Peru,2000,0,0,0,0,,,,
1683,Peru,2001,0,0,0,0,,,,
1684,Peru,2002,0,0,0,0,,,,
1685,Peru,2003,0,0,0,0,,,,
1686,Peru,2004,0,0,0,0,,,,
1687,Peru,2005,0,0,0,0,,,,
1688,Peru,2006,0,0,0,0,,,,
1689,Peru,2007,0,0,0,0,,,,
1690,Peru,2008,0,0,0,0,,,,
1691,Peru,2009,0,0,0,0,,,,
1692,Peru,2010,0,0,0,0,,,,
1693,Peru,2011,0,0,0,0,,,,
1694,Peru,2012,1,0,1,1,,,,
1695,Peru,2013,1,0,1,2,,,,
1696,Peru,2014,1,0,1,3,,,,
1697,Peru,2015,1,0,1,4,,,,
1698,Peru,2016,1,0,1,5,,,,
1699,Philippines,1980,0,0,0,0,,,,
1700,Philippines,1981,0,0,0,0,,,,
1701,Philippines,1982,0,0,0,0,,,,
1702,Philippines,1983,0,0,0,0,,,,
1703,Philippines,1984,0,0,0,0,,,,
1704,Philippines,1985,0,0,0,0,,,,
1705,Philippines,1986,0,0,0,0,,,,
1706,Philippines,1987,0,0,0,0,,,,
1707,Philippines,1988,0,0,0,0,,,,
1708,Philippines,1989,0,0,0,0,,,,
1709,Philippines,1990,0,0,0,0,,,,
1710,Philippines,1991,0,0,0,0,,,,
1711,Philippines,1992,0,0,0,0,,,,
1712,Philippines,1993,0,0,0,0,,,,
1713,Philippines,1994,0,0,0,0,,,,
1714,Philippines,1995,0,0,0,0,,,,
1715,Philippines,1996,0,0,0,0,,,,
1716,Philippines,1997,1,0,1,1,,,,
1717,Philippines,1998,0,0,0,1,,,,
1718,Philippines,1999,0,0,0,1,,,,
1719,Philippines,2000,0,0,0,1,,,,
1720,Philippines,2001,0,0,0,1,,,,
1721,Philippines,2002,0,0,0,1,,,,
1722,Philippines,2003,0,0,0,1,,,,
1723,Philippines,2004,0,0,0,1,,,,
1724,Philippines,2005,0,0,0,1,,,,
1725,Philippines,2006,0,0,0,1,,,,
1726,Philippines,2007,0,0,0,1,,,,
1727,Philippines,2008,0,0,0,1,,,,
1728,Philippines,2009,1,0,1,2,,,,
1729,Philippines,2010,2,0,2,4,,,,
1730,Philippines,2011,2,0,2,6,,,,
1731,Philippines,2012,2,0,2,8,,,,
1732,Philippines,2013,2,0,2,10,,,,
1733,Philippines,2014,1,0,1,11,,,,
1734,Philippines,2015,1,0,1,12,,,,
1735,Philippines,2016,1,0,1,13,,,,
1736,Poland,1980,0,0,0,0,,,,
1737,Poland,1981,0,0,0,0,,,,
1738,Poland,1982,0,0,0,0,,,,
1739,Poland,1983,0,0,0,0,,,,
1740,Poland,1984,0,0,0,0,,,,
1741,Poland,1985,0,0,0,0,,,,
1742,Poland,1986,0,0,0,0,,,,
1743,Poland,1987,0,0,0,0,,,,
1744,Poland,1988,0,0,0,0,,,,
1745,Poland,1989,0,0,0,0,,,,
1746,Poland,1990,0,0,0,0,,,,
1747,Poland,1991,0,0,0,0,,,,
1748,Poland,1992,0,0,0,0,,,,
1749,Poland,1993,0,0,0,0,,,,
1750,Poland,1994,0,0,0,0,,,,
1751,Poland,1995,0,0,0,0,,,,
1752,Poland,1996,0,0,0,0,,,,
1753,Poland,1997,14,0,14,14,,,,
1754,Poland,1998,14,0,14,28,,,,
1755,Poland,1999,16,0,16,44,,,,
1756,Poland,2000,16,0,16,60,,,,
1757,Poland,2001,17,0,17,77,,,,
1758,Poland,2002,17,0,17,94,,,,
1759,Poland,2003,18,0,18,112,,,,
1760,Poland,2004,5,0,5,117,,,,
1761,Poland,2005,4,0,4,121,,,,
1762,Poland,2006,5,0,5,126,,,,
1763,Poland,2007,4,0,4,130,,,,
1764,Poland,2008,16,0,16,146,,,,
1765,Poland,2009,2,0,2,148,,,,
1766,Poland,2010,4,0,4,152,,,,
1767,Poland,2011,4,0,4,156,,,,
1768,Poland,2012,4,0,4,160,,,,
1769,Poland,2013,3,0,3,163,,,,
1770,Poland,2014,2,0,2,165,,,,
1771,Poland,2015,2,0,2,167,,,,
1772,Poland,2016,2,0,2,169,,,,
1773,Qatar,1980,0,0,0,0,,,,
1774,Qatar,1981,0,0,0,0,,,,
1775,Qatar,1982,0,0,0,0,,,,
1776,Qatar,1983,0,0,0,0,,,,
1777,Qatar,1984,0,0,0,0,,,,
1778,Qatar,1985,0,0,0,0,,,,
1779,Qatar,1986,0,0,0,0,,,,
1780,Qatar,1987,0,0,0,0,,,,
1781,Qatar,1988,0,0,0,0,,,,
1782,Qatar,1989,0,0,0,0,,,,
1783,Qatar,1990,0,0,0,0,,,,
1784,Qatar,1991,0,0,0,0,,,,
1785,Qatar,1992,0,0,0,0,,,,
1786,Qatar,1993,0,0,0,0,,,,
1787,Qatar,1994,0,0,0,0,,,,
1788,Qatar,1995,0,0,0,0,,,,
1789,Qatar,1996,0,0,0,0,,,,
1790,Qatar,1997,0,0,0,0,,,,
1791,Qatar,1998,0,0,0,0,,,,
1792,Qatar,1999,0,0,0,0,,,,
1793,Qatar,2000,0,0,0,0,,,,
1794,Qatar,2001,0,0,0,0,,,,
1795,Qatar,2002,0,0,0,0,,,,
1796,Qatar,2003,0,0,0,0,,,,
1797,Qatar,2004,0,0,0,0,,,,
1798,Qatar,2005,0,0,0,0,,,,
1799,Qatar,2006,0,0,0,0,,,,
1800,Qatar,2007,0,0,0,0,,,,
1801,Qatar,2008,0,0,0,0,,,,
1802,Qatar,2009,0,0,0,0,,,,
1803,Qatar,2010,0,0,0,0,,,,
1804,Qatar,2011,0,0,0,0,,,,
1805,Qatar,2012,0,0,0,0,,,,
1806,Qatar,2013,0,0,0,0,,,,
1807,Qatar,2014,0,0,0,0,,,,
1808,Qatar,2015,1,0,1,1,,,,
1809,Qatar,2016,0,0,0,1,,,,
1810,Romania,1980,0,0,0,0,,,,
1811,Romania,1981,0,0,0,0,,,,
1812,Romania,1982,0,0,0,0,,,,
1813,Romania,1983,0,0,0,0,,,,
1814,Romania,1984,0,0,0,0,,,,
1815,Romania,1985,0,0,0,0,,,,
1816,Romania,1986,0,0,0,0,,,,
1817,Romania,1987,0,0,0,0,,,,
1818,Romania,1988,0,0,0,0,,,,
1819,Romania,1989,0,0,0,0,,,,
1820,Romania,1990,0,0,0,0,,,,
1821,Romania,1991,0,0,0,0,,,,
1822,Romania,1992,0,0,0,0,,,,
1823,Romania,1993,0,0,0,0,,,,
1824,Romania,1994,0,0,0,0,,,,
1825,Romania,1995,0,0,0,0,,,,
1826,Romania,1996,0,0,0,0,,,,
1827,Romania,1997,0,0,0,0,,,,
1828,Romania,1998,0,0,0,0,,,,
1829,Romania,1999,0,0,0,0,,,,
1830,Romania,2000,1,0,1,1,,,,
1831,Romania,2001,14,0,14,15,,,,
1832,Romania,2002,10,0,10,25,,,,
1833,Romania,2003,15,0,15,40,,,,
1834,Romania,2004,15,0,15,55,,,,
1835,Romania,2005,17,0,17,72,,,,
1836,Romania,2006,8,0,8,80,,,,
1837,Romania,2007,8,0,8,88,,,,
1838,Romania,2008,21,0,21,109,,,,
1839,Romania,2009,8,0,8,117,,,,
1840,Romania,2010,7,0,7,124,,,,
1841,Romania,2011,7,0,7,131,,,,
1842,Romania,2012,9,0,9,140,,,,
1843,Romania,2013,5,0,5,145,,,,
1844,Romania,2014,3,0,3,148,,,,
1845,Romania,2015,4,0,4,152,,,,
1846,Romania,2016,5,0,5,157,,,,
1847,Russia,1980,0,0,0,0,,,,
1848,Russia,1981,0,0,0,0,,,,
1849,Russia,1982,0,0,0,0,,,,
1850,Russia,1983,0,0,0,0,,,,
1851,Russia,1984,0,0,0,0,,,,
1852,Russia,1985,0,0,0,0,,,,
1853,Russia,1986,0,0,0,0,,,,
1854,Russia,1987,0,0,0,0,,,,
1855,Russia,1988,0,0,0,0,,,,
1856,Russia,1989,0,0,0,0,,,,
1857,Russia,1990,0,0,0,0,,,,
1858,Russia,1991,0,0,0,0,,,,
1859,Russia,1992,0,0,0,0,,,,
1860,Russia,1993,0,0,0,0,,,,
1861,Russia,1994,0,0,0,0,,,,
1862,Russia,1995,0,0,0,0,,,,
1863,Russia,1996,0,0,0,0,,,,
1864,Russia,1997,0,0,0,0,,,,
1865,Russia,1998,0,0,0,0,,,,
1866,Russia,1999,0,0,0,0,,,,
1867,Russia,2000,0,0,0,0,,,,
1868,Russia,2001,0,0,0,0,,,,
1869,Russia,2002,0,0,0,0,,,,
1870,Russia,2003,0,0,0,0,,,,
1871,Russia,2004,0,0,0,0,,,,
1872,Russia,2005,33,0,33,33,,,,
1873,Russia,2006,39,0,39,72,,,,
1874,Russia,2007,14,0,14,86,,,,
1875,Russia,2008,9,0,9,95,,,,
1876,Russia,2009,6,0,6,101,,,,
1877,Russia,2010,3,0,3,104,,,,
1878,Russia,2011,3,0,3,107,,,,
1879,Russia,2012,7,0,7,114,,,,
1880,Russia,2013,7,0,7,121,,,,
1881,Russia,2014,8,0,8,129,,,,
1882,Russia,2015,8,0,8,137,,,,
1883,Russia,2016,7,0,7,144,,,,
1884,Serbia,1980,0,0,0,0,,,,
1885,Serbia,1981,0,0,0,0,,,,
1886,Serbia,1982,0,0,0,0,,,,
1887,Serbia,1983,0,0,0,0,,,,
1888,Serbia,1984,0,0,0,0,,,,
1889,Serbia,1985,0,0,0,0,,,,
1890,Serbia,1986,0,0,0,0,,,,
1891,Serbia,1987,0,0,0,0,,,,
1892,Serbia,1988,0,0,0,0,,,,
1893,Serbia,1989,0,0,0,0,,,,
1894,Serbia,1990,0,0,0,0,,,,
1895,Serbia,1991,0,0,0,0,,,,
1896,Serbia,1992,0,0,0,0,,,,
1897,Serbia,1993,0,0,0,0,,,,
1898,Serbia,1994,0,0,0,0,,,,
1899,Serbia,1995,0,0,0,0,,,,
1900,Serbia,1996,0,0,0,0,,,,
1901,Serbia,1997,0,0,0,0,,,,
1902,Serbia,1998,0,0,0,0,,,,
1903,Serbia,1999,0,0,0,0,,,,
1904,Serbia,2000,0,0,0,0,,,,
1905,Serbia,2001,0,0,0,0,,,,
1906,Serbia,2002,0,0,0,0,,,,
1907,Serbia,2003,0,0,0,0,,,,
1908,Serbia,2004,0,0,0,0,,,,
1909,Serbia,2005,0,0,0,0,,,,
1910,Serbia,2006,0,0,0,0,,,,
1911,Serbia,2007,0,0,0,0,,,,
1912,Serbia,2008,0,0,0,0,,,,
1913,Serbia,2009,0,0,0,0,,,,
1914,Serbia,2010,0,0,0,0,,,,
1915,Serbia,2011,0,0,0,0,,,,
1916,Serbia,2012,0,0,0,0,,,,
1917,Serbia,2013,0,0,0,0,,,,
1918,Serbia,2014,0,0,0,0,,,,
1919,Serbia,2015,2,0,2,2,,,,
1920,Serbia,2016,2,0,2,4,,,,
1921,Slovakia,1980,0,0,0,0,,,,
1922,Slovakia,1981,0,0,0,0,,,,
1923,Slovakia,1982,0,0,0,0,,,,
1924,Slovakia,1983,0,0,0,0,,,,
1925,Slovakia,1984,0,0,0,0,,,,
1926,Slovakia,1985,0,0,0,0,,,,
1927,Slovakia,1986,0,0,0,0,,,,
1928,Slovakia,1987,0,0,0,0,,,,
1929,Slovakia,1988,0,0,0,0,,,,
1930,Slovakia,1989,0,0,0,0,,,,
1931,Slovakia,1990,0,0,0,0,,,,
1932,Slovakia,1991,0,0,0,0,,,,
1933,Slovakia,1992,0,0,0,0,,,,
1934,Slovakia,1993,0,0,0,0,,,,
1935,Slovakia,1994,0,0,0,0,,,,
1936,Slovakia,1995,0,0,0,0,,,,
1937,Slovakia,1996,0,0,0,0,,,,
1938,Slovakia,1997,0,0,0,0,,,,
1939,Slovakia,1998,0,0,0,0,,,,
1940,Slovakia,1999,0,0,0,0,,,,
1941,Slovakia,2000,0,0,0,0,,,,
1942,Slovakia,2001,0,0,0,0,,,,
1943,Slovakia,2002,2,0,2,2,,,,
1944,Slovakia,2003,11,0,11,13,,,,
1945,Slovakia,2004,12,0,12,25,,,,
1946,Slovakia,2005,17,0,17,42,,,,
1947,Slovakia,2006,21,0,21,63,,,,
1948,Slovakia,2007,14,0,14,77,,,,
1949,Slovakia,2008,23,0,23,100,,,,
1950,Slovakia,2009,23,0,23,123,,,,
1951,Slovakia,2010,22,0,22,145,,,,
1952,Slovakia,2011,0,0,0,145,,,,
1953,Slovakia,2012,1,0,1,146,,,,
1954,Slovakia,2013,6,0,6,152,,,,
1955,Slovakia,2014,0,0,0,152,,,,
1956,Slovakia,2015,0,0,0,152,,,,
1957,Slovakia,2016,0,0,0,152,,,,
1958,Slovenia,1980,0,0,0,0,,,,
1959,Slovenia,1981,0,0,0,0,,,,
1960,Slovenia,1982,0,0,0,0,,,,
1961,Slovenia,1983,0,0,0,0,,,,
1962,Slovenia,1984,0,0,0,0,,,,
1963,Slovenia,1985,0,0,0,0,,,,
1964,Slovenia,1986,0,0,0,0,,,,
1965,Slovenia,1987,0,0,0,0,,,,
1966,Slovenia,1988,0,0,0,0,,,,
1967,Slovenia,1989,0,0,0,0,,,,
1968,Slovenia,1990,0,0,0,0,,,,
1969,Slovenia,1991,0,0,0,0,,,,
1970,Slovenia,1992,0,0,0,0,,,,
1971,Slovenia,1993,0,0,0,0,,,,
1972,Slovenia,1994,0,0,0,0,,,,
1973,Slovenia,1995,1,0,1,1,,,,
1974,Slovenia,1996,0,0,0,1,,,,
1975,Slovenia,1997,0,0,0,1,,,,
1976,Slovenia,1998,0,0,0,1,,,,
1977,Slovenia,1999,0,0,0,1,,,,
1978,Slovenia,2000,3,0,3,4,,,,
1979,Slovenia,2001,0,0,0,4,,,,
1980,Slovenia,2002,0,0,0,4,,,,
1981,Slovenia,2003,0,0,0,4,,,,
1982,Slovenia,2004,1,0,1,5,,,,
1983,Slovenia,2005,3,0,3,8,,,,
1984,Slovenia,2006,0,0,0,8,,,,
1985,Slovenia,2007,0,0,0,8,,,,
1986,Slovenia,2008,2,0,2,10,,,,
1987,Slovenia,2009,0,0,0,10,,,,
1988,Slovenia,2010,1,0,1,11,,,,
1989,Slovenia,2011,2,0,2,13,,,,
1990,Slovenia,2012,2,0,2,15,,,,
1991,Slovenia,2013,2,0,2,17,,,,
1992,Slovenia,2014,0,0,0,17,,,,
1993,Slovenia,2015,0,0,0,17,,,,
1994,Slovenia,2016,0,0,0,17,,,,
1995,South Africa,1980,0,0,0,0,,,,
1996,South Africa,1981,0,0,0,0,,,,
1997,South Africa,1982,0,0,0,0,,,,
1998,South Africa,1983,0,0,0,0,,,,
1999,South Africa,1984,0,0,0,0,,,,
2000,South Africa,1985,0,0,0,0,,,,
2001,South Africa,1986,0,0,0,0,,,,
2002,South Africa,1987,0,0,0,0,,,,
2003,South Africa,1988,0,0,0,0,,,,
2004,South Africa,1989,0,0,0,0,,,,
2005,South Africa,1990,0,0,0,0,,,,
2006,South Africa,1991,0,0,0,0,,,,
2007,South Africa,1992,0,0,0,0,,,,
2008,South Africa,1993,0,0,0,0,,,,
2009,South Africa,1994,0,0,0,0,,,,
2010,South Africa,1995,0,0,0,0,,,,
2011,South Africa,1996,0,0,0,0,,,,
2012,South Africa,1997,0,0,0,0,,,,
2013,South Africa,1998,0,0,0,0,,,,
2014,South Africa,1999,0,0,0,0,,,,
2015,South Africa,2000,0,0,0,0,,,,
2016,South Africa,2001,0,0,0,0,,,,
2017,South Africa,2002,0,0,0,0,,,,
2018,South Africa,2003,0,0,0,0,,,,
2019,South Africa,2004,0,0,0,0,,,,
2020,South Africa,2005,0,0,0,0,,,,
2021,South Africa,2006,0,0,0,0,,,,
2022,South Africa,2007,0,0,0,0,,,,
2023,South Africa,2008,0,0,0,0,,,,
2024,South Africa,2009,0,0,0,0,,,,
2025,South Africa,2010,0,0,0,0,,,,
2026,South Africa,2011,0,0,0,0,,,,
2027,South Africa,2012,0,0,0,0,,,,
2028,South Africa,2013,0,0,0,0,,,,
2029,South Africa,2014,3,0,3,3,,,,
2030,South Africa,2015,3,0,3,6,,,,
2031,South Africa,2016,2,0,2,8,,,,
2032,Spain,1980,0,0,0,0,,,,
2033,Spain,1981,0,0,0,0,,,,
2034,Spain,1982,0,0,0,0,,,,
2035,Spain,1983,0,0,0,0,,,,
2036,Spain,1984,0,0,0,0,,,,
2037,Spain,1985,0,0,0,0,,,,
2038,Spain,1986,0,0,0,0,,,,
2039,Spain,1987,0,0,0,0,,,,
2040,Spain,1988,0,0,0,0,,,,
2041,Spain,1989,0,0,0,0,,,,
2042,Spain,1990,0,0,0,0,,,,
2043,Spain,1991,0,0,0,0,,,,
2044,Spain,1992,0,0,0,0,,,,
2045,Spain,1993,1,0,1,1,,,,
2046,Spain,1994,1,0,1,2,,,,
2047,Spain,1995,1,0,1,3,,,,
2048,Spain,1996,1,0,1,4,,,,
2049,Spain,1997,2,0,2,6,,,,
2050,Spain,1998,2,0,2,8,,,,
2051,Spain,1999,2,0,2,10,,,,
2052,Spain,2000,2,0,2,12,,,,
2053,Spain,2001,2,0,2,14,,,,
2054,Spain,2002,27,0,27,41,,,,
2055,Spain,2003,18,0,18,59,,,,
2056,Spain,2004,5,0,5,64,,,,
2057,Spain,2005,28,0,28,92,,,,
2058,Spain,2006,35,0,35,127,,,,
2059,Spain,2007,33,0,33,160,,,,
2060,Spain,2008,80,0,80,240,,,,
2061,Spain,2009,120,0,120,360,,,,
2062,Spain,2010,51,0,51,411,,,,
2063,Spain,2011,78,0,78,489,,,,
2064,Spain,2012,97,0,97,586,,,,
2065,Spain,2013,40,0,40,626,,,,
2066,Spain,2014,2,0,2,628,,,,
2067,Spain,2015,2,0,2,630,,,,
2068,Spain,2016,10,0,10,640,,,,
2069,Sweden,1980,28,0,28,28,,,,
2070,Sweden,1981,30,0,30,58,,,,
2071,Sweden,1982,25,0,25,83,,,,
2072,Sweden,1983,28,0,28,111,,,,
2073,Sweden,1984,25,0,25,136,,,,
2074,Sweden,1985,42,0,42,178,,,,
2075,Sweden,1986,26,0,26,204,,,,
2076,Sweden,1987,31,0,31,235,,,,
2077,Sweden,1988,9,0,9,244,,,,
2078,Sweden,1989,5,0,5,249,,,,
2079,Sweden,1990,4616,0,4616,4865,,,,
2080,Sweden,1991,5807,0,5807,10672,,,,
2081,Sweden,1992,6575,0,6575,17247,,,,
2082,Sweden,1993,6624,0,6624,23871,,,,
2083,Sweden,1994,6284,0,6284,30155,,,,
2084,Sweden,1995,6125,0,6125,36280,,,,
2085,Sweden,1996,5648,0,5648,41928,,,,
2086,Sweden,1997,5483,0,5483,47411,,,,
2087,Sweden,1998,5069,0,5069,52480,,,,
2088,Sweden,1999,3192,0,3192,55672,,,,
2089,Sweden,2000,2328,0,2328,58000,,,,
2090,Sweden,2001,1201,0,1201,59201,,,,
2091,Sweden,2002,481,0,481,59682,,,,
2092,Sweden,2003,462,0,462,60144,,,,
2093,Sweden,2004,406,0,406,60550,,,,
2094,Sweden,2005,451,0,451,61001,,,,
2095,Sweden,2006,440,0,440,61441,,,,
2096,Sweden,2007,435,0,435,61876,,,,
2097,Sweden,2008,424,0,424,62300,,,,
2098,Sweden,2009,445,0,445,62745,,,,
2099,Sweden,2010,454,0,454,63199,,,,
2100,Sweden,2011,415,0,415,63614,,,,
2101,Sweden,2012,380,0,380,63994,,,,
2102,Sweden,2013,453,0,453,64447,,,,
2103,Sweden,2014,511,0,511,64958,,,,
2104,Sweden,2015,532,0,532,65490,,,,
2105,Sweden,2016,638,0,638,66128,,,,
2106,Switzerland,1980,0,0,0,0,,,,
2107,Switzerland,1981,0,0,0,0,,,,
2108,Switzerland,1982,0,0,0,0,,,,
2109,Switzerland,1983,0,0,0,0,,,,
2110,Switzerland,1984,0,0,0,0,,,,
2111,Switzerland,1985,0,0,0,0,,,,
2112,Switzerland,1986,0,0,0,0,,,,
2113,Switzerland,1987,0,0,0,0,,,,
2114,Switzerland,1988,0,0,0,0,,,,
2115,Switzerland,1989,0,0,0,0,,,,
2116,Switzerland,1990,0,0,0,0,,,,
2117,Switzerland,1991,0,0,0,0,,,,
2118,Switzerland,1992,0,0,0,0,,,,
2119,Switzerland,1993,0,0,0,0,,,,
2120,Switzerland,1994,0,0,0,0,,,,
2121,Switzerland,1995,0,0,0,0,,,,
2122,Switzerland,1996,0,0,0,0,,,,
2123,Switzerland,1997,54,0,54,54,,,,
2124,Switzerland,1998,20,0,20,74,,,,
2125,Switzerland,1999,63,0,63,137,,,,
2126,Switzerland,2000,60,0,60,197,,,,
2127,Switzerland,2001,64,0,64,261,,,,
2128,Switzerland,2002,63,0,63,324,,,,
2129,Switzerland,2003,55,0,55,379,,,,
2130,Switzerland,2004,38,0,38,417,,,,
2131,Switzerland,2005,34,0,34,451,,,,
2132,Switzerland,2006,32,0,32,483,,,,
2133,Switzerland,2007,33,0,33,516,,,,
2134,Switzerland,2008,47,0,47,563,,,,
2135,Switzerland,2009,57,0,57,620,,,,
2136,Switzerland,2010,50,0,50,670,,,,
2137,Switzerland,2011,44,0,44,714,,,,
2138,Switzerland,2012,172,0,172,886,,,,
2139,Switzerland,2013,226,0,226,1112,,,,
2140,Switzerland,2014,41,0,41,1153,,,,
2141,Switzerland,2015,44,0,44,1197,,,,
2142,Switzerland,2016,44,0,44,1241,,,,
2143,Syria,1980,0,0,0,0,,,,
2144,Syria,1981,0,0,0,0,,,,
2145,Syria,1982,12500,0,12500,12500,,,,
2146,Syria,1983,27180,0,27180,39680,,,,
2147,Syria,1984,30000,0,30000,69680,,,,
2148,Syria,1985,33080,0,33080,102760,,,,
2149,Syria,1986,630,0,630,103390,,,,
2150,Syria,1987,0,0,0,103390,,,,
2151,Syria,1988,0,0,0,103390,,,,
2152,Syria,1989,0,0,0,103390,,,,
2153,Syria,1990,0,0,0,103390,,,,
2154,Syria,1991,0,0,0,103390,,,,
2155,Syria,1992,0,0,0,103390,,,,
2156,Syria,1993,0,0,0,103390,,,,
2157,Syria,1994,0,0,0,103390,,,,
2158,Syria,1995,0,0,0,103390,,,,
2159,Syria,1996,0,0,0,103390,,,,
2160,Syria,1997,0,0,0,103390,,,,
2161,Syria,1998,4,0,4,103394,,,,
2162,Syria,1999,6,0,6,103400,,,,
2163,Syria,2000,1,0,1,103401,,,,
2164,Syria,2001,1,0,1,103402,,,,
2165,Syria,2002,0,0,0,103402,,,,
2166,Syria,2003,0,0,0,103402,,,,
2167,Syria,2004,7,0,7,103409,,,,
2168,Syria,2005,4,0,4,103413,,,,
2169,Syria,2006,5,0,5,103418,,,,
2170,Syria,2007,4,0,4,103422,,,,
2171,Syria,2008,4,0,4,103426,,,,
2172,Syria,2009,4,0,4,103430,,,,
2173,Syria,2010,18,0,18,103448,,,,
2174,Syria,2011,27,0,27,103475,,,,
2175,Syria,2012,30,0,30,103505,,,,
2176,Syria,2013,25,0,25,103530,,,,
2177,Syria,2014,22,0,22,103552,,,,
2178,Syria,2015,26,0,26,103578,,,,
2179,Syria,2016,27,0,27,103605,,,,
2180,Turkey,1980,0,0,0,0,,,,
2181,Turkey,1981,0,0,0,0,,,,
2182,Turkey,1982,0,0,0,0,,,,
2183,Turkey,1983,0,0,0,0,,,,
2184,Turkey,1984,0,0,0,0,,,,
2185,Turkey,1985,0,0,0,0,,,,
2186,Turkey,1986,0,0,0,0,,,,
2187,Turkey,1987,0,0,0,0,,,,
2188,Turkey,1988,0,0,0,0,,,,
2189,Turkey,1989,0,0,0,0,,,,
2190,Turkey,1990,0,0,0,0,,,,
2191,Turkey,1991,0,0,0,0,,,,
2192,Turkey,1992,0,0,0,0,,,,
2193,Turkey,1993,0,0,0,0,,,,
2194,Turkey,1994,0,0,0,0,,,,
2195,Turkey,1995,0,0,0,0,,,,
2196,Turkey,1996,0,0,0,0,,,,
2197,Turkey,1997,0,0,0,0,,,,
2198,Turkey,1998,0,0,0,0,,,,
2199,Turkey,1999,0,0,0,0,,,,
2200,Turkey,2000,0,0,0,0,,,,
2201,Turkey,2001,1,0,1,1,,,,
2202,Turkey,2002,0,0,0,1,,,,
2203,Turkey,2003,0,0,0,1,,,,
2204,Turkey,2004,1,0,1,2,,,,
2205,Turkey,2005,0,0,0,2,,,,
2206,Turkey,2006,0,0,0,2,,,,
2207,Turkey,2007,1,0,1,3,,,,
2208,Turkey,2008,1,0,1,4,,,,
2209,Turkey,2009,1,0,1,5,,,,
2210,Turkey,2010,1,0,1,6,,,,
2211,Turkey,2011,2,0,2,8,,,,
2212,Turkey,2012,6,0,6,14,,,,
2213,Turkey,2013,4,0,4,18,,,,
2214,Turkey,2014,7,0,7,25,,,,
2215,Turkey,2015,7,0,7,32,,,,
2216,Turkey,2016,13,0,13,45,,,,
2217,Ukraine,1980,0,0,0,0,,,,
2218,Ukraine,1981,0,0,0,0,,,,
2219,Ukraine,1982,0,0,0,0,,,,
2220,Ukraine,1983,0,0,0,0,,,,
2221,Ukraine,1984,0,0,0,0,,,,
2222,Ukraine,1985,0,0,0,0,,,,
2223,Ukraine,1986,0,0,0,0,,,,
2224,Ukraine,1987,0,0,0,0,,,,
2225,Ukraine,1988,0,0,0,0,,,,
2226,Ukraine,1989,0,0,0,0,,,,
2227,Ukraine,1990,0,0,0,0,,,,
2228,Ukraine,1991,0,0,0,0,,,,
2229,Ukraine,1992,0,0,0,0,,,,
2230,Ukraine,1993,0,0,0,0,,,,
2231,Ukraine,1994,0,0,0,0,,,,
2232,Ukraine,1995,0,0,0,0,,,,
2233,Ukraine,1996,17,0,17,17,,,,
2234,Ukraine,1997,21,0,21,38,,,,
2235,Ukraine,1998,22,0,22,60,,,,
2236,Ukraine,1999,0,0,0,60,,,,
2237,Ukraine,2000,0,0,0,60,,,,
2238,Ukraine,2001,2,0,2,62,,,,
2239,Ukraine,2002,2,0,2,64,,,,
2240,Ukraine,2003,2,0,2,66,,,,
2241,Ukraine,2004,2,0,2,68,,,,
2242,Ukraine,2005,4,0,4,72,,,,
2243,Ukraine,2006,4,0,4,76,,,,
2244,Ukraine,2007,4,0,4,80,,,,
2245,Ukraine,2008,4,0,4,84,,,,
2246,Ukraine,2009,4,0,4,88,,,,
2247,Ukraine,2010,4,0,4,92,,,,
2248,Ukraine,2011,5,0,5,97,,,,
2249,Ukraine,2012,6,0,6,103,,,,
2250,Ukraine,2013,6,0,6,109,,,,
2251,Ukraine,2014,6,0,6,115,,,,
2252,Ukraine,2015,7,0,7,122,,,,
2253,Ukraine,2016,9,0,9,131,,,,
2254,United Kingdom,1980,0,0,0,0,,,,
2255,United Kingdom,1981,0,0,0,0,,,,
2256,United Kingdom,1982,0,0,0,0,,,,
2257,United Kingdom,1983,0,0,0,0,,,,
2258,United Kingdom,1984,0,0,0,0,,,,
2259,United Kingdom,1985,0,0,0,0,,,,
2260,United Kingdom,1986,0,0,0,0,,,,
2261,United Kingdom,1987,0,0,0,0,,,,
2262,United Kingdom,1988,108,0,108,108,,,,
2263,United Kingdom,1989,312,0,312,420,,,,
2264,United Kingdom,1990,492,0,492,912,,,,
2265,United Kingdom,1991,606,0,606,1518,,,,
2266,United Kingdom,1992,1240,0,1240,2758,,,,
2267,United Kingdom,1993,1527,0,1527,4285,,,,
2268,United Kingdom,1994,1545,0,1545,5830,,,,
2269,United Kingdom,1995,1551,0,1551,7381,,,,
2270,United Kingdom,1996,1645,0,1645,9026,,,,
2271,United Kingdom,1997,1668,0,1668,10694,,,,
2272,United Kingdom,1998,1635,0,1635,12329,,,,
2273,United Kingdom,1999,1430,0,1430,13759,,,,
2274,United Kingdom,2000,1245,0,1245,15004,,,,
2275,United Kingdom,2001,1130,0,1130,16134,,,,
2276,United Kingdom,2002,653,0,653,16787,,,,
2277,United Kingdom,2003,229,0,229,17016,,,,
2278,United Kingdom,2004,260,0,260,17276,,,,
2279,United Kingdom,2005,193,0,193,17469,,,,
2280,United Kingdom,2006,100,0,100,17569,,,,
2281,United Kingdom,2007,64,0,64,17633,,,,
2282,United Kingdom,2008,69,0,69,17702,,,,
2283,United Kingdom,2009,73,0,73,17775,,,,
2284,United Kingdom,2010,87,0,87,17862,,,,
2285,United Kingdom,2011,97,0,97,17959,,,,
2286,United Kingdom,2012,107,0,107,18066,,,,
2287,United Kingdom,2013,102,0,102,18168,,,,
2288,United Kingdom,2014,114,0,114,18282,,,,
2289,United Kingdom,2015,129,0,129,18411,,,,
2290,United Kingdom,2016,129,0,129,18540,,,,
2291,United States,1980,4136,0,4136,4136,,,,
2292,United States,1981,3955,0,3955,8091,,,,
2293,United States,1982,3529,0,3529,11620,,,,
2294,United States,1983,2941,0,2941,14561,,,,
2295,United States,1984,3203,0,3203,17764,,,,
2296,United States,1985,3385,0,3385,21149,,,,
2297,United States,1986,3994,0,3994,25143,,,,
2298,United States,1987,4367,0,4367,29510,,,,
2299,United States,1988,4910,0,4910,34420,,,,
2300,United States,1989,5716,0,5716,40136,,,,
2301,United States,1990,5634,0,5634,45770,,,,
2302,United States,1991,6009,0,6009,51779,,,,
2303,United States,1992,5838,0,5838,57617,,,,
2304,United States,1993,5465,0,5465,63082,,,,
2305,United States,1994,4319,0,4319,67401,,,,
2306,United States,1995,3884,0,3884,71285,,,,
2307,United States,1996,4380,0,4380,75665,,,,
2308,United States,1997,3567,0,3567,79232,,,,
2309,United States,1998,3283,0,3283,82515,,,,
2310,United States,1999,3033,0,3033,85548,,,,
2311,United States,2000,3662,0,3662,89210,,,,
2312,United States,2001,4579,0,4579,93789,,,,
2313,United States,2002,3935,0,3935,97724,,,,
2314,United States,2003,2956,0,2956,100680,,,,
2315,United States,2004,3818,0,3818,104498,,,,
2316,United States,2005,4282,0,4282,108780,,,,
2317,United States,2006,4083,0,4083,112863,,,,
2318,United States,2007,4267,0,4267,117130,,,,
2319,United States,2008,4254,0,4254,121384,,,,
2320,United States,2009,3831,0,3831,125215,,,,
2321,United States,2010,3487,0,3487,128702,,,,
2322,United States,2011,3295,0,3295,131997,,,,
2323,United States,2012,2879,0,2879,134876,,,,
2324,United States,2013,2783,0,2783,137659,,,,
2325,United States,2014,434,0,434,138093,,,,
2326,United States,2015,413,0,413,138506,,,,
2327,United States,2016,404,0,404,138910,,,,
2328,Venezuela,1980,0,0,0,0,,,,
2329,Venezuela,1981,0,0,0,0,,,,
2330,Venezuela,1982,0,0,0,0,,,,
2331,Venezuela,1983,0,0,0,0,,,,
2332,Venezuela,1984,0,0,0,0,,,,
2333,Venezuela,1985,0,0,0,0,,,,
2334,Venezuela,1986,0,0,0,0,,,,
2335,Venezuela,1987,0,0,0,0,,,,
2336,Venezuela,1988,0,0,0,0,,,,
2337,Venezuela,1989,0,0,0,0,,,,
2338,Venezuela,1990,0,0,0,0,,,,
2339,Venezuela,1991,0,0,0,0,,,,
2340,Venezuela,1992,0,0,0,0,,,,
2341,Venezuela,1993,1,0,1,1,,,,
2342,Venezuela,1994,1,0,1,2,,,,
2343,Venezuela,1995,0,0,0,2,,,,
2344,Venezuela,1996,0,0,0,2,,,,
2345,Venezuela,1997,0,0,0,2,,,,
2346,Venezuela,1998,0,0,0,2,,,,
2347,Venezuela,1999,0,0,0,2,,,,
2348,Venezuela,2000,0,0,0,2,,,,
2349,Venezuela,2001,0,0,0,2,,,,
2350,Venezuela,2002,0,0,0,2,,,,
2351,Venezuela,2003,0,0,0,2,,,,
2352,Venezuela,2004,0,0,0,2,,,,
2353,Venezuela,2005,0,0,0,2,,,,
2354,Venezuela,2006,0,0,0,2,,,,
2355,Venezuela,2007,0,0,0,2,,,,
2356,Venezuela,2008,0,0,0,2,,,,
2357,Venezuela,2009,0,0,0,2,,,,
2358,Venezuela,2010,0,0,0,2,,,,
2359,Venezuela,2011,0,0,0,2,,,,
2360,Venezuela,2012,0,0,0,2,,,,
2361,Venezuela,2013,0,0,0,2,,,,
2362,Venezuela,2014,0,0,0,2,,,,
2363,Venezuela,2015,0,0,0,2,,,,
2364,Venezuela,2016,12,0,12,14,,,,
2365,Zambia,1980,0,0,0,0,,,,
2366,Zambia,1981,0,0,0,0,,,,
2367,Zambia,1982,0,0,0,0,,,,
2368,Zambia,1983,0,0,0,0,,,,
2369,Zambia,1984,0,0,0,0,,,,
2370,Zambia,1985,0,0,0,0,,,,
2371,Zambia,1986,0,0,0,0,,,,
2372,Zambia,1987,0,0,0,0,,,,
2373,Zambia,1988,0,0,0,0,,,,
2374,Zambia,1989,0,0,0,0,,,,
2375,Zambia,1990,0,0,0,0,,,,
2376,Zambia,1991,0,0,0,0,,,,
2377,Zambia,1992,0,0,0,0,,,,
2378,Zambia,1993,0,0,0,0,,,,
2379,Zambia,1994,0,0,0,0,,,,
2380,Zambia,1995,0,0,0,0,,,,
2381,Zambia,1996,0,0,0,0,,,,
2382,Zambia,1997,0,0,0,0,,,,
2383,Zambia,1998,0,0,0,0,,,,
2384,Zambia,1999,0,0,0,0,,,,
2385,Zambia,2000,0,0,0,0,,,,
2386,Zambia,2001,0,0,0,0,,,,
2387,Zambia,2002,0,0,0,0,,,,
2388,Zambia,2003,0,0,0,0,,,,
2389,Zambia,2004,0,0,0,0,,,,
2390,Zambia,2005,0,0,0,0,,,,
2391,Zambia,2006,0,0,0,0,,,,
2392,Zambia,2007,0,0,0,0,,,,
2393,Zambia,2008,9,0,9,9,,,,
2394,Zambia,2009,9,0,9,18,,,,
2395,Zambia,2010,8,0,8,26,,,,
2396,Zambia,2011,1,0,1,27,,,,
2397,Zambia,2012,6,0,6,33,,,,
2398,Zambia,2013,6,0,6,39,,,,
2399,Zambia,2014,6,0,6,45,,,,
2400,Zambia,2015,6,0,6,51,,,,
2401,Zambia,2016,6,0,6,57,,,,
2402,Zimbabwe,1980,0,0,0,0,,,,
2403,Zimbabwe,1981,0,0,0,0,,,,
2404,Zimbabwe,1982,0,0,0,0,,,,
2405,Zimbabwe,1983,0,0,0,0,,,,
2406,Zimbabwe,1984,0,0,0,0,,,,
2407,Zimbabwe,1985,0,0,0,0,,,,
2408,Zimbabwe,1986,0,0,0,0,,,,
2409,Zimbabwe,1987,0,0,0,0,,,,
2410,Zimbabwe,1988,0,0,0,0,,,,
2411,Zimbabwe,1989,0,0,0,0,,,,
2412,Zimbabwe,1990,0,0,0,0,,,,
2413,Zimbabwe,1991,0,0,0,0,,,,
2414,Zimbabwe,1992,0,0,0,0,,,,
2415,Zimbabwe,1993,1,0,1,1,,,,
2416,Zimbabwe,1994,0,0,0,1,,,,
2417,Zimbabwe,1995,0,0,0,1,,,,
2418,Zimbabwe,1996,0,0,0,1,,,,
2419,Zimbabwe,1997,0,0,0,1,,,,
2420,Zimbabwe,1998,0,0,0,1,,,,
2421,Zimbabwe,1999,0,0,0,1,,,,
2422,Zimbabwe,2000,0,0,0,1,,,,
2423,Zimbabwe,2001,0,0,0,1,,,,
2424,Zimbabwe,2002,0,0,0,1,,,,
2425,Zimbabwe,2003,0,0,0,1,,,,
2426,Zimbabwe,2004,2,0,2,3,,,,
2427,Zimbabwe,2005,0,0,0,3,,,,
2428,Zimbabwe,2006,0,0,0,3,,,,
2429,Zimbabwe,2007,1,0,1,4,,,,
2430,Zimbabwe,2008,1,0,1,5,,,,
2431,Zimbabwe,2009,1,0,1,6,,,,
2432,Zimbabwe,2010,1,0,1,7,,,,
2433,Zimbabwe,2011,1,0,1,8,,,,
2434,Zimbabwe,2012,0,0,0,8,,,,
2435,Zimbabwe,2013,1,0,1,9,,,,
2436,Zimbabwe,2014,1,0,1,10,,,,
2437,Zimbabwe,2015,1,0,1,11,,,,
2438,Zimbabwe,2016,1,0,1,12,,,,